PostID,發佈日期,標題,貼文內容,圖片網址
391,2026/05/06 20:04:00,【鬼扣應篇】,"【鬼扣應篇】
你知道「路上的紅包」不能撿吧？
傳說中可怕的冥婚詛咒，到底有幾個人經歷過呢？
由於今年擔任獅子會會長，所以認識了一大堆新朋友
其中有一群叫「獅子會會長同學」的人，就是跟我同屆接任會長的各獅子會會長
其中也有每天都能在電視上看到的命理老師喔～不過我是沒想認識他啦！
還記得我們剛上任時，獅子會辦了一個「新任會長們的聯誼自強活動」，有一個段落是請大家介紹自己
而我就在當時的自我介紹中，直接說「我專做驅鬼的生意」🤣
頓時引來大家的側目，不過有實力是不用太在意啦！
也因為如此，某天一位很要好的會長同學，抓著我的手唏哩花啦的說著他家的故事
他說：「我是姐姐，原本還有位品學兼優的弟弟，爸媽的期待也都在弟弟身上。誰知當年弟弟撿了一個紅包後，大家當然都不能接受，最終弟弟撒手人寰。我有好長一段時間，不能接受這些宗教，他們到底能幫助我什麼？」
先澄清一下，現在不是要戰宗教，而是本質的不同
看不見，怎可能驅鬼？
因為那天的對談，也讓我想起，之前我超想寫的一個故事
某天我帶著客人A去求財，但客人A當天早上出門前和弟弟聊天時，突然有個靈感，是不是該找鬼磕頭來看看弟弟啊？
於是，他就在求財路上跟我說了，他弟弟的事
客人家中經營著某種鍋爐生意，什麼鍋爐我也聽不懂
所以客人弟弟需要按時去客戶那幫忙維修保養鍋爐
就在某次維修時，不幸的意外發生了，客人弟弟從高處落下，在醫院躺了好多天，還好最後人有清醒過來，身體也漸漸恢復，但伴隨而來的是，弟弟就很常睡不好，半夜會醒來，像是無法睡穩一樣
在和客人弟弟見過面並看完他家的狀況後，除了他家滿滿的陰氣外，就是客人弟弟被鬼纏身了
同時客人媽媽又說：「爸爸已經走了，有什麼方式可以安頓家裡原本祭祀的神桌嗎？包含神明跟祖先。」
我很簡單的跟客人媽媽說：「都送走就好啦～」
於是我們就選了一個吉日良辰來處理客人家的靈界問題
先把房子裡的陰氣去除
接著把弟弟身上的陰鬼送走
最後來到退神位和祖先牌位的步驟⋯⋯⋯
只記得當我們一請下祖先牌位時
瞬間在神桌旁就出現了一位厲鬼
我看著厲鬼，厲鬼兇巴巴的站著瞪我？
我大概看了一下牌位裡的先人祖譜，然後平靜的問大家說：「這個人是誰啊？」
客人跟我說：「爺爺當初有冥婚，這是他冥婚的那位。」
我接著問說：「奶奶有同意喔？」
客人跟我說：「當初他們有講好，只要冥婚就沒事，然後奶奶有說，她是正房，女鬼是二房。」
我說：「原來是這樣⋯⋯⋯」
我是一個通靈人
但從我第一天開始學法術，師傅就跟我說：『不可以跟鬼打交道。』
冥婚是什麼概念，就是跟鬼打交道啊！
如果可以冥婚，那是不是也可以把祖先們都當小鬼養著？
為什麼不能養小鬼，卻認同冥婚？
有認真想過冥婚的狀態嗎？
一個死了走不了的怨鬼，找到一個活人寄生
這個活人死了會有些民俗儀式送走他，但這個冥婚的靈體哪時送？
當年送不了，我想也很難有人送得了
所以等於在家拜鬼欸🤣
還是一個厲鬼，陪伴家人直到永遠
以上，觀念分享
結論就是多一個厲鬼要處理
齁～當初看房子時，厲鬼不在家啊😓
雖然少收了一些錢，但有功夫就是很有彈性
反正該做的一定要做給客人，不然就枉費我的能力了
默默地跟厲鬼說：「這個給祢，快走吧～留下來沒好處的，祢也留不住。」
然後跟客人弟弟說：「你會開始可以正常睡到天亮了，有什麼不舒服記得跟我反應。」
因為客人弟弟將是這個家裡最敏感的警報器🚨
與虎謀皮，與鬼求財，人生大忌，不可不防
不懂就不要亂牽姻緣，祂只是走不了，不需要一定要嫁活人
我不用介紹靈界金城武給祂，祂也一定會走，因為我給的是回歸靈界的車票",pic/202605062147520.jpg
390,2026/04/26 21:49:44,【神知鬼識】,"【神知鬼識】
最近開始帶著徒弟一起出門辦事了
偶爾徒弟會給我一些很棒的回饋
讓我這個已經太熟悉的人，回憶一下青澀的時光
請過我的人應該都知道
事實上我看一間房子大約15分鐘內就看完了
剩下的時間都在聊天
但往往這個聊天才是最重要的
因為我所提供的服務就是改變一個人的未來
從思想到行為一步步的改善上去
而形形色色的人們所提出的回應自然都莫衷一是
畢竟大家都看不見我在做什麼🤔
某天離開客人家後
徒弟跟我說：「那個人剛剛說『就這樣』，應該是指師父你就只講這樣嗎？也太少了吧的意思。」
我回徒兒說：「會嗎？我花了1個多小時了欸。」
原來那位施主覺得獲得的很少啊？！
事實上在跟每個人聊天時
都會因為對方的反應，我師傅直接說，回答哪一段
所以我的工作大多是負責轉述完該講的重點
然後我就繼續放空了
連該講什麼都是師傅會指定的啦～我只是那個發出聲音的人
講這麼多都做不到，講也沒用
講這麼久都聽不懂，講也沒用
而且我總是在出門前就確定好
貴客絕對有我幫得上忙的地方
不然我是不會出門的
因為騙路費也是騙，靈界不允許騙人的
如果聯繫時有看見靈界問題，現場沒看見半點妖邪鬼魅，這趟路就不能收錢了
還好目前為止都精準命中，從沒白跑過
我覺得最奇妙的還是某些防衛心比較高的客人
✨有的人神神秘秘的，做什麼都不說，問什麼也不答，然後又要跟我說：「我覺得沒什麼進步欸？」我好想跟他說，你先老實講講你做了什麼吧？！
✨也有的人好像聽不懂什麼才是法術，可能他還是比較喜歡跑宮廟吧？！他還是喜歡每天去擲筊的感覺？！
✨有的客人說很想更好，但卻像上市場挑菜一樣，跟我說這個不要做，先做某部分就好？？
我好想問他說，你去醫院看完醫生回來也都自己配藥吃嗎？那你自己當醫生就好了吧？
這世界上被靈界干擾的人很多，我永遠做不完的
就像有人說，地獄不空誓不成佛，那就真的不會成佛了喔，世上豈有完人？
希望早日教會我的小徒弟們，讓他們也都能跟我一起笑看人生，他人的人生🤣
這個有趣的地方就在於，你完全可以左右一個人的未來，只是你要不要出力而已",pic\20260504151811.jpg
389,2026/04/22 21:06:55,【神來也篇】,"【神來也篇】
如果可以多幾隻手是不是很奇怪？！
但如果多的手是全自動的好像蠻不錯的
大家知道當老師是有旺季的嗎？
通常過年總是特別忙碌的時候
因為前一年的工作要收尾了，滿意的客人會回購續約，新客人也會在這時候開始加入
基本上大概就是每天都在接單、理貨排出貨的狀態
但大家應該也都聽過「年關」這個東西吧？！
除了人間的事務要結算、自然界的節氣要調整，有時候鬼鬼們也很喜歡這時候來插一腳
這是什麼概念呢？？
因為人類看不見祂們，所以如果真的造成負面影響，就讓人們聯想成年關就好了
鬼鬼們就是偏負面的一種能量，所以做事風格也偏低級，假借名義當然也是祂們慣用的手法之一
過年前的某天⋯⋯⋯
對！都農曆三月了，我現在才在寫過年前的事
因為太忙了嘛～請各位見諒😓
那晚有三個人有遇鬼的狀況可以處理
一個是嚴重鬼纏身的客人，那幾天狀態又不太穩定
一個是已經處理好的客人，但那幾天又感受到有奇怪的感覺
一個是我親戚，他沒有付過半塊錢喔！但有事還是會來情勒？？
為什麼處理好的客人還是會有奇怪的感覺呢？
因為人界不像靈界永恆不變，一切都在興衰輪替之中，所以法術也會因為時間的流逝而衰弱，需要再調查或微調
同時，這也是陣法的玄妙之處，它是一種活著的能量，雖然沒有過多的意識，但仍可執行一定的工作。提醒客人，該打給「鬼磕頭」了
有人跟我說那就不要保固，應該使用者付費啊？！
道理好像是這樣，但是人就是看不見啊，如何要求一個瞎子自己知道天黑了
所以我才提供「保固」服務：
1.就看不到怎麼知道有沒有處理好，今天好明天不好，怎麼界定？
2.只要不是當事人自己招鬼，簡單處理一下很快就好了啦～幹嘛這麼計較，反正我天天都見鬼🤣，也謝謝大家相信真正的法術
由於事務繁多，我那晚睡前便寫信邀請三方鬼眾前來相會
相會要做什麼，當然是要祂們乖乖的囉～
但祂們本來就不是多乖的東西，但有見上面都是好的😇
然後我就好好的睡去就可以
只記得我當時像寶寶一樣擺著「投降式」睡恣在自己床上，也不知道是睡到幾點了，但突然有東西來了，祂就在我房門外的神明廳
祂懸空出現在了神桌前，我的靈魂同時在床上坐起望向了神明廳
一個想法後，我的意識隨著空氣來到神明廳
看著黑黑灰灰的鬼，祂漂浮在神桌前虎邊的地板上
忽然間，祂抬起了頭看向我，我的身體吞了一口口水，順著喉嚨的擺動方向，我的靈魂回到了床上
身處投降式睡姿的我，讓我覺得不是很好輔助我施力，當我正準備轉換睡姿時
惡鬼瞬間來到了我的床上，祂用力壓著我的身體，此刻我再次感受到鬼壓床的靈壓，原本準備調整姿勢的我，頓時無法動彈
由於當下雙手仍處於投降式睡姿，正當我苦惱著該怎麼做時，我發現惡鬼同時也控制住了我的雙手，導致我的雙手僅能緩緩內縮，直到我的雙手像第一神拳主角一步要施展「羚羊拳」時的姿勢
好的！現在我的手好像真的完全動不了了
而那惡鬼還壓在我的身體上🙄
就在我們僵持不下之際，我的兩個太陽穴上分別長出了一支菩薩手，就是千手觀音背後沒有拿法器的那種手
這兩隻手出現後，瞬間在空中做出手刀的動作，一起劈向壓在我身上的惡靈
惡靈因為看見我多了兩隻手被嚇到，同時又受到兩個手刀的劈擊，順著攻勢祂退出了我的房間，站在我房門外的廁所門口
我一個箭步，在廁所門口將祂踢落馬桶🚽，接著縮回身體裡，翻個身繼續睡去
如果叫鬼來聊天，祂真的來我家，90%是來打架的，打贏也是談判的一種方法；去看祂，大多是有事相求
菩薩手工作完後就自己消失了，沒有收道具的必要
只有馬桶還在那裡，廁所常常可以充當鬼魅的安全門",pic\20260504153908.jpg
388,2026/04/16 03:24:06,【公告】,丙午年桐月補氣和安太歲儀式完成,
387,2026/03/28 20:44:12,【公告】,丙午年花月補氣和安太歲儀式完成✅,
386,2026/03/09 00:15:00,【神知鬼識】,"【神知鬼識】
你請過老師嗎？
不論是看風水、排流年或是取名字的老師
那你會懷疑老師能不能幫上你嗎？

雖然我看得見靈界的東西
但這些看得見的學問，我原本也是一竅不通
大約我高中左右，那時候很流行電視節目在介紹居家格局怎麼看
電視上最常介紹的就是，房子進門45度是財位，可以放些招財的東西
但我怎麼看我家45度角就是沒有財神啊～這樣算財位嗎？放這些招財物品有用嗎？
反正那時我也還在求學，看看之後當然也沒多去深究

出社會後，漸漸開始認識一些成功人士
同時也發現有些成功人士都有在請老師看這個看那個的
當時我大概就是開始學習送鬼和醫鬼的小法師階段
經人介紹後，我也去上了一位老師的幾堂課，蠻便宜的那種

只記得老師截錄了好幾本古籍的內容
大致告訴我們各種風水看法的邏輯
然後課後帶著我們上山下海去實地看看山脈走勢，讓我們了解怎麼看這個案山在哪？靠山在哪？
但當時授課的老師也蠻怕鬼的，所以他也找了一個通靈人跟他搭配
只是老師身後的鬼，我也沒看那位通靈人出手幫老師解決

之後當我的法術越學越多
我也開始幫客人大概看看風水格局
而我看的重點就是這裡有沒有這個東西？
格局有煞，不一定真的有煞
風水一級棒，不一定沒有鬼盤踞游移
隨著客人越看越多
我漸漸發現原來這麼多看風水的方法裡
有一些方法，是鬼也會遵守的規則
當我們能知道怎麼遠離鬼這種負面磁場，那人生就更加趨近善了

所以「地師學院」所要傳授的課程
就是靈界通用的「有形法」
內容包含：
1.五行法
2.陽宅格局法
3.陰宅風水法
4.姓名學法
5.數字法
等等，人生遵循了有意義的方法
不是習俗，也不著墨於「鬼都不信」的方法

之前客人幫我介紹了一個新客人來求財
這位新客人的本職工作是在新竹當工程師
在下班的閒暇時間從事「塔羅」和其他類玄學的兼職
然後他想諮詢我能怎麼幫他招財

大致了解他的狀況後
我自己內心都充滿了疑問
你自己當老師，然後來找我求財，那你教你客人的是什麼？
你不是去跟別的老師學的嗎？你的老師沒教你怎麼招財嗎？
我後來決定，還是不要幫這種怪怪的人，免得增加他出去害人的機率

最後
最重要的是「地師學院」成就的地師
絕對不會看風水看到自己鬼纏身喔～
雖然你沒有通靈的能力，但我還是會保護我的徒弟的😊",pic\20260309_0015.jpg
385,2026/02/22 14:38:18,【公告】,心還在年假，所以沒寫新文章🥱,
384,2026/02/15 12:59:04,【公告】,丙午年一月補氣和安太歲儀式完成✅,
383,2026/02/09 14:47:15,【公告】,"因為發財金滿單，做不出來。
所以沒空寫文章，下週再寫。

預㊗️大家新年快樂🎉",
382,2026/02/01 15:59:20,【神知鬼識】,"【神知鬼識】
你會想學法術嗎？
你覺得凡人學得會法術嗎？
基本上我也是凡人的一種，只是有一點天賦
但天賦應該都是一樣的，你不努力有天賦又有什麼用

還記得當年陳老師招收學生時，也曾力邀爸爸好友的小孩來學
爸爸的好友滿頭問號的問我說：「你覺得我兒子學得起來嗎？我也擔心陳老師只是想收學費。」
直到今日我也還是一樣的答案

如果明天要出國，你的行李中會帶什麼東西呢？
每當你回國後，打開裝滿戰利品的行李箱，當初帶出去的東西，每個都有用到嗎？
我想通常不會用上每一個帶出國的東西，但它應該都是可能會用到的，頂多是備而不用，而非毫無用處

現在教育普及，天上掉下一坨鳥屎，打到的可能都是碩士了
你會覺得念書是沒意義的嗎？
千年前教育不普及，唯有讀書高
現在教育普及了，我看讀書也沒有比較低
因為那學得是一個水準？
一個基本的概念？
一個應該有的邏輯？
一個起跑點的標準？

把這個想法放入人生之中
人總會當天使的，當天使後就要學法術了
那活著時能學要不要學一點？
不然你覺得那些財富自由的富人，怎麼這麼愛玄學🤣
只有體會不到，不是你用不到

天相法門顧名思義傳授的是法術
取名天相是因為，靈界與人間一樣，只要出門即可能充滿競爭
我們不以天自居，畢竟天外有天
但我們如同識途老馬般，有著非凡的眼界
我們雖然不代天執狩，但我們看得懂，插得上話
審時度勢，觀星望斗，知其玄妙，以巧勝拙

人生這一局，你若知道再走一步，你就贏了，想知道嗎？
你若知道已經輸了，再走一步，你又贏了，你想知道嗎？

如果今天大家都有法術，你就想動法了嗎？
真正的法術是，有法不動，即得法功

舉例一下，今天遇到一個客人撞鬼了
先遠遠的做個儀式，請天兵大仙前去拆鬼的台，讓鬼所在的地方一切都不一樣了
然後就會進入，「鬼」撞鬼期，鬼會開始覺得煩躁，被弄了
通常這時候70%的鬼就撤退了，畢竟沒見到人都打不贏了，需要見嗎？
剩下30%有執念的，可能最後會千里迢迢來找我一決雌雄
然後就輕鬆的撂倒祂就可以了

畢竟學仙術的很難打輸鬼
再讓那個鬼覺得我比祂還像鬼
就結案了

將樸實無華的外衣，包裝千變萬化的法術
用單純良善的心，薦請神靈撫慰憐憫世人
以當仁不讓之心，謙遜的完成能做的一切
就是天相能做的事",pic\20260201_2359.jpg
381,2026/01/25 17:13:59,【神知鬼識】,"【神知鬼識】
你覺得什麼是世外高人？
住在深山樹洞裡的修者？
還是你家隔壁那個不起眼的人？

小時候的我覺得能放下一切物質需求，住在山巔深潭裡的才是我心中的世外高人
畢竟他不為塵世所苦，歷經修煉才能成就如此功德
但是他若遠在天邊，他修的這麼好，又有什麼用呢？
畢竟山川湖泊應該都不需要他的度化了

現在的我倒覺得能在塵世中，不為金錢所惑，且能為他人指點迷津，才是高人吧
如同故事裡地藏王的心願，地獄不空誓不成佛
也像我們為什麼要投胎出生一樣，就是要在一個可以墮落的地方，才能煉得真心
這才是所謂的「出淤泥而不染，濯清漣而不妖。」

當然高人原本也是一般人
然而等當上高人以後就需要複製出更多高人
因為被度是一種成就
度他又是另一種成就

有人曾問我：「你這麼年輕就要開始教人喔？！」
同樣的答案是，故事裡八仙的漢鍾離為什麼要點化呂洞賓呢？
此外，那些鬼都不信的老師都教成這樣了，也是需要像我這樣的清流吧🤣
畢竟這也是「靈界諾貝爾奬」的一個項目

所以我將開設兩種專業學程
一為「天相法門」：以學習無形法為主
二為「地師學院」：以學習有形法為主
為什麼要分開教呢？！因為怕太難了，沒人學得會
想想當年陳老師一次教了10個要學無形法的學生，現在可能只有我會吧？？

而我因為天生是一位通靈人
所以我的學習順序是從「無形法」學到「有形法」
我的立基點是「無形法」，「有形法」只是我的應用而已
但是能用出靈界能通用的「有形法」也是不容易的，因為前提是自己也要懂「無形法」
也因為這樣我對「無形法」的鑽研較深，「有形法」就沒學到最高段位

順帶一提
之前有認識一個在看風水的朋友，但他自己背後都是鬼🤣
原本是有要去他家幫他看
但在出發前，他問了我一個問題：「那我如果給你看完後，處理好，再繼續幫別人看風水，還會再被無形的跟上嗎？」
我當時的回答是：「等看了才知道欸。」
之後他就跟我說什麼老婆不同意之類的，所以就沒去他家了

我自己就看得到啊～
當然我教的學生怎麼會被鬼跟上🤣
誰叫他要亂學一些老師自己都看不到的門派
他老師是賺得盆滿缽滿，但鬼又不會因為你有沒有錢而不找你

那他為什麼還想繼續幫人看風水
因為很好賺啊！
我看過他的收費標準喔～
我當下的想法是，你根本在騙吧🤣

當你也能默默知道他人的未來
才是真正考驗你分寸的開始",pic\1512219707574581.jpg
380,2026/01/18 16:46:07,【神知鬼識】,"【神知鬼識】
你安太歲了嗎？
應該大部分的人都安好了吧？！
今年大概農曆十月就有人在問我明年安太歲的事情了

一方面是因為大廟信徒眾多，才需要這麼早開始招生
一方面是師傅不會准我這麼早開始做這件事喔！！
上一位太歲的工作都沒做完，就開始收下一位太歲的生意，這也跑太快了吧🤣

在法術的世界裡
按部就班是非常重要的觀念喔
如果哪天有人開始跟我學法術了
我也會非常重視這個概念的

就在上週完成了乙巳年最後一個月的補氣和安太歲儀式
所以這週才可以開始準備明年的份
明年要補氣和安太歲的生肖是：
1.馬
2.鼠
3.牛
4.兔
5.雞

為什麼是他們呢？
這是蠻基本的五行學
如果以後開「有形法」課程時，也會教這個喔～
突然覺得能教的東西好像很多🤣
不知道自己需不需要的人也可以問我喔～
認真踏實的基礎法術，可是人生旅途上不可或缺的奇妙奧援

另外
年底也是求取發財金的時機
事實上燒發財金也是一個蠻有趣的學問
所以未來這也會成為課程的一部分

明年有需要
1.［補氣跟安太歲］還有
2.［發財金］
的朋友們可以開始登記了喔～～～",pic\1505750434888175.jpg
379,2026/01/15 14:26:01,【公告】,乙巳年嚴月補氣和安太歲儀式完成✅,
378,2026/01/11 16:32:10,【神知鬼識】,"【神知鬼識】
俗話說：「放下屠刀，立地成佛。」
如果沒放下屠刀，能成佛嗎？

基本上這裡所說的佛
當然不是真正的佛
類似中文文法中虛數的概念
是一種超脫的意境
如果你能放下執念，即得解脫之意
但是說句大實話
我若能解脫，真的需要放下執念嗎？
答案當然是否定的

在高級靈界中
執念也是被掌握的一種成分
真正的神
可以化作乞丐度一個人
也可以化作富翁度一個人
只是程度的拿捏
沒有執念的成分

而我此生所遇見的鬼們
都是走不了的怨鬼
當然大多死的不好，若是死的好還當上怨鬼，應該會更怨吧？！
但事實上就是這樣，誰說死的好就不會當怨鬼呢？！
是否有執念是自己的選擇啊～
與你怎麼死有什麼關係呢？？

因為我的法術本來就是拿來度這些卡住的人的
祂沒卡住怎麼會需要我度祂
我若度祂還要管祂怎麼死的
那我怎麼度祂

所以之前所提的三種「往勝神券」自然都沒有這樣的限制
也就是說，不管你怎麼死的，往勝神券都會履約帶祢去你想去的地方
病死的算什麼
意外死的算什麼
只要你不是自殺死的就好了
只要你死了就可以了

那些追求「壽終正寢」的人
某個程度上也是一種執念啊～
貪生怕死都是可能有錯失的
不要自找死路就好

好久前
我已經開始幫人送鬼後
鬼都不知道送多少個去了
但我還不確定自己死了會怎麼樣
所以那天我翻了一下金剛經
然後我有把一部分寫上來

這個心法才是人生需要知道的東西啊！

說了好久的「靈界通識課程」
即將開學～
期待大家一起來學學真正的靈學知識",pic\1499881828808369.jpg
377,2026/01/04 17:43:21,【神知鬼識】,"【神知鬼識】
你想當神嗎？
我認真覺得想當的比較容易當不上🤣

終於要講到「往勝金券」的效果了
事實上
神界是沒有想讓人去的啦～
畢竟
每個神都是經歷了無數考驗才當上神的
憑什麼做了些事就一定要給你當神
我是看不懂怎麼會有人一輩子都在叫人要學佛成佛
真以為當上了像你想的這麼爽嗎？？

我第一次看凡人成神
就是陳老師幫亡者申請去當土地公
這故事我之前就寫過了
有興趣的可以往前翻看

那我什麼時候開始想介紹人去當神呢？？
事實上第一個是誤打誤撞
靈界就排祂去某個神界修行，認真說還不是神，但住在神的世界裡
只要這樣一直住下去是離成神近很多啦～
畢竟鬼界根本沒有路可以去神界

然後第二位就是之前提到去當「飛天」的客人
這次是客人真的習佛一輩子，死後師傅看祂紀錄不錯，主動跟我說可以送祂去當神仙
這次當神仙就是直接給一個神位，只是要從頭學過，畢竟人間學的佛法在靈界是沒什麼用處
然後我因為要幫祂申請到神界，一路上到處跟其他神明交涉，最後才決定把這當作一個服務項目的

畢竟像我這樣的身分
能在人間推行某種法術，對我以後死了回去靈界來講算是蠻加分的
就像是我實踐過哪一種科學一樣
可能人類拿的是諾貝爾奬，但我死後可以去靈界領「人間法術實踐奬」

往勝金券就是
當事人可以選一個自己死後想去的神界
然後我先去跟神界講好，請在他死後，帶祂去學習
至於死時能當上那個神界的什麼位階，就要看當事人自己生前的作為了
自然是積極的就會被排上面一點的位子
做很差的可能直送地獄喔🤣
畢竟有靠關係也是要看一下基本條件的

目前確定
如果領了往勝金券但
1.自殺
2.故意害死他人
一定是不會讓祢進神界的
神界沒有這麼低級的bug 

以往總是拜託神明說
這個亡者想回靈界，請在靈界幫祂安插一個位子
大家應該可以相信靈界是無邊無際的吧？！
大神自己的世界，就是自己想想就變成那樣的世界了，然後裡面住著自己的眷屬
當某位亡者想回靈界，就是神去靈界要一個位子這麼簡單而已，就算原本沒位子也可以憑空生出來
畢竟那是精神的世界

往勝金券就是把
原本向普通或低階靈界申請一個位子的事情
改成向高級靈界申請一個位子
高級靈界也是無邊無際的啊～
就多一個位子而已

同時
這個做法也不違背靈界勸人為善的宗旨
多一個人來學習怎麼更積極的思考，有好沒壞
只是這個靠關係進去的人，會像是小朋友直接進博士班上課一樣
不過靈界本來就沒有時間的限制，學久了都會慢慢懂的",pic\1494147719381780.jpg
376,2025/12/28 17:20:39,【神知鬼識】,"【神知鬼識】
好像很多人都想要修，但他們到底想修什麼？
你會想修嗎？那你知道該修什麼嗎？

大概在拜入師門後的兩三年左右
某日師傅安排我到某個靈界參訪
只記得在那個煙霧飄渺的世界裡
寧靜潔淨的街道就像一塵不染的優質社區
天空是明亮清爽的陰天
街上沒有嘈雜的人群也沒有急駛的車輛
我被安排拜訪某一戶人家

踏進前院後緩緩走進大門
靈界的門是不用開的，只要是你可去的地方
門扇並不會有打開的動作，但人會像空氣一樣直接穿透
走過客廳還沒看見半個人影，難道這戶人家不在嗎？

再往裡走去，來到廚房
我看見一個披頭散髮的鬼魂站在爐台前
祂蓬鬆的黑色長髮從後面看起來與一般遊魂無異
正當我內心思考著：「原來這是一個鬼的家嗎？」

我走到祂的左手邊
祂緩緩將頭轉向左邊與我對視
突然間
祂蓬鬆蓋臉的黑髮，瞬間變得柔順平整，每根髮絲都順著我的目光，整齊的退至祂的耳後

祂自信的露出祂光彩照人的臉龐
輕輕的說了一句：「你來了！」
在祂從容的姿態下，我看到了此生最「自在」的笑容
那是一種即便沒有華服伴身，也清雅不凡的氣質
想不到「鬼」也有這樣的「境界」

隨後祂輕手一揮，冰箱的門自然開啟
裡面看似空無一物的層板，應祂所許
直接打出一顆雞蛋，落進祂伸手就出現的平底鍋上
優雅的在幾秒內煎好了祂的早餐「荷包蛋」

祂說這是一個「自在」的世界
一種與世無爭的基本仙境
房子是公發的，沒有工作的必要
屋裏的一切物質都可以自己供給，憑空出現
想出門就出門走走，想在家耍廢就清閒的生活
當時祂自己過著獨居的生活，沒有其他靈與祂同住

我不知道人們想修的是什麼
但我想「自在的境界」是基本的超脫之道
往勝銀券可以帶領亡者前往這個自在的世界生活
雖然沒有修仙的積極性
但在擁有基本仙術的配給後，當個清閒的半個神仙也是不錯的選擇

我的奶奶最後也是來到這種世界生活
但因為祂孫子有點關係
師傅派了一位女將軍隨侍在側

只有人民才需要軍隊保護
所以也只有鬼才需要將軍護持
我真的沒看過哪個神帶著兵將出門的
帶著鬼出門的還比較多",pic\1488513023278583.jpg
375,2025/12/21 17:46:32,【神知鬼識】,"【神知鬼識】
你以為的靈界是什麼樣呢？
可能和人間也有雷同之處
為什麼我這麼說呢？！

還記得有一次跟朋友說我的這個新能力「靈界生前契約」時
他很平淡的跟我說：「回得去就好了。」
也就是他覺得往勝銅券就夠用了
但我怎麼看都不是這樣

小時候我跟奶奶感情很好
畢竟她帶我長大了一段時間
不過天下無不散的宴席
在我高二那年奶奶去當天使了
我是大二才認識師傅的
所以當時我的靈能力全憑「天賦」

雖然奶奶走了
但她起初每三個月會跟我在靈界見上一面
之後是每六個月
然後每年
每兩年
每三年
到最後的不太見面

因為奶奶的關係，我跟著她到了好多不同的靈界去跟他見面
奶奶也可能因為我的關係，我一直去看她，逼上頭給她換空間🤣

基本上靈界離地球蠻遠的了
這條路不是直線，有人帶可以走的快一點
然後其中有各種蟲洞，像是「快速通關」的概念
依照接你的人的等級決定有幾個快速通關
而接你的人的等級決定於被接的人的等級

當初奶奶大概是走了人間的三個月左右，抵達第一個靈界
一個剛死者的待轉換區
在一棟美式雙層木造房屋內，連奶奶共住了四個剛死的鬼魂

六個月後，奶奶去到第二個更深層的靈界
那是一個像是戰後嬰兒潮的世界
街上人山人海的鬼魂
大家像要工作般忙碌的來來去去
鬼走路是不露臉的喔～
滿街的無臉男女匆匆而行
總覺得這個世界壓抑又紛亂

隔壁有靜謐的無光世界
這個世界沒有任何一盞燈，也沒有日夜的交替
永遠就那一輪明月，淺淺的照亮來去的路
因為無光世界的原因，路上的鬼是很少沒錯
但階級不流動，若是當遊魂，一輩子只能看著別鬼家漆黑的大牆
要找到自己住的那間看起來也是一個問題

另外還有個枉死世界
裡頭有古代的城池圍繞，基本上走不出城的，畢竟沒有城門
在那當鬼感覺像在服刑，偶爾有城主前來欺凌
若是換不上彩色的華美服飾，就是奴役的身分
永遠沒有下班回家的那天

往勝銅券的效力就是一定能回到上述所提到的待轉換區
然後再因為自身的條件發配到下一個靈界去
但老實說
也可以在待轉換區等上不知道多久喔～
畢竟那個世界沒有時間的限制
等不老人也等不死人😅",pic\1482819423847943.jpg
374,2025/12/18 16:05:20,【公告】,乙巳年寒月補氣和安太歲儀式完成✅,
373,2025/12/14 16:40:11,【神來也篇】,"【神來也篇】
伊索寓言裡的一句名台詞
湖中女神：「你掉的是金斧頭、銀斧頭，還是普通的斧頭呢？」

我倒是想問：「你想要的是金斧頭、銀斧頭，還是普通的斧頭呢？」

自從上次193個冤鬼可以只送走1個後
我便有個預感⋯⋯⋯
就是我可以開啟一種預訂的法術
原因大概有兩個
其一是既然我可以擺脫祂現世的羈絆緣分
其二是這種這麼久還在人間站的，一大堆！
總是要有人可以協助解決這個傾斜的問題

而人死後能去到的靈界大概可以分成三種
一種是以人生的作為換算果報，前往相應的靈界
二種是進入無垢無淨的上等靈界，過著逍遙自在的生活
三種是晉升仙聖的優等靈界，以不同的角度再應未來

原則上第二跟第三種都是可以擺脫輪迴，再修仙聖的結果
為什麼靈界能同意有人可以做到這件事？因為適度的讓人知道靈界的玄妙是符合靈界指導方向的做法
只要有能力就可以開啟這樣的服務

在法術的世界裡
大部分鬼怪的階級比較低一點
而這些鬼怪就是學了法術後的試金石
當然不可能是去跟神仙打架

當一個現世鬼怪干擾上一個活人時
就是法術可以派上用場的時候
但活人本來就不會法術
所以就像台詞裡說的「天地無極、乾坤借法」
能向仙聖借法的人，因為得到仙聖的認可，借出法術後影響了鬼怪，從而對活人產生改變

所以學會法術後
這個人一定可以跟神溝通，畢竟要拿出法術來治鬼怪
所以我才會說，只看得到神，看不到鬼也太奇怪

如果一個人可以讓鬼怪改變祂的狀態
那這個人自然也可以請仙聖改變一些事情
因為鬼怪與仙聖的本質都是靈
只是一個高級一個低級而已

所以自此產生了三種靈界生前契約
往勝金券：在斷氣後前往仙聖的境界生活
往勝銀券：在斷氣後前往無垢無淨之界生活
往勝銅券：在斷氣後依自身修爲必返靈界生活

這三種結果也是我一直以來處理的方式，下次再來一一介紹三券的實際狀況",pic\1477010464428839.jpg
372,2025/12/07 17:52:53,【鬼扣應篇】,"【鬼扣應篇】
你常行駛高速公路嗎？
你知道高速公路上也很精彩嗎？

因為客人的介紹
認識了一位住在山上別墅的貴婦姐姐
貴婦姐姐的房子⋯⋯⋯看起來蠻可怕的

同時貴婦姐姐的家人
剛自國外投資的工廠裡，劫後餘生回到台灣
一整個家裡全不順的感覺

但這都不是貴婦姐姐最在意的
什麼都聊完後
貴婦姐姐主動跟我說了一件事
就是在她還小時，父親就因為意外離世了

在她所知悉的消息裡
當時父親從南部北上，趕夜車要將台北的貨拉回南部
很不幸的就在69年的深夜高速公路上
因車禍重傷後，轉送回到南部的醫院裡，最後仍因傷重不治而離開了她們

父親是否有擺脫意外的禁錮，開心的離開人世去當天使才是她心心念念的重點

在經過確認後
她父親竟然真的尚未離開公路
貴婦姐姐不忍的問我說：「那你可以幫我送爸爸走嗎？」
我說：「這個當然是沒問題，但你其他的狀況呢？」
貴婦姐姐堅定的跟我說：「爸爸的事是我第一優先的。」
我最不會勉強人了，所以我說：「好～🤥」

還記得那天幫祂進行儀式時
我準備了滿滿一桌的紙錢
畢竟等了40年了，要盡量讓祂快一點順利一點才好
當我點燃第一柱香，調來當事人靈魂後
咚！咚！咚！咚！咚！～～～

當事人身後像骨牌般跳出來的鬼魂
一個接著一個，一批接著一批
我看大約192個⋯⋯⋯⋯
我轉頭向師傅說：「師傅我這紙錢不夠分欸？！」
師傅什麼也沒說，一如既往的淺淺的微笑
我知道了

師傅的意思是，只有送當事人一位
其他的全部要回去路上繼續等自己的緣分
就這樣
一直到儀式結束燒完紙錢，大夥才慢慢的離開
我回覆了貴婦姐姐說：「令尊已然上路了～」
貴婦姐姐說：「那我能再見祂嗎？」
我說：「通常很難，但祂會感謝妳的。」

事後
貴婦姐姐其他的狀況都沒有要處理
雖然對我來說好像失去了什麼
但因為這件事
我領悟了一個新的法術，就是靈界的生前契約
下回終於可以來講很棒的生前契約了

最後還是想提一下
貴婦姐姐還是會有新的狀況的喔
這種不解決的循環，將永遠跟著誰
有機會再來講這個我透過大家的人生，歸結到的結論",pic\1471183308344888.jpg
371,2025/11/30 15:42:25,【神來也篇】,"【神來也篇】
你有參加過廟會活動嗎？
或是你喜歡看廟會嗎？

小時候我也蠻喜歡看廟會的
畢竟看舞龍舞獅跟很多神將在路上走是很新奇的事情

不過自從六年級開始見鬼後
廟會就不這麼吸引我了
畢竟廟會裡看得到神的不多

因為爸爸的關係
這幾年有參加一間宮廟去當工作人員
因為廟裡目前沒有自己的乩童
所以某些事會擲筊決定
有些是聽其他乩童轉述
我呢就當一個閒散的工作人員而已

但因為上次去錄影
節目播出後就有一些人因為節目知道了我的事情
偶爾他們會很隱晦的看看我有沒有要說什麼
但放心
我通常什麼都不會說
畢竟我可不是亂講話的人

今年進香很特別的體驗是
竟然被安排來扛二抬神轎
但是應該是看不出我有任何興奮的神情
畢竟會流汗的事我不是很在行

就這樣跟著隊伍來來去去到了好多間宮廟參香
以前我是神不在絕不拿香的人
但今年因為爸爸不克前來，我盡量能拿就拿一下香表示一下
後來想想這樣也不錯，不要太容易被摸透，保持神秘比較有趣

正當我們的隊伍來到照片裡的土地公廟時
香客裡的一位大哥突然跟我聊到：「神有在轎子上嗎？！」
我忘記他怎麼會問這個問題了
我說：「不會啊，大部分神明都喜歡坐大轎，我抬的小轎就是一個幌子🤣」
大哥說：「不是走前面在當先鋒？」
我說：「靈界不需要先鋒的欸！」

所以像白沙屯媽祖們一直自己搭轎指揮的神明
是蠻值得我們給祂們拍拍手的
畢竟祂們願意紆尊降貴停在人間一大段時間是很少見的
不過祂們同時可以處理靈界的事物啦～
千萬不要以為祂們專心一致的在做一件事
都可以分靈了，分心算什麼🤣

停留一段時間後，部隊又要起駕去下一站了
我再次抬起我的小轎
這次神靈坐在轎子上了
但祂沒有說話，我也沒有說話

這是兩天行程以來
進香路經的七間宮廟裡，我的轎子上唯一有坐神的一段時間
大約5分鐘⏰",pic\1465357075594178.jpg
370,2025/11/23 10:35:58,【神知鬼識】,"【神知鬼識】
「無」字
它表示的是「沒有」，但它是一個看得見的字

昨天晚上在臉書上看見朋友A發了一張照片，照的是他家神桌的樣子
我認真的看了一下，心想桌上的神像怎麼有點不一樣？？
我便用Messenger 問了朋友A：「觀音像是不是不一樣？」
然後我又再更仔細的看了一下照片，桌上的神像幾乎都不一樣了欸！

兩個小時後
我和A的共同朋友B打電話給我說：「欸！你有看到嗎？」
我說：「看到什麼？」
B說：「A的神桌啊～」
我說：「有啊，那個觀音像是不是不一樣？」
B說：「對啊，我有打給A。」
我說：「A說什麼？」
B說：「A只說就換啦～」
我說：「這麼輕鬆喔？！」
B說：「A有說什麼，神桌前的大樹有煞氣什麼的，所以換了神像。」
我說：「那煞氣不是也還在那嗎？」
B說：「A說煞氣也處理好了。」
我說：「那為什麼要換神像？怎麼不是直接處理煞氣？」
B說：「我也聽不懂A是什麼意思。」

A一直都對宗教蠻有興趣的
他之前也有在家念經的習慣，不過我沒在他家看到鬼
他家神桌前的大樹我也見過，當時是沒有煞氣啦～
突然覺得樹蠻無辜的

A最近跟一些人走的比較近一點
那些人也在經營宮廟，我有去過一兩次，聽說還有不少信徒，但我記得我在那看見很多鬼
宮廟沒有不好，但亂搞不好

我後來思考了一下這個狀況
感覺蠻多人都以有形的方式在處理無形的問題
他們都看不見鬼，但是卻看得見神
明明就是滿街的鬼，並沒有滿街的神
就像不會有滿街的大明星，只有普羅百姓

神桌前的大樹屹立不動的站在原地，但煞氣處理好了
神桌上的神像卻已煥然一新，當然也處理好了
為什麼大樹不用改，神像卻要換
很多事只能留在心裡慢慢玩味了",pic\1458860046243881.jpg
369,2025/11/19 13:56:02,【公告】,乙巳年初冬補氣和安太歲儀式完成✅,
368,2025/11/16 15:39:51,【神知鬼識】,"【神知鬼識】
當年殭屍片的一句台詞
不要問我為什麼記得😅
雖然我沒辦法製造出一個殭屍
但殭屍的運作原理還是可以理解的
若是毀壞殭屍的物質本體
當然它就不可能再害人啦～
至於荔枝木的功用⋯⋯⋯
只能說我覺得是虛有其表

之前幫美國客人趕走椅子裡的惡鬼後
某天朋友問我說：「那把椅子燒掉呢？」
再加上上次分享的「遠方親戚火化後的狀況」
突然讓我覺得「火」不愧是人類文明裡的重要元素

然而一個鬧鬼的物體
究竟適不適合燒掉呢？
我想答案是否定的

因為「靈魂不滅」的想法應該可以從這得到很好的應證
燒掉這個看得見的物，並不代表裡面的意識界的結束
如果這樣能結束，椅子裡就不會有惡鬼了
畢竟鬼的定義就是死掉的人

親戚家已走兩位至親
我看那個「奇怪的東西」也是還在
所以我覺得真的遇到鬼時
燒掉宿主是沒有什麼意義的
總不可能客人被鬼纏身
我請他也去死吧🤣

在靈界中存在著各種法術
象徵光明的神仙與相對應的魔鬼都有自己能操作的法術

假設魔鬼以法術和這個物體產生了相對應的連結
根本之法還是要將魔鬼驅逐出這個物體
因為在驅逐的過程中
魔鬼的法術會被擊潰
魔鬼也會因為失去能力而離開這裡
不過失去依附的魔鬼會去哪？
沒有人可以保證
是否逃跑的魔鬼會產生新的問題呢？

所以華倫夫婦為什麼會有一個邪惡的物品博物館
專門收集那些他們驅魔後的物品

當然他們夫婦是非法術系的人類
所以才會選擇封印這些物品
讓裡面的惡靈隨著物品被管制在一個區域內
但真的管制得住嗎？
又是另一個問題了

而我為什麼是把鬼趕出椅子呢？！
因為椅子是買的，還要繼續用啊！！
小孩子才做選擇，有能力的大人都是「都要」的

一要惡鬼滾出家門
二要物品還可以留著用

被我趕走的惡鬼會去哪？
事實上我也不知道，畢竟在道理上祂是違法進入我客人的家作亂
因為客人家早已設下結界了

當惡鬼的自信心被打擊後
祂將放棄對我客人的執念
畢竟就輸啦，但祂應該是會去別的地方啦～
是否會找下一個人？我是覺得會
但那就不是我的問題了🤣",pic\1452961846833701.jpg
367,2025/11/07 15:54:31,【鬼扣應篇】,"【鬼扣應篇】
你覺得死是結束嗎？
某些狀態，它只是另一個開始

還記得上次和爸爸去參加遠方親戚的告別式
那種遠到我一個都不認識的親戚
還記得那天封釘出殯時
靈堂裡透出了滿滿的惡邪之力
我輕輕的撥了撥爸爸的肩膀
因為我要讓鬼鬼們知道，這個是我顧的喔！

上次走的是爺爺
今年走的是奶奶
爸爸當然又要出席去拈香了
我自然就跟著去囉～

公祭、家祭都沒什麼問題
來到最後的「瞻仰遺容」環節，我是一定會去看的啦～
因為我要看每個亡者有什麼不一樣

當我們一行人走到棺材尾時
我看到這位奶奶又黑又瘦的遺容
突然想起跟她老公幾乎一個樣子欸？！
難道是巧合嗎？

再往前一點
從她口中飄起了一股靈界的衰亡之氣
然後⋯⋯⋯
嗯～～～
全給我吸進去了！！
這是在專門給我聞嗎？
真是謝謝欸～

很久沒有聞到這種噁心的鬼氣了
以前剛開始看鬼時
有時候會在鬼身上聞到不好聞的鬼味
但那是祂們身體散發的氣味
今天聞到的是嘴裡的⋯⋯⋯
可能是傳說中的屍氣吧？
但看起來沒有發財的感覺

轉了一圈出門去
等著封釘了

那個奶奶看起來也不在現場欸
然後死相跟爺爺一個樣
總覺得這遠方親戚家似乎有著什麼奇怪的東西

不過因為太不熟了
就記下來當經驗就好
禍從口出，病從口入
沒我的事，只是路過",pic\1444426517687234.jpg
366,2025/10/22 01:02:53,【公告】,乙巳年陽月補氣和安太歲儀式完成✅114.10.16,
365,2025/09/19 09:23:29,【公告】,乙巳年桂月補氣和安太歲儀式完成✅,
364,2025/08/22 13:55:32,【公告】,乙巳年蘭月補氣和安太歲儀式完成✅,
363,2025/08/02 13:01:32,【神知鬼識】,"【神知鬼識】
你覺得什麼是玄學？
前幾天跟朋友吃飯到一半，他突然拿了一個影片給我看
我看見一個大約60歲的人，在說明抱著樹可以得到一些自然的能量
然後就看到一個動畫，在樹幹上有很多粒子在流動

我看了三秒就跟朋友說：「這種影片我沒興趣。」
朋友說：「這不就是玄學嗎？」
我很鄙夷的說：「這不是吧，感覺很騙。」
朋友就一臉尷尬的收回了手機

那段很多粒子在樹幹上流動的畫面
讓我想起了好久前看的電影「LUCY」
這是一部我很喜歡的電影
我覺得他的概念很好
但是我沒有看出有玄學和「靈」的概念

在我的界定中
玄學是沒有物質需求的
也就是神和鬼身上都沒有粒子
好運和厄運的運也沒有粒子
祂們都非物，沒有電荷效應，沒有粒子現象

樹幹上的粒子，比較類似物質學的演繹，不太靠近玄學，更與靈有段距離
就像「端午節要用雄黃酒」也不是醫學吧？！感覺應該算是民俗學

如果有粒子效應也能算是玄學或靈學
那我在台北做法，是什麼粒子能穩定的跑到美國去改變什麼鬼的狀態
玄學都是無憑無實的
無憑意味著，不需要憑藉任何東西
無實意味著，沒有任何實體，包含原子等細小的物質

但為什麼做法很常需要燒香、燒紙錢呢？
以美國的惡鬼為例

惡鬼為虛，依附在一張實體的椅子上
我曾對著椅子的相片敕令，通知並驅趕惡鬼，但隔了一晚後惡鬼就又回來了
這個階段有點類似，人與人間以嚴正的口頭警告在溝通，但效果有限

然後我拿了三疊紙錢
在紙錢上敕上靈界的派令，等燒了紙錢後，惡鬼就被騰出椅子了
邏輯是我以物的交換，換出了椅子這個空間的權利
這個階段比較類似，人與人間發生糾紛後，經過口頭交涉無效，直接動手或是報警的概念
畢竟惡鬼不可能拿得出其他實物來跟我兌換空間

雖然燒了香或紙錢
但所產生的粒子或灰燼也不需要飛去美國準確的擊中鬼或任何物體
但法術還是完成了工作
這樣大家覺得粒子概念，算是玄學嗎？",pic\1353607006769186.jpg
362,2025/08/01 04:01:58,【神知鬼識】,"【神知鬼識】
你知道施法後怎麼回氣嗎？
你覺得靜坐效果比較好？還是禪坐效果比較好呢？

上次被美國的惡鬼反撲後
睡醒的我休息了兩天的時間
然後就想到
好久沒有這種感覺了
應該可以寫篇文章來聊聊

哪種感覺？
氣空力盡的感覺
基本上施法就像游泳練肺活量一樣
當你常常訓練，一直努力撐住
就會得到更大的容量
不過我不會游泳🤣

以前曾有人跟我說
我應該不要寫自己比較弱的狀態
像是失敗或是輸了的故事
不過這就是人生，哪有永遠不敗的人呢？
但是法術的奇妙之處就是
我看起來敗了，但我卻不一定真的敗了
就像人生的運勢一樣，有高有低

法術的真諦應該是
大事化小，小事化無
而不是人所認為單純的勝或是負
只要時間還在
笑到最後的才是贏家

那天跟助手說：「畫一張躺著回氣的圖片。」
助手說：「不是應該坐著比較合理嗎？」
我便想到了今天的主題

事實上施法就跟上班一樣
下班的定義應該是，只要不在上班就是下班
所以回氣的定義就是，只要不在施法就在回氣
並沒有需要什麼特別的儀式

那種倡導打坐等等的方式
我是沒有做過，也不知道能得到什麼啦～
但我所認識的法術就是不需要那些儀式
所以累著就不要再施法就好
自在的生活著，呼吸、進食後的能量都會從肉體帶給生魂
生魂再傳遞給靈魂
而靈魂也會同時因為不用施法，自在的飄盪在人間或是其他空間休息
雙向回氣才是真正的答案

記得還在學法術時
仙人們教的一個理念「逍遙靈界快樂日」
簡簡單單的看見一切
輕輕鬆鬆的完成一切
才是法術的樣子",pic\1352345940228626.jpg
361,2025/07/24 01:22:59,【公告】,乙巳年閏六月補氣和安太歲儀式完成✅,
360,2025/06/28 13:30:53,【神知鬼識】,"【神知鬼識】
有人還記得這部電影嗎？
雖然我是記不得劇情的人
但我依稀記得⋯⋯⋯
『上帝還告訴布魯斯，要他不能透露自己的神力，也不能用這個能力干涉自由意志。』

最近接了一個解爛桃花的案子
我覺得這種案子比求桃花還難處理
畢竟兩個活人的意志不是這麼好改變的

背景介紹
我的客人是男方，男方擔任公職，家有妻小，有生活壓力。住家是陰宅，同時被鬼纏身中。
爛桃花對象是女方，女方疑似無業有打工，聲稱懷上男方的小孩。可能無婚姻，曾有受孕歷史？與男方住在不同縣市，被鬼纏身中。

我需要準備一個可以讓男方脫身的方案，女方嘛⋯⋯⋯方向未定
在法術的世界裡，除了人們所熟知的陰陽之法，還有另一個龐大的分類系統
就是「增損之法」，以增加福氣或是降低厄運的方式，調節事物的狀態，達到人們預期的目標
民俗上有「增將軍」和「損將軍」的神祇，大概就是這個概念吧，不過我是不用請到祂們兩位啦～

經過一大段與靈界的交涉後
我擬定了拆彈計畫，給予雙方增益祝福，讓兩人各自擺脫厄運，結束這段不會有結果的惡緣

儀式後
第一週女方明顯理性很多，能好好與男方溝通，避免男方工作受到影響
第二週開始，女方逐漸瘋狂，男方壓力倍增，我跟男方以緩兵之計，努力不讓損害擴大
第三週女方揚言到男方職場檢舉不倫行為，我再次幫男方向靈界確認方向，難道我們走錯了嗎？

等靈界捎來訊息後，
上面只寫著「沒事了。」
我很滿意的跟男方說，放心，她影響不了你了

第四週女方打了檢舉電話，男方面臨失去工作的危險，連最信任男方的直屬主管都思考著是否讓男方先自請離職（我崩潰😫

難道這次師傅算錯了嗎？不會吧！我好想哭
我忿忿不平的跟客人說：「如果你工作受到影響，我要跟靈界要求，原本女方身後的惡鬼需要被轉回人間，繼續流浪！」
靈界回覆：『收到了。但祂們沒有要回來。』（疑惑的我😐

男方因為即將失去工作，失眠了一夜，他想說就認命吧～能做的都做了，還是沒辦法了
我則一直跟他說：「靈界說沒事欸～你辭職前一定要問過我。」

當天傍晚男方下班前往停車場取車時，女方突然衝出搶奪男方手機，不讓男方離開，與男方發生手腳衝突，過程中男方衣服遭到撕毀，男方順勢報警
我還很剛好的路過他們報案的警察局，專程進去警察局看了我的客人還有可怕的女方
我跟客人說：「你昨晚都沒睡，今天真的好像受害者喔！」

大概從那天起，角色互換了
直到今天，女方都處在天天挨打的狀態
客人問我說：「我很好奇欸，最近女方的作為有蠻多不正常地方，是不是你有施法呀？我真的不知道她在幹嘛欸。」
我跟客人說：「我不用管這麼細，誰叫她得罪全部的人，她會沒瘋的瘋下去。」

人生有很多選擇與抉擇
只要能在反轉命運的路口，停下來，等會撞傷自己的車子路過，繼續走就可以走出不同的結果
所以真的不需要干涉自由意志
人生的蝴蝶效應隨時都會改變結果",pic\1323058616490692.jpg
359,2025/06/27 15:26:03,【鬼扣應篇】,"【鬼扣應篇】
你看過電影「安娜貝爾」嗎？
那你還敢帶二手娃娃回家嗎？

某天
好久沒聯繫的美國客人跟我說：「我兒子這幾天都哭醒欸，有問題嗎？」
我想了想⋯⋯⋯
我之前可是做好一切準備了說，怎麼可能有事呢？？

所以，標準動作
1.過火
2.罵鬼
然後等結果
客人說：「睡好一晚，又哭了。再睡一晚，又哭了。」
我很認真的問客人：「你是不是做了什麼奇怪的事啊？！」
客人說：「沒有啊～」
我猛然想起一段記憶後說：「妳老公是不是又拿二手東西回家了？！」
客人驚喜的說：「對耶！我忘了跟你說，但只有一把椅子。」

瞬間一位四隻腳的惡靈
惡狠狠的從電話裡看向在台灣的我
順帶一提
我不出國的，因為我看得見
我接著跟客人說：「找時間把椅子拍給我。」
客人說：「好！真的是椅子的問題嗎？」
我說：「對啊～下次再拿，我就要另外收錢了喔！」
客人說：「為什麼？」
我說：「你自己招陰要自己負責，說過了喔！」
客人說：「但是我先生不信鬼神。」
我說：「那你要你兒子繼續每晚起來哭半小時嗎？」
客人說：「不要⋯⋯⋯」

人總是自私的！！
他先生之前就愛買二手貨喔～
不信鬼神、不檢討自己，還怪孩子半夜起床哭

等客人拍給我「椅子」後
對！
就是上圖這張
一張Q版的大人椅
然後我就想到安娜貝爾了
因為它們都是萌萌系產品

當時這個惡鬼就是沿著椅子的四支腳站著
但身體扁平
高度只到板凳平面處，椅背是沒有陰靈附著的
我跟客人說：「那就等我排時間把惡靈送離椅子。」

過了好多天天天
因為我最近事情有點多
客人無奈的跟我說：「你幫我處理椅子了嗎？我兒子一直哭。」
我說：「在我還沒處理前，惡靈每天會叫你兒子起來重睡，所以兒子當然會起來哭。你相信是椅子的問題了嗎？」
客人說：「我信，但我先生沒辦法。」
我說：「反正我這次免費幫你啦～過幾天我就有空了。」

雖然我沒見過安娜貝爾
但是物之根本
物的存在是為了給人使用
所以惡靈嘛⋯⋯⋯
抓出來丟在物體之外
然後把物體敕上神令
讓惡靈回不去就行了

這東西
當然是有能者得之、用之
有聽說過鬼魅們請不走的狀況，只能說那個法師太弱了

順帶一提
事實上惡鬼被趕出依附處後
他會因為失去依附降低能力
同時祂需要重找載體
重新建立能量場

所以我是不太認同
把娃娃關在結界裡的方式啦～
鬼是虛
沒有固體可以完全克制住虛
以有制無，進趨笑話

等我儀式後兩三天
客人說：「昨晚我兒子又哭了5分鐘。」
我說：「他把這最後一次哭完，腦裡的陰邪之氣消耗完，就沒事了。」

然後美國客人又杳無音訊了🤣",pic\1322277796568774.jpg
358,2025/06/24 15:50:11,【公告】,乙巳年荔月補氣和安太歲儀式完成✅,
357,2025/06/20 16:37:07,【神知鬼識】,"【神知鬼識】
客人的店舖要配合市府的污水管線設置工程
剛好要在我當初設下令腳的地方開挖
他疑惑的問我說：「會有影響嗎？」
我很保守的跟他說：「那等挖好再看看。」

怎麼看？
當然是請師傅看囉～
我超不ㄧ言堂的

工程完成後兩個半月左右
某天我就跟師傅說：「請師傅幫我確認包子店的神令狀態。」
結果師傅說：「神令因為挖開受到一成的損壞，但因為損壞很小，還是可以正常運作。」
我就跟客人說：「師傅如上所述，所以等以後爛掉再修吧～」
客人接著說：「你用的，要爛掉很難吧🤣。」
我接著說：「你是第一個提出這個問題的人，所以也是第一個請師傅再去看狀況的，這麼耐用，我也蠻無奈的🤣。」

所以
通常想找我處理的客人
我都會說：「早做早享受～」

依照法術的邏輯
它只是框在一個空間
並不是依附在什麼東西上
所以裝潢什麼的都不受影響喔～
目前我可以確定會影響的方式，就是整棟拆掉，重蓋起來的房子應該就沒有辦法受結界保護了

好想忘了說一件事
結界就是很多個令腳組合的空間
所以令腳不壞，結界就不會壞

為什麼會有很多個令腳呢？
因為以前在靈界學陣法時，就是在學習排很多靈界的石頭
最少需要一個！
一個大約鍋子這麼大的石頭
雖然它是靈氣，但也是重到無法移動的狀態

而我現在通常都會用最少14個令腳組合成一個結界
這14個神令會互相支援
當某1個受傷時，其他人會直接替代它的工作
因為靈界沒有「三個和尚沒水喝的狀態」
除非一次打趴它們，不然應該是很難讓它們下線",pic\1316300197166534.jpg
356,2025/06/17 16:35:48,【神知鬼識】,"【神知鬼識】
我天天都在和別人家的鬼打交道
你覺得鬼會找我麻煩嗎？
我想答案是必然的
跟「進廚房就不要怕熱」是一樣的道理

前一陣子
大概是此生數一數二忙的時候了
同時接了三個家庭的鬼事務

第一個是父親要往生了
然後不信鬼神的老爹開始說看見不存在的靈體

第二個是美國的客人
他突然跟我說他兒子又開始睡不安穩了
這個故事以後會另寫一篇

第三個是客人家的辦公室
辦公室裡的鬼鬼突然陰氣爆炸
開始顯性鬧鬼嚇員工

某天
第一個個案跟第二個個案的鬼一起作亂
一起各自作亂的意思
各自在各自的案家中表現鬧鬼狀態

我先看好狀態後
要排定時間解決狀態
但解決狀態有時需要等待靈界的派令
當派令未下之前
若有新狀態，依照狀態
有可能是需要採取一些作為
來拖住鬼魂
或是測試鬼魂的新狀態

只記得那天
我先對第一個個案下了靈界封咒
限制鬼魂們的擾動

然後再對第二個個案
下了測試符咒
把符咒放在美國客人兒子的身上
看看美國鬼會怎麼反應

結果當晚我就被反擊了

記得當晚我脫靈巡視完第一個個案和第二個個案的狀態後
疲憊的回到家時
我拖著疲憊的步伐，爬著樓梯要回房間休息

突然間
重力顛倒
重力指向我的頭頂，我的雙足懸空
疲憊的我瞬間驚醒，雙手手舞足蹈的想抓個什麼來穩住靈體，無奈我什麼都抓不著
就在我驚恐著想說：「完了！我要重力顛倒撞傷腦子時⋯⋯⋯」
我的嘴巴突然說出了一句話：「顧爐的（童子）你在幹嘛！？快來拉我一把。」

對～
我又收了一個靈界童子
祂怎麼來的？？
靈界的一切都是公發的喔～
只要需要祂就會來到

不過當我喊完那句話
我的靈魂就被肉體的呼吸，吸回肉體去了
然後我才看見顧爐的來到床邊跟我說：「怎麼了？！師尊還好嗎？？」
只記得我給了祂一個無言的回應
好累～
我要睡了！

只要遁回肉體裡
我就可以以活人的狀態，擺脫任何鬼的法術了
順著「氣」逃跑的法術
也是遁氣法的一種應用

當「人」也是有好處的
「神」的基本招式，就是躲鬼！不是打鬼齁～
柔弱生之徒，老子可是一代宗師",pic\1313799954083225.jpg
355,2025/05/26 15:40:38,【公告】,乙巳年皋月補氣和安太歲儀式完成✅,
354,2025/04/25 15:07:26,【神來也篇】,"【神來也篇】
『你想學法術嗎？學會法術就不用怕鬼了。』
這是當年師傅對我說的第一句話

如果從
環球影城“奧利凡德的商店”裡熙熙攘攘的人潮看起來
應該是很多人想學吧？！
但到底該怎麼開始呢？？

上次說的故事裡
那位在夢中體驗打鬼的客人
在他「體驗」過法術的神奇後的某天

有位仙人把我召進了祂的仙境
只記得仙境裡雲霧繚繞
我在一間中式廳堂的門口裡著陸
我看見那位體驗過法術的客人的魂魄就跟在我的腳後走進仙境

我倆不急不徐的往廳堂內部走去
繞過中堂的太師椅後
我從龍邊步入，客人從虎邊進去
來到前堂與後廳的交界之處

這裡有個中式木作的圓拱門
圓拱門後有一張長七尺的玄關桌
玄關桌上放著一尊全身穿著金黃戰甲的神像

仙人說道：「我在前面教他，後面的事交給你。」
穿過玄關桌後，仙人在後廳放了一張中式大書桌，意思是要給我坐的樣子
我回頭看了一下客人的魂魄
祂被卡在玄關桌之前了

客人當初找我去看他家
是因為他家有許多靈界干擾
在金甲仙人召喚我之後
客人才確定他要處理掉家裡的靈界問題

我很識相的徵詢了金甲仙人的意思
仙人表示：「我的弟子自己顧，其他你處理。」
意思是客人本人的靈界干擾不用處理，祂師傅會處理

事實上這是我第一個遇見有仙人主動來收弟子的狀況
我也有老實的向客人說明這個狀況
客人問我說：「我師傅怎麼會選上我啊？」
我說：「我覺得是你當初想都不想，直接說你要買一個護身符。」
客人滿頭問號
我說：「靈界是喜歡單純的人的。」
客人又問我說：「那仙人會怎麼教我？」
我說：「這我不知道。」
客人再問我說：「那我師傅強嗎？」
我說：「蠻強的，強的都很任性。」
客人又滿頭問號了

不過到今天為止
三個月過去了
客人還沒有學到什麼明確的進度
不過學法術本來就不是幾天可成
客人曾問我說：「我師傅會不會忘記我？」
我說：「我只遇過有人會拋棄神明，建議你要記得，祂曾與你的約定。」

重點！
想學法術的第一步
就是需要一個強而有力的靠山
雖然客人現在依然什麼都不會
但他已經領先其他人一大大大大大步了",pic\1269340475195840.jpg
353,2025/04/25 06:25:44,【公告】,乙巳年梅月補氣和安太歲儀式完成✅,
352,2025/04/11 16:56:23,【鬼扣應篇】,"【鬼扣應篇】
你知道神明有很多種嗎？
在靈界只要是有修為的都可以算是神
只是不一定是人們概念中的光明之神

某天在扶輪社的午宴上
我自顧自的逛著拍賣網站，我是沒話聊就看手機的人
突然間我看到了一組圖片中的燭台
是我好久前就心心念念的款式，上面有很多我喜歡的圖案
中華文化是一個很含蓄又內斂的文明
它總是用很多形象隱含著許多的美意
就像我的法術一樣😊

於是我很堅定地
立馬請好友去幫我取貨，因為它遠在高雄
又很剛好他明天要上台北！
我便很熱情的跟好友說：「那我明天去北車接你。」
希望好友能原諒我的坦率

隔天經過一陣塞車後
終於擠進北車西三門，好友已等我好幾分鐘了
開開心心的下車把已經裝箱好的燭台放入後車廂
等我再回到駕駛座後，正在繫安全帶時
好友也正在後座準備坐好，我的右眉感受到了一絲厚重的陰氣
即便祂只有一絲，我的第六感告訴我，那個箱子裡的燭台應該有問題
還好，我最不怕的就是靈界來的問題🤣

等我闖紅燈嚇死20個路人
並安全的將好友送到目的地後，我就載著它回家去了
沒錯，那天是我難得亂開車的一次
但跟後車廂的鬼應該沒什麼關係啦
只是穿鑿附會一下

回到家後
我依照習慣，作法淨化燭台
喜歡買二手貨的人，真的都要小心上面有其他禮物喔？！

只記得當我捻起法指
就在我頭上20～30公分的地方
有一個無形的泡泡
泡泡裡坐著一位靈界的鬼仙
鬼仙俯視著準備動手的我
雖然我意會到了祂的存在，但我通常不會停下我的腳步
繼續執行著我的意志

鬼仙說道：「這樣就要我讓開了嗎？」
我一言不發的繼續執行著我的儀式

在此說明一下靈界的邏輯
基本上成為師傅的正式弟子後
師傅會賜我一定的權限，這個權限原則上是活的
只要祂認定我是合法的，我就可以自由取用祂
師傅通常也不會過問

我在人間花錢買了一個二手物品
此物自然歸我所有，上面的靈自然沒有理由可以再說要佔用它
因為這些靈該回去的該回去
以鬼仙這種能回去也不回去的靈來說，就看誰能取得最後的掌控權了
所以儀式上，鬼仙是見不到師傅的喔！
師傅很難見的啦～包含我也是

儀式結束後
我把燭台放在神桌前靜置
通常會靜置15分鐘
然後鬼仙就一點點微微的悻悻然氣息，在上頭看著
這個靜置的15分鐘，我是不用陪的喔
所以我就去看電視了
等時間到了再回來時，鬼仙已經不見了

但鬼仙剛剛有微不爽
所以我還是很主動的提醒朋友
今晚若有什麼奇怪的狀況，記得跟我反應
我怕鬼仙遷怒他人🤣

結果
鬼仙只有遷怒我的樣子
當晚鬼仙抓我去祂的結界「無人里」一遊
一個與現世一模一樣的世界，但時空有點錯亂，有的物品感覺蠻古老的
走了一整晚的我，一個人都沒有遇到，一個鬼都沒有看到
最後走到有點生氣，因為好無聊一直走

還好我也是一個活人
早上的鬧鐘響了，我就可以繼續當我的死老百姓了
鬼仙也沒在出現過了",pic\1256058279857393.jpg
351,2025/04/08 16:13:34,【神知鬼識】,"【神知鬼識】
你會想知道自己的壽命有多長嗎？
但我好像沒有這個能力😢
因為我總是那位向靈界要求延時的人
如果我先去看可以活多久，再跟靈界提議要延長時間，對上層來說好像太故意了

最近客人身體不太舒坦，漸漸走向人生的最後一哩路
他家人自然是非常心疼，客人也過的頗是辛苦
因為他患上的是癌症

客人因為曾有陪病的經歷，因此也算是半個過來人
所以他很確信的知道自己不想要「高強度」的療程
或許因為有限度的治療，使得客人的身體有一定的下滑趨勢
導致他家人顯得格外在意他的大限之日

但我不是醫生，只是一個靈媒
所以我只有一半的能力，因為人是肉體與靈魂的結合
法術的基本邏輯是「大事化小事，小事化無事。」
癌症自然算是大事，任何一個癌都一樣

雖然他家人如此在意「大限之日」
但礙於現實，我只能請他們盡力對肉體做最後的努力
而我當然就是幫忙守護他的靈體
為了穩住他最後的生命路程，沒過多少時日，我就開始天天幫他過火了

過火的效力是排除肉體上的陰邪之氣
導入靈界的光明之力，使靈體瞬間恢復活力
讓肉體吸收充沛的靈力，抑制身體衰弱的程度
重病之人即使什麼都不做，一樣會有衰敗之氣自體內而生
因為靈肉一體，當一方開始衰敗，他者自然跟著往壞處去

大部分的人應該都相信「壽終正寢」這個概念
所以才想知道，究竟活多久算是壽終
但我覺得除了意外之外，靈界並沒有非常嚴格要求壽終的時刻
畢竟吃越多速食，應該會明顯縮短生命的長度
所以還是有一半的人為因素

以靈界珍惜生命的觀點來說
只要能活，便努力活到最後，怎麼活的精彩才是真諦
若把生命類比人生的資源
以食物來說，不浪費食物應該是相對淺顯易懂的概念

在說
法術似乎也沒有在管當事者怎麼死的差別
就是送祂回去該去的地方便是
如何在生前，有限的時間內完善自己的人生，才是更需要關注的重點",pic\1252965916833296.jpg
350,2025/04/05 13:21:12,【神知鬼識】,"【神知鬼識】
清明時節雨紛紛，路上行人欲斷魂。
今天剛好下雨了，你掃墓了嗎？

客人昨晚拿了一篇網路文給我看
文章寫說：「掃墓完不能直接回家。」
客人問我是不是真的
我跟他說：「隨便說說，你直接回家就好。」
畢竟客人家有我設下的結界
還會有什麼問題呢？？

只要掃墓時，乖乖掃自己的墓，原則上都沒有甚麼陰的問題喔
除非你家的墓本來就有問題啦～
那當然另當別論

再說
大部分的墓都在很遠的地方吧？！
靈骨塔通常也都在很偏遠的地方
這段距離基本上已不是鬼想來就來想走就走的範圍了
以我家的墓地來說，山腳下有靈界的關口，山上墓地的鬼魂根本下不了山啊
又遑論從海涯邊跟著我回到台北市呢？！

此外
現在的大樓林立
有的大樓本身都一堆鬼了
就算真的有墓地跟回來的鬼，當祂看見房子裡的鬼時，也只能眼巴巴的站在外面等
所以基本上不太有這種墓地跟回來的鬼

再說
如果你家祖先有處理好
就更沒有墓地祖先跑回來找你麻煩的可能了
因為祖先早就在源頭都處理好了
不是嗎？

所以如果有問題大多是外鬼的問題
我是很不能理解，為什麼只要有問題，民俗上都愛說是祖先的問題
祖先何其無辜？！
若是你祖先，簡單拖個夢，只要付得起，哪個子孫如此不孝？！

今年是我家第一次用素三牲祭祖
也是我第一次掃墓這麼平靜😑
因為不論我以後有沒有葬入家族墓
我都不會在世上逗留

你真的想有人拜嗎？
真的能人早都超脫三界之外了
誰還惦戀這俗世的香火

今年會開啟「靈界生前契約」的服務
歡迎有興趣的人，屆時洽詢",pic\1249728653823689.jpg
349,2025/04/01 14:45:59,【神來也篇】,"【神來也篇】
你想知道靈界運作的邏輯嗎？
客人總是常跟我說：「好神奇。」
但我都覺得：「還好吧😑」

某天晚上
客人的先生打Line 跟我說：「我老婆說這幾天都睡不好，又易怒。」
我說：「她現在可以說話嗎？」
客人老公用客人老婆的Line 回我說：「她睡著了。」
我就說：「那明天再聯絡。」
然後不知道怎麼搞的，我們隔了兩天都沒聯絡上

第三天晚上我忙完後就Line 客人老婆說：「妳還好嗎？有空通話嗎？」
客人老婆說：「不用啊～我好了欸～」
我說：「蛤？！好了就好。」
客人老婆又說：「我總覺得有事後，但Line 你就又好了，真神奇。」
我說：「那我下次來說一下，為什麼你會覺得神奇好了。」

首先
先介紹一下結界的效果

當我在一間曾經鬧鬼的房子裡設下結界後
結界會在1～3個月的時間內完成生長
它會像植物一樣長滿這個空間

人活在世上
每天都可能接觸到陰氣
就像每天都會接觸到感冒病毒一樣，但當然不會天天感冒
只是病毒會一直累積
這有點像陰氣累積的概念

不論是陰氣或是鬼
祂們都看得到我設下的結界
善者，見到結界就閃了，畢竟沒有人喜歡打架

但惡者就不一定了
中級惡鬼會被結界自動吸收掉
不管是抵擋在外，或是進入結界後被搖到暈倒吐出去

高級惡鬼會在結界確定無法自行處理後
儘速讓屋主發現問題
然後屋主就會聯繫我
等我確認狀況後，在把惡鬼請出去

某些惡鬼觸動結界後
就待在附近觀察狀態
只要屋主願意跟我反應
我的氣息就會瞬間來到結界裡，尋覓是否有陰氣滋擾

當客人老公聯繫我時，我便開始了我的尋覓
在尋覓無果後，我就提出想跟客人老婆聯絡
惡鬼自然知道我已動了法術
所以惡鬼就離開了
客人老婆自然就覺得沒事了

靈界就是沒有空間跟時間的限制
在惡鬼的眼裡
當我在尋覓時
就像人類在路上看見警車駛來一樣
可以躲的自然先躲
只要能被我處理掉一次，就代表我可以處理掉祂無數次
一生二，二生三，三生無窮",pic\1245592224237332.jpg
348,2025/03/27 16:20:48,【公告】,乙巳年桐月補氣和安太歲儀式完成✅,
347,2025/03/13 14:31:25,【鬼扣應篇】,"【鬼扣應篇】
你覺得自己是一個積極的人嗎？？
我想答案可能是相對的

我家大門的鎖壞了好一陣子
今早終於找了朋友來幫我換鎖
工作做完後
朋友隨口一問：「你今天這麼晚上班嗎？」
我說：「我今天在家上班。」
朋友開始滿頭問號後
我說：「我跟你說過我是通靈人吧？！今天要在家幫客人處理事情。」
朋友馬上說：「那你看我怎麼樣？？」

瞬間，朋友身後的鬼眾直接來到現場
大約快20位吧？！
祂們把我緊緊的包圍著
像是在威嚇我一般
嗯⋯⋯⋯
我前幾天才被更厲害的鬼恐嚇說～
祢們真的⋯⋯⋯還好😅

我跟朋友說：「很不好⋯⋯⋯」
朋友開始回想這陣子的自己，然後說：「幹⋯⋯幹⋯⋯⋯幹幹幹，那怎麼辦？」
我說：「記得去找人處理啊？！別在拖了。」
朋友說：「所以！我很久了嗎？」
我說：「上次你載我去開鎖時，就有了！只是那時沒現在嚴重。」
朋友說：「那你之前怎麼沒跟我說？」
我說：「我好像沒辦法直接跟你說欸～」
朋友說：「是要等我問嗎？」

答案：是，也不是。

我也是人，所以我知道
人無法接受自己不認為的事情
人性使然，沒有對錯

假設今天我咳嗽了
在我不夠嚴重前，我應該不會去醫院看醫生
如果我覺得很嚴重，我就會主動去掛號

不是不可以事先提醒朋友
而是，早說了，沒人信
等時間到了，嚴重了，太早說可能還被誤會是我詛咒他

不得不說
會法術的人真的不用詛咒誰
因為被鬼跟的你自然會有事
如同交了損友一樣

又好像醫生當然知道什麼是生病的原因
即使他在人們還沒生病前提出警告
人們是否願意調整，就是另一件事了

所以我還是默默的看著就好
只有被需要的東西才是有意義的

剛翻了紀錄
這位朋友第一次被我發現有鬼跟著他是2020年的時候
現在是2025，大約4年多
但聽他說大約已經不太好兩年了
所以應該也是拖一陣子了

久病成良醫
拖久沒藥醫

最後朋友問我說：「所以我頭暈也是他們造成的嗎？」
鬼說：『對⋯⋯⋯』
我說：「你的內分泌失調，應該也有關係。」",
346,2025/02/26 23:38:25,【公告】,乙巳年杏月補氣和安太歲儀式完成✅,
345,2025/01/25 17:11:22,【公告】,乙巳年嘉月補氣和安太歲儀式完成✅,
344,2024/12/30 16:28:53,【公告】,甲辰年暮冬補氣、安太歲和替身儀式完成✅,
343,2024/12/27 17:19:04,【鬼扣應篇】,"【鬼扣應篇】
你相信有鬼嗎？
你知道鬼可以降禍嗎？

好久前就認識的一位客人
當初他要遷移家中的祖先牌位到行政區公營的靈骨塔時認識的
還記得那天第一次在人來人往的靈骨塔一樓幫他家祖先進行儀式
好害羞😳（我恥度很低的

幾個月前
客人再次打了電話給我說：「我爸這半年身體不太好欸～」
我說：「是怎麼樣的不好？有去哪嗎？」
客人說：「年初時，他去了一趟西藏。」
我說：「喔喔～要找時間去你爸家一趟。」
不是西藏有問題
是客人在跟我通話時，他身後2、30隻在聽我們通話

還記得第一次和客人認識時，他就說過母親在10年前因癌症逝世了
因為已經走10年了啦～
所以我就沒在追問了
反正安靈位時，他母親的部分也處理好了
我永遠都做全套服務的喔！

因為我出國去玩
所以終於到了約定鑑屋的日子
是一間一樓的房子啊～
由於客人父親是無神論者🤣
所以我只看房子，見不到爸爸本人
屋子裡除了水泥牆等無法輕易更動的問題外，幾乎沒有必要調成的東西
但這並不代表房子沒事喔～
只是我原則上不做大興土木的建議

首先，爸爸睡在相剋本命的位子上
現在年紀漸漸大了，想平安一點，還是換個方位睡好
不過因為爸爸是堅定的無神論者，所以最後聽說就沒提這個部分的調整

第二，媽媽走後爸爸認識了一位陪伴的阿姨
阿姨住在一間⋯⋯⋯非常可怕的房間
還記得我當時ㄧ踏入房間
房間沒多大喔！
一張雙人床、一套衣櫃和一個梳妝台，房間已滿
但梳妝台裡滿滿的鬼魂，瞬間站滿我的前方
這一邊大概30～50個欸
我問阿姨說：「你睡得好嗎？」
阿姨說：「每天都一直作夢啊，根本睡不好。」
由於他的身分是「阿姨」
我跟客人交待，請阿姨睡時一定要拿布蓋著梳妝台
後來聽說阿姨沒有天天把布蓋上，因為阿姨說：「一樣睡不好啊，感覺沒差。」

鬼！
當然不怕布啊！！
怎麼可能蓋了布就好
但依照邏輯，蓋布後可以讓阿姨自己的靈魂在睡著後不會第一時間被攝入全是鬼的鏡子
剩下的就要靠阿姨自己的靈力了

最後來到一樓與公梯的連接牆
另一批鬼鬼蜂擁而出，鬼說：「你來看我了，上次是我啦～」
我跟客人說：「我們可以離開了。」

我問客人說：「以前你媽媽有住過這間房子嗎？」
客人說：「有啊～以前我小時候也住過這裡。不過現在只剩阿姨那間房間是原本的樣子，其他格局有調整過。」

事後我們並沒有多做處理
因為父親是無神論者，通常鬼不會第一個挑上他
再者客人說：「以後這間房子好像是要給其他兄弟姐妹繼承。」
這樣看起來，這房子的緣分好像不在客人身上
出於通靈人必須遵守的規則之一：「以當事者的利益為出發。」
我吃了飯後就回家了🤣

前幾天
聽客人說：「我爸做完核磁共振，醫生說有腫瘤，但還沒有判定良惡。」
我說：「那個房子要盡快處理了！」
為什麼我改變說法了？
因為住在鬼屋裡，好的都會變成壞的；你吃什麼藥都沒用

如果你住在一間有鬼/陰氣的房子，10年可能得到慢性病；20年可能得到重症；30年⋯⋯⋯走了一個再一個？！",
342,2024/12/22 14:08:33,【神來也篇】,"【神來也篇】
你有帶護身符的習慣嗎？
你覺得帶護身符有意義嗎？

某天去一位客人家拜訪
當然是因為他有遇到一些狀況
不過因為要搬家了吧，所以還沒辦法處理
聊著聊著就開始幫他檢查書房的陳設
把一些放錯地方的東西，放到對的地方
把一堆沒幫助的東西，丟光光
那天應該也丟了10幾20個護身符吧～

最後我悠悠的說了一句：「我也有在給人護身符～」
然後客人立馬說：「給我一個！」
我這樣是不是很像打擊異端的小人😅
但真的不是這樣喔～
而是客人原本拿的真的沒用啊🤣

因為法術是有指向性的
它無法在不確定持有人是誰的狀況下被設定
畢竟每個人的人生和狀況都不一樣
雖然護身符的內容都差不多～
我總覺得我好像在寫廢話？！
但它真的就是這樣的！！

當他拿到護身符的幾天後⋯⋯⋯⋯
就體驗了上面的際遇

雖然你不一定體驗得到故事的內容
但認真的我，給你們的護身符都有一樣的功用

前幾天另一個客人問我說：「可以拆開護身符嗎？」
我說：「拆開就失效了喔～」
改天在來說說護身符的結構好了😊",pic\1162838032512752.jpg
341,2024/12/20 15:38:43,【鬼扣應篇】,"【鬼扣應篇】
你相信有鬼附身嗎？
你也曾懷疑過身旁的他不是他嗎？

某天夜裡，我很開心的在逛藝品網站
對！我就是那種愛買藝品的怪人🤣
通常逛起來都會逛很久⋯⋯⋯然後逛到很晚

突然間某個客人的家屬打了電話給我
當下時間是凌晨2:00多⋯⋯⋯嗯⋯⋯⋯「不想接🙄」
因為這個客人就住在鬼屋裡，還找我去了好多趟，但每次都不處理～
然後有事還找我？？？？？

沒過多久後⋯⋯⋯家屬又打來了
看著震動的手機和我的藝品
好吧😑接一下好了（我人真好！！

家屬說：「A發酒瘋，倒在路上，他一直說要打給你，我搞不清楚他到底有沒有問題，所以我只好打給你了⋯⋯⋯」
我說：「喔，那把電話給他。」
A說：「救我！⋯⋯⋯我受不了了⋯⋯⋯，救我！」
（上面這句話只有最後兩個字是人的話，前面都是鬼話）
我說：「好～你在哪？」
A說：「我好痛苦，⋯⋯⋯我快不行了⋯⋯⋯，救我⋯⋯⋯」
我說：「好～我救你，你現在在哪？」
家屬聽不下去，接過電話說：「我們在家附近，怎麼樣？！他有問題嗎？！」
（這種事通常我都不會說真話，因為對現場沒有幫助）
我跟家屬說：「沒事，他喝醉而已，你們先想辦法回家吧，你們要搭車嗎？」
家屬說：「應該走路吧，不太遠，他這樣應該也沒車要載他⋯⋯⋯」
我說：「好～那你把電話給A。」
A接上電話：「嗚嗚嗚嗚⋯⋯⋯我好難過，⋯⋯⋯救我。」
我跟A說：「好～冷靜！A聽得見嗎？！現在開始跟家屬走路回家去。」
家屬接回電話後，我跟他說：「到家打給我喔！我等你們。」

然後續續看藝品，剛剛看到哪一頁了啊？？？？？

一陣子後家屬電話又來了：「欸⋯⋯⋯那個⋯⋯⋯A在路上邊走邊做奇怪的手勢，我一直打他，不讓他做那些手勢，會不會有什麼問題啊？？」
我說：「做得好，他再做就打他，把電話拿給他聽一下。」
A接了電話後，我說：「A有聽見我說話嗎？」
A說：「⋯⋯⋯」
我說：「A有聽見我說話嗎？」
A說：「回不去了！我不是我，⋯⋯⋯嗚嗚⋯⋯⋯救我。」
我說：「A！A！聽見了沒，冷靜！不准在比了，我會救你⋯⋯⋯，到家再跟我說，我等你。」
我接著跟家屬說：「你們還多久到家啊？」
家屬說：「大約10分鐘吧，他走很慢⋯⋯⋯」
我說：「好，等你們。」

看完藝品，開始看電影二創的我ing⋯⋯⋯

家屬又打來了
家屬說：「喂～我們到家了，接下來怎麼辦？」
讓我跟他說話
我說：「A到家了喔！該睡了喔！要上廁所嗎？」
A說：「上過了，好。」
我說：「家屬記得給他放杯水。」
聽說A那天睡客廳，我跟家屬說：「就讓他睡就好，看怎樣再說。」

凌晨4:00左右
家屬傳來Line：「他睡著了。」
我回Line：「好～睡吧，晚安。」

當一個人鬼上身的時候，陪他聊聊天
然後他說什麼都說：「好。」
接著騙他去睡覺，只要睡得著就好了！
哭哭啼啼是鬼的風格
哀爸叫媽是鬼的習慣
奇怪的手勢是鬼要連結的意思

事後我跟A說：「在處理前不要再喝醉了喔～當你的意識迷濛，就是別人意識清楚的時候了。」",
340,2024/12/05 12:47:32,【鬼扣應篇】,"【鬼扣應篇】
你會在意自己死後能否順利回到靈界嗎？
你可能需要先知道自己現在是否鬼纏身？

今天來說一位「A女」的故事
從前從前A女和B男婚後帶著孩子過著幸福快樂的日子
B男事業順利，開了間小公司，請了一位員工C男
無奈造化弄人，B男在孩子年幼時便撒手人寰
留下了辛苦的A女和孩子

C男身為盡責的員工，自然努力的幫襯著老闆娘打理公司大小事務
日久生情之下吧？！A女與C男情投意合，甚至有了想要結婚的念頭
但已往生的B男總在C男心動時，再次出現表示不願C男迎娶A女
而C男因為長年習佛，自是敬畏鬼神的善人
因此，C男便在得知B男的意思後，安份的當一位盡責的員工

爾後
A女某次病重住院時，C男說曾在某刻間看見A女之名寫在生死簿上
因此，C男特別留意觀察A女的狀況
某日夜裡，A女鬼上身坐在病床上與C男對罵，C男因早已發現A女的狀態不對
因此，C男認真的和A女對峙互罵到天亮，待鬼魂退去後，C男才放心的休息
他們半夜對罵時，聽說醫院裡的醫生護士都有來關心過，但沒多久大家都跑光了
因為當下A女好像可以用男聲說話，當然大家都看得出來這個人不是本人

之後
A女家鄰居竟然死在房裡，讓房子成了凶宅
邪惡的壞鬼也曾侵擾過A女家
好在C男又一次完美的挺身而出，助A女再過一關

最後
聽說A女身體總是沒多好
直到最後一刻，A女終於往生了！！
（我這裡不是開心的意思齁～

不知道A女是否也覺得自己身後恐有不足
所以特別交待C男要好好幫她處理後事
要參加什麼法會之類的吧？？

故事講完了
A女要安全回靈界是蠻難的啦～
看得懂的就看得懂
看不懂的就看不懂",
339,2024/12/04 14:20:41,【公告】,"生老病死，物之輪替，大道自然，非可左右。

聰明一世，糊塗一時，暮然回首，天堂無我。",
338,2024/11/30 17:04:18,【神來也篇】,"【神來也篇】
你會在意陽宅風水嗎？
你搬家會找人安神還是自己放一放呢？

昨天跟客人去看房子
是那種還沒買，請仲介來開門的那種看法
我真心覺得我很適合演「假家人」
畢竟我怎麼看都不像老師🤣

客人找房子前就有問我他該買什麼坐向的房子
他先看過後，說一切都符合我說的條件
然後才找我去複看的，果然真的全部都符合條件喔！！
除了房子有鬼以外，一切都完美的無以復加
連後門都開對方向喔！
而且如果以後客人想做個生意，這房子帶偏財（這個不能到處說🤫）
我還笑著誇獎客人說：「你真的很聰明欸！」
客人也驕傲的跟我說：「我就是我家唯一那個正常的啊！」

看完房子走在回家路上的我
突然想起了之前看過的另一間房子

屋主好像是開工廠的，算是有做生意的一種
他說之前也有請人來看過
我是看的一頭霧水啦～
首先他有做生意，然後坐一個會賠錢的坐向

聽說那位老師用男主人的命格找房子
然後房子買女主人的名字
結果這個坐向直剋女主人本命
這樣算是拐個彎要害死他嗎？

接著他家有一張非常莊嚴的神桌
就是那種寬度長到不是很有錢絕對不會買的尺寸
但是他跟我說：「當初我們就自己把神明祖先搬上神桌這樣，但神桌的坐向有請老師看過。」
結果神桌放在散神位上🤣
基本上自己安神只能說是無知
但把神桌放在散神位上⋯⋯⋯我認真問這位老師是看喪的嗎？？

我跟屋主說：「神桌最好要換位子喔～」
屋主說：「哪有神桌不向著路的啦～」
這是今年第二個不想做好生意的老闆🤣
基本上我給的方法，都是別人用生命換來的結果
現在的生意不可能比民國50年代好做吧？！
反正你也沒有那個時間可以驗證了！！多說無益

如果你是創業家
你要的絕對不是平常的收入
成功絕對不可能是平白無故來的
但失敗隨時可以平白無故的來喔！

再來走到男主人的辦公桌
哇～敗財🥲
好啦～我不想看了🤣
我認真覺得他一定得罪上一個風水老師

最後這位男主人跟我說了一句：「我第一次聽見你這種說法。」
我內心想的是⋯⋯⋯果然世界上騙子比較多，瞎子更多
但我還是很有耐心的跟他說：「既然你之前有請老師，你可以找他再討論。」

綜上所述
所以我決定明年要教「有形法」了
大概的內容是：
1.五行
2.姓名
3.風水
歡迎有善心的人來學習，學會用一輩子，同時也可以賺一輩子",pic\1145952104201345.jpg
337,2024/11/28 15:14:14,【公告】,"甲辰年霜月補氣、安太歲和替身儀式完成✅

今年快結束了欸！！

明年要調整收費方式了？！

但我好像也沒提醒誰該處理了🤣",
336,2024/11/19 16:06:21,【神來也篇】,"【神來也篇】
你覺得你家神有在嗎？
你覺得你家有鬼在嗎？

今天要來講那天只安神就安到天黑的故事🫠
以前我都陽宅除煞跟安神同一天處理
大約就是做到晚上20:00～21:00間，累趴才回家

這次因為客人目前住的房子是租的
而且只剩一年租約，同時又有必須要急著處理的狀況
所以最後決定只幫他安神
用神力拖住陰氣，讓他們一家人熬過這段時間就好

每個人的處理方案都是依照最符合他的方式辦理
請各位千萬不要誤會為什麼他可以這樣處理？？你卻不行？？
畢竟一切都是要「師傅」准了才能做

還記得第一次跟客人講電話時，他就跟我說到：「我很懷疑我家土地公有沒有在，不知道會不會是空的？？」
我則說：「等我去看就知道啦～」

然後我們就約了一天去客人家訪視
查看的結果是，這房子陰氣超重、神桌放錯地方同時也沒有土地公在
客人接著說：「我常一個人在家時，卻聽到有人回家開門的聲音，但我怎麼喊都沒人回話，怎麼找也沒半個人回家。」
我則跟他說：「因為是鬼開門啊～很多鬼都喜歡用這個表現方式展現自我。」

接著因為客人需要出門一趟，我就跟著出門了
等我們再次回家時，其中一位家人也回來了
同時他家土地公也出現了？！
看起來土地公好像是跟著這位家人一起回來的？！
但這種會怠忽職守的神明，原則上也是會換掉

選好了良辰吉日後
我便來到客人家準備進行安神的儀式
今天的作業內容看起來蠻單純的⋯⋯⋯
一張神桌、一尊土地公、一個神爐、一個祖先牌位跟一個祖先爐
我想我應該15:00可以回家吧？！

就在我準備開始退神時
他家的原土地公竟然說：「等等！我覺得這樣要請我走不太合理，我是沒有治鬼之能，但我其他該做的都有做，而且我還是名山大巖的分靈！」
我第一次遇到跟我反應的土地公欸！！
好特別🤣

我便開始詢問客人：「你家過的還好是嗎？」
客人說：「算是吧，你怎麼這麼問？」
我說：「因為土地公說祂有在保佑你們，只是鬼祂處理不了。」
客人說：「是啦～我們從我沒結婚住在天母時就供奉祂了，也是真的算是蠻順遂的。」
我說：「所以土地公說祂有做事，祂應該有盡到祂的義務，只是鬼的部分祂沒辦法。」
客人說：「這是真的。事實上以前我們住的天母房子就大鬧鬼，鬧起來拜拜根本都沒用，後來我們嚇得趕緊賠錢把房子賣了，搬別的房子住去。」

既然口供一致
我說：「那土地公就留下來囉～但我會幫祂升級一下！」
事實上升級也是不太可能升到可以打鬼啦～
但因為我安神都是不會只安一尊的啊！
有事還有「菩薩」可以靠！
所以第一次「臨時改神諭」成就達成！

繼續著我的安神儀式後，傻眼的事情又來了
就在我要開始安牌位時，通常陽與陰就是一直輪替著安下去，不然會拖很多時間
結果土地公又說話了
祂說：「菩薩要來，應先尊重菩薩，請菩薩先上座，再喚祖宗即可。」
回頭看看師傅，師傅沒有反對意見，我只能照著做了😓
通靈人的職責就是應靈界的要求，順應自然，應祂所需

所以祖先牌位直接延後一個小時才開始處理
接著做到祖先爐的時候，最後要請一位爐將軍前來顧爐！
對！你沒聽錯！祖先爐也要有神顧！
如果請的神都不幫忙顧祖先，那祖先跟遊魂也沒多大差別
結果土地公又說話了
祂說：「應請神爐的爐將軍先上座，隨後再請祖先爐的爐將軍上座。」
再次回頭看看師傅，師傅一樣沒有反對意見😐

好的！我知道了～
我想這就是名山大巖的風格吧？！
我這種自在仙，真的是比較隨性一點

最後
還記得我ㄧ把神桌搬到對的位子後
這間房子的惡鬼就悄悄的坐在了客廳的板凳上瞪著我！！
有反應就是最好的答覆～
剩下的菩薩會跟祂喬

只要你的神桌有問題
你一定多拜了其他鬼眾
正神上桌後，鬼眾就會被趕下桌
鬼眾在神桌下站久了，就會發現正神巍巍不動
這鬼在神桌前站的越久，祂最後會哭的越慘🤣安",
335,2024/11/16 03:47:17,【鬼扣應篇】,"【鬼扣應篇】
你會好奇別人拜拜在拜什麼嗎？
你會擔心打擾到未知的東西嗎？

前天帶南部的客人去做招財儀式
結束後，A客人深夜開著新車來找我淨車
我說：「找個見天的地方就可以。」
最後決定任意選一個露天停車場淨車就好
我又說：「真的很害羞欸，還好半夜人應該不多。」
結果下大雨😅A客人白跑了一趟

隔天我先去幫B客人家淨宅
結束後，A客人又衝來淨車
原本問B客人家停車場有沒有車位可以借停？
結果因為沒有空車位
所以只好⋯⋯⋯大白天在路邊的停車場淨車😱
我還先跟A客人說：「如果出了什麼狀況，我會抱著我的香爐逃跑🏃‍♂️」
我很低調的說～

早上剛進B家社區時
一些鬼鬼就尾隨著我和B直到搭上電梯
當我即將完成B家儀式前，惡鬼從B家的牆角猛力的探出頭，狠狠地瞪了我一眼
然後我就跟B告狀，記得注意那個角落喔！
祂再伸出頭就打爆祂？！

等B家儀式結束後，我拿著香爐來到樓下準備去路邊幫A淨車時
B家整棟社區的鬼魂就站在一樓用鬼眼盯著我們三人走出社區
那是一種想詛咒人的鬼眼，但我只能選擇裝作若無其事的樣子

就在淨車儀式開始後
我跟A、B便很自然的？！站在路邊停車場的車格旁邊聊天
聊著聊著⋯⋯⋯

一台從同一個停車場的機車停車場駛出的機車
因為她駛出車道完全沒有查看是否有順向直行車
所以很剛好的與順向另一台直行機車擦撞、滑行到我壇前，然後精準的停在我的拜桌前方
我的壇很簡單啦～
一張露營桌、一個香爐、一把香、一個打火機

駛出停車場的年輕女性C和順向的年長女性D都被機車巧妙的壓住，動彈不得
已經看傻眼的我和A、B兩人，只能上前幫忙把她倆扶起來

這是什麼劇情？！
我才拜第二柱香，還有一半的儀式沒做😱
恢復行動的C馬上很禮貌的過來跟我說：「會不會打擾到你們？？抱歉喔⋯⋯」
我很客氣的說：「不會～不會～」

儀式繼續進行
C跟D雖然都只是皮外傷，機車也都還能行駛，但他們決定還是報警好了！！😱
最後除了路過的民眾外，一共有兩位當事人、三位淨車的人、兩位轄區男員警和一位交通隊女警
我好努力的裝沒人繼續著我的儀式
因為我習慣低調

就在我拜第三柱香時
突然傳出了一聲巨響「碰」
現場所有人都在尋找聲音的源頭
原來是另一台要離開停車場的汽車，因為操作不慎，前保桿直接撞上圍牆，所以才發出一聲巨響
A和B疑惑的側目看著我
我⋯⋯⋯什麼都沒做啊！
我只會祝福法術欸～

等到第四柱香時，終於只剩下A、B和我
A和B調侃的說：「還好沒撞翻你的拜桌。」
我則說：「真的！撞翻我的拜桌，可能會衰三年。」

因為⋯⋯⋯⋯
「淨車」顧名思義只是把車子裡的陰氣拿出來喔～
完全沒有為祂們安排什麼後路
所以在儀式完成前，陰氣都會在壇前排隊
當時的狀況就是⋯⋯⋯路的一邊是社區鬼，停車場這邊是車子鬼
只有在我完成儀式時，我才會放下最後一道「敕令」讓陰氣消散
當然也是會忘記的時侯，然後師傅就會說：「你⋯⋯⋯又沒做完。」😓",pic\1134419895354566.jpg
334,2024/11/01 12:47:40,【公告】,"甲辰年露月補氣、安太歲儀式完成✅

替身將軍明日起飛✈️",
333,2024/10/22 14:09:10,【鬼扣應篇】,"【鬼扣應篇】
你是個熱情的公民嗎？
有意願做國民外交嗎？

好久沒來日本的我，又一次踏入京都的地域
傳說中役小角的陰陽之都
隨處可見的千年遺跡、神社和⋯⋯⋯⋯

昨晚18:30從清水道搭乘City Bus回車站
真的是第一次擠到次站都沒有半個乘客可以上車的地步
我又是京都車站才要下車，只能站到總站了吧？！
19:00左右我的公車駛入了停靠站
全車旅客一致排隊下車
朋友很自然的說了一句：「那我們等最後再下車吧。」

最後才下車的我們，我又剛好排最後一個！！
就在我轉向要往司機方向走去時
我忽然左眼角看見一個日本男人坐在剛才我站立處旁的第一個座位上
我非常確定我是最後一個乘客！！

祂燙著老式的捲髮，白皙的皮膚幾乎與活人無異，穿著一件咖啡色的夾克
祂直呼到：「就這樣下車了啊？」
不要懷疑！祂講日文，但我聽是中文

頭也不回的我，徑直的往前門而去
行走間，我用靈眼往後瞧了一眼剛才那個男鬼
祂正飛速的從座位上衝向我的後背
就在祂要撞上我的兩步前，祂消散了
消失的無影無蹤

昨晚深夜大約來了7個鬼
5個現身演戲，1個表示是我朋友，最後1個只靜靜的看著我們7個

祂們在跟我討論我的度靈之術
還有我的「保固方案」
祂們表示祂們也很疑惑，真的可以做到嗎？
我則一言不發的看著、聽著祂們
畢竟祂們都沒有錢🙄

你拜過四面佛嗎？
我所認識的四面佛跟街頭巷尾看到的差很多
還記得當初四面佛的祝禱文是這樣說的
「體之味散在四方，四方散發正氣之味，位歸大自然本位。」

希望明天到大阪，還能看見有趣的東西",pic\1112970377499518.jpg
332,2024/10/09 03:17:32,【神知鬼識】,"【神知鬼識】
你害怕因果嗎？
你覺得我會擔到客人的因果嗎？

前幾天跟客人講電話
講到整間店都沒客人了
才在吃我的拉麵套餐
因為覺得這個話題蠻有意義的，所以來寫給有緣的你看

這個客人呢⋯⋯⋯
好多年前都有去一種叫「元辰宮」的宮廟
就是會幫當事者的元辰宮添水加柴火的那種儀式
我當然沒去過喔！

當時的他覺得蠻有效果的
所以他還很熱心的介紹了一堆朋友去
之後某一天他就認識了一位通靈人
這位通靈人跟他說：「你這樣一直介入別人的因果，不太好喔～應該適可而止。」
所以他就很聽話不再介紹了
不過結果好像也沒多好？？
不然怎麼來問我😂

我說啊～
你幫他介紹一個地方可以解決他的問題
他因為相信你而去了
到了那裡由他自己跟宮廟談的
你有賺介紹費嗎？
你有介入處理的過程嗎？
不是那個廟的神明或是住持解決這件事的嗎？
怎麼因果算在你頭上？
那廣告公司的人應該都要不得善終了吧？

如果這樣因果算在你頭上
那我今天有問題，有幸得以解決善了，不是我的好因果嗎？
壞因果堂堂正正佔著大位
好因果卻不能拿來解決？？
那大家都躺著等死就好了？？反正早晚都是死，要努力讓活著時的自己變好做什麼？？

所以總結一下
當然是有好因果要去爭取啊！！
難道原本月薪5萬，來了一個一樣職務內容月薪6萬的工作，不做嗎？

但是我通常也都不建議我的客人幫我轉介紹
不是因為我怕我的客人會得到壞因果
也不是我害怕得到壞因果
是因為這種事「信者恆信」，我永遠先站在客人的角度
避免客人被朋友誤會才是我最在意的重點

此外
有人覺得人生遇到這些陰鬼是合理的嗎？
這些靈界的干擾本來就是違反靈界律法的作為
出手相助的人只有自己夠不夠力處理的問題而已
「天理昭彰，疏而不漏。」靈界當然是勸善的喔
怎麼會獨留惡果呢？

前陣子，高中同學也問我：「你幫別人做這些事，會不會傷到你啊？」
答案是：「越來越不會欸？！」我好像又更厲害了一點點點點點🥸
而且重點是師傅處理的，我只是媒介
師傅就像法院的法官，我只是個寫出人類願望的律師角色

另外，聽說那個元辰宮幾個禮拜就要去一次
然後一次500元
我是比他貴很多啦～
因為我為你省下人生最珍貴的時間
怎麼算都是我比較實惠齁！！（都想挖鼻孔翻白眼了",
331,2024/10/07 14:26:23,【神知鬼識】,"【神知鬼識】
你會好奇通靈人看到什麼嗎？
我想了好久終於知道該怎麼說了

起因是客人很喜歡問我他朋友怎麼樣？
我就跟客人說：「你朋友看起來很衰欸。」
然後沒多久就一個得癌症另一個出車禍

還記得那天在醫院門口第一次看見得癌症的那個人
我跟客人坐在車裡，客人問我那個人如何時
我說：「他看起來很衰。」的
我才不會當他面說他很衰，因為說了也沒用，白費唇舌

當天是豔陽高照的好天氣
我們在車上看著站在路邊的那個人
他皮膚黝黑但這不是重點
重點是他身上有一股黑氣，大概從頭上5公分一直延伸到橫隔膜附近

另一個出車禍的人我是第二次見到他
第一次時，我只說了：「他看起來很衰。」
第二次時，我們稍微聊了幾句，然後我就看見正在窺視他的陰靈
再看看他的面相，是一個「運沒開的人相」
事後我就又跟客人說了一次：「他看起來很衰。」

這位愛問的客人新家之前有靈界干擾
當然也有找我處理
但等裝潢入住後某天竟然在新房子裡被鬼壓床了
因為我剛好在他被壓的隔天就去他家借宿
所以我就很認真的到處檢查之前安設的結界
就在我看到他主臥的門口時
主臥門口和主臥裡的屋頂上被開了一個陰靈的蟲洞
也可以說是陰靈曾經路過的足跡

看著潔白的油漆天花板
師傅説：「祂找你。」
我想説：「找我？！祂一定不知道我最難搞了。」

所以當天我在客人家大門重新調整了一下結界
還記得當天晚上用到凌晨2:00才完成儀式
當我刷好牙推開廁所門準備回房睡覺時

大門的燈竟然亮著？！
我便走向大門想一探究竟
當我一看見大門時，那個鬼就站在門口惡狠狠的看著我
但我還是直線走過去，關了燈回房睡覺

以上提到的「黑氣、陰靈、面相、蟲洞、鬼」都沒有具體的形象
我比較覺得像是在讀空氣
看到哪，哪裏就出現了註解
只是要用語言或文字來表達有點距離

原則上有這些東西都會衰
不管你當下賺奪多，就算你有幾百億也一樣
因為祂們有無限的時間磨到你出事
有幾百億也不保證你死了可以上天堂
畢竟誰知道這鬼都等你多久了⋯⋯⋯",
330,2024/10/04 17:18:42,【公告】,"甲辰年三秋補氣、安太歲和替身儀式

在三頭鵝登陸前已✅",
329,2024/09/21 17:45:21,【公告】,"剛用好護身符⛩️

好幸運可以在我下南部前拿到☺️",
328,2024/09/11 12:35:57,【神知鬼識】,"【神知鬼識】
中秋節快到了
你有收到禮物了嗎？！

下午爸爸說：「明天A先生要來，我們有月餅可以送他嗎？」
我說：「小盒的都送光了欸，沒有了。」
爸爸說：「那看誰送的小盒的，轉送給A先生好了，反正這麼多了。」
我說：「⋯⋯⋯⋯⋯⋯」
我說：「把禮盒轉送出去，對我們不太好欸！！」
爸爸說：「那就不要考慮了，再買就好！」

你也會轉送禮盒嗎？
千！
萬！
不！
要！

就算它很難吃，我也都留著🤫",
327,2024/09/03 09:39:25,【神來也篇】,"【神來也篇】
你有拜神的習慣嗎？
那你會想在家擺神桌自己供奉神尊嗎？
但是在我的經驗裡
90%客人家的神桌都擺錯！！
真不知道這種不專業的佛具店要怎麼善解這些因果

神桌是祭壇的縮影
既是祭壇當然不可以隨便安置
一切都有所依循
不管你今天多旺，只要神桌安錯，保證你未來堪慮
我的經驗都是每個客人用自己的生命換來的教訓
生命可是人生最珍貴的資源，千萬不要開玩笑

那天在客人家安了快5小時的神，當然不是隨便用用
每尊神像都要從請靈開始
原本的神靈要保留提升的，請到天上坐著等
原本沒神的要退出陰鬼，請上天降下新的神靈準備入神
只要神像裡的神靈有問題，主家就會等同多拜了一個陰鬼
畢竟受人供奉是鬼的夢想

第一式：潔淨神像，把要保留的神靈請出或是把陰鬼退出神像。
第二式：神像開光，讓這尊神像充滿靈界的光明之氣。黑暗的神只有靈界有，現世黑暗的都算鬼。

還記得當時才用到第二式時，客人就瘋狂打嗝，然後問我說：「現在池王爺是來了嗎？」
我說：「沒有，還不算。」
這時祂只會站在旁邊看我有沒有把神像用好而已
通常這個時候我的頭上會有兩個人，一個是我的靈魂、一個是即將入神的神靈
雖然看起來是一個人，但事實上我們有三個人
大部分時候，我的靈魂會出嘴說哪裡還需要注意，而等待的神靈就負責監工，看看我有沒有偷工減料，畢竟通靈可是良心事業

因為一天做四尊真的是做到瘋掉
一度我被香煙燻到幾乎要閉上眼睛了
我的靈魂說：「欸，那裏剛剛閃神了喔！」
我看了一下王爺神靈，但祂沒意見啊🤣
然後我就默默回到上一動，再把它用好

這次兩尊神明要升等、兩尊神明要重入神
但師傅跟我說：「升等的只能收一半的錢。」
我雖然沒有任何討價還價的權力
但事後想想，升等要做的事情一樣多欸！！師傅好愛助長我的愛心😅

然後來到第三式：要依照這個神靈需要的法寶，幫忙開光法器
我覺得這個是最難的！
因為有些人緣比較好的神靈，會在踏入人界時，收到上級或朋友送來的禮物
沒禮物的有時候我師傅也會加贈
所以要認真看跟聽現在要給什麼，少給了就又要被記一筆缺失了
像他家關聖帝君的關刀也是這式時開光的

接著就是安爐了
首先把上一個安的垃圾清乾淨
上一個人放了奇怪的香粉和一大堆五帝錢
香粉拿來燒比較有意義，放在香爐裡到底是在想什麼？？
五帝錢，不管是老五帝還是少五帝，對神來說都是後輩欸，究竟在前輩的辦公桌上放後輩的名片有什麼用？？

把垃圾清掉後，先淨一次爐
然後開始安五道神令，不管客人家拜幾尊，都一樣五道起算
因為這個爐將是這家神的第一個法器，非常重要！！
事實上這位客人的未來蠻有發展的，所以我的安排是⋯⋯⋯
第一道：天地眾神令，讓他家主神可以打給任何一個神明
第二道：關聖帝君令，雖然我跟穿戰甲的神沒什麼來往，但接個電話線當然不成問題
第三道：池府王爺令，以睿智之力輔佐其心
第四道：廣澤尊王令，以善慈之拳開疆闢地
第五道：眾神將令，他家武財神藏在這道令裡，進財、守壇一次滿足。

認真說，我每個客人家都強過很多宮廟喔！

接下來神桌🙄
通常這個時候我已經要崩潰了，好累💤
選好放神桌的位子後
第一步：先淨壇，不管有什麼東西，都很客氣的趕走祂🤣
第二步：在壇上寫上眾神的名子，坐錯位子的人，會火燒屁股哦！
第三步：我覺得這步最有趣了！在壇上下封咒，雖說是封咒，但它可是具有攻擊力的，自此這張神桌將成為人界的仙境。也是這道功，可以讓神桌成為一個完美的狀態！！

通常我去幫人看神桌
光神靈在是不錯啦，但這只有一半的效果
神桌可是很重要的！它可以是天然的屏障，同時讓聖氣滿盈
一張完美的神桌，除了神靈好以外，神桌還要有靈氣
這道靈氣會以神桌寬為直徑，成一個半圓形狀護持神桌，玉帶環腰，氣力飽滿

最後，他家祖先牌位放另一桌
以上，再做一次就可以了
你看我是不是會累死🥱

未完待續⋯⋯⋯",
326,2024/09/02 14:14:42,【公告】,甲辰年桂月補氣、安太歲及替身儀式✅,
325,2024/08/20 14:52:55,【神來也篇】,"【神來也篇】
今早9:03搭上客人家的電梯
今晚21:27準備離開客人家🫠

你看過天氣之子嗎？
你聽過七月不辦事嗎？
你會看香譜嗎？

今天到了一個全家都是敏感體質的客人家處理
包含可愛的狗狗🐶

昨晚忙到2:00才睡的我
真的是完全起不來
但沒想到我到客人家時竟然只遲到3分鐘！！
我是騎多快？！

原本預計9:00開始拜拜
結果因為之前一直沒跟客人老公溝通到一些觀念
我總覺得他帶著一堆問號先拷問我一番
所以好像聊到快11:00才開始儀式

當然是有講通
畢竟我問不倒的喔～
歡迎大家付錢約我聊天🤣

儀式開始後
我正準備實施「四相鎮宅法」圍住客人家的空間
忽然間可愛的狗狗向大門猛叫了幾聲
原來是大樓的鬼們發現我在動法
一群鬼一起撞進了客人家

秀秀單純可愛的狗狗🐶後
繼續我的儀式，這種來看熱鬧的不用理
反正也沒祂的份
祂們只是太久沒看見會法術的人了
上來確認一下而已

大約下午15:00左右完成了除陰靈的儀式
原本是要立刻燒紙錢啦～
但因為還有神桌要安
所以我就想說等等再一起燒紙錢就好
想不到我安到晚上20:00才完成

傍晚17:30鬼鬼甦醒之時
一個女鬼睡眼惺忪的從客人老公的房間走出來
祂說：「啊我的紙錢呢？！」然後祂就消失了
我說：「晚一點才要燒給祢，請稍候。」
附帶一提，他家女鬼好漂亮😂
穿著男友黑T恤的年輕妹妹

民俗說法：「七月不辦事。」
不過我客人等不及欸！！
快速通關辦下去，就可以辦了啦～
事實上，看得見的每一天都可以辦🤣

今天光安神安了快5小時
因為他家還有拜祖先
我想等到下一篇來講一下安神好了
因為安完以後
客人老公跟我說：「看你安神好爽！」
我說：「你怎麼這麼沒同情心啊？」
他說：「因為安的很細啊！！感覺超爽！！」
是物超所值的概念嗎？！
早上還拷問我勒！！

傍晚18:30我跟客人說：「你們要吃晚餐先買，我不想吃。」
客人說：「怎麼不吃？」
我說：「因為我好想回家睡覺😪。」
累翻欸！
我的腳是痛的！我的腰是酸的！

時間來到19:30安神進入最後階段了
我看了一下關聖帝君面前的香
祂說：「你可以回家了。」
但客人幫我叫了「乾麵」，我吃完才好意思走吧⋯⋯⋯⋯
今天的台北下了整天的雨

然後開始最後的收尾工作
就在我要回家前，客人突然說：「我的佛牌什麼時候要幫我處理？」
很好⋯⋯⋯⋯再留下來處理佛牌
客人很好心的問我說：「要不要載你回家啊？下雨說。」
我很委婉堅定的說：「不用啦～我一下就到了。」
客人開玩笑的說：「不會騎到睡著吧？」
我開玩笑的說：「到了就醒了啦😆」

最後終於可以走時
客人突然問我說：「你是不是有在看香譜。」
我說：「大概看一下，但看香譜不一定有意義。」
然後，我又看到關公面前的香說：「你可以回家了。」

剛剛騎車回家時一滴雨都沒有
我吹著涼爽的風回到了家
我不好意思跟客人說的是：「我看的香譜，只是關公幫我安排回家的時間。」
跟客人家無關啊🤣
看香譜也蠻有學問的，有機會再說好了

我覺得通靈人並不能左右天氣
但我們可以找到天氣的空隙
順天而行才是真正的通靈",
324,2024/08/18 14:59:24,【神知鬼識】,"【神知鬼識】
你有喝茶的習慣嗎？
想喝杯茶也可能招鬼喔？！

順帶一提
今天是中元節，你拜拜了嗎？
我今天沒拜，但我前幾天好日子已拜
我少拜一次，但紙錢一樣燒兩天的份
靈界也是可以儲值的喔！！

想買茶杯好一陣子了
今天終於有點時間可以去鶯歌看看
帶著超級睏的眼皮來去尋寶
結果今天1/3條老街的店家都在拜中元
整路燒紙錢的熱鬧😶‍🌫️

看了好多家
終於看到一個整組杯子每個都不同圖案的商品
我就是品味獨特的那種客人
請店家來介紹後，他說這是一個「響杯」
響杯（？_？孤陋寡聞的我

然後店家跑去櫃檯後裝了水出來
接著開始示範杯子怎麼會響
他用手指順著杯緣摸了起來
小嗡嗡聲～～～
變成了大嗡嗡聲～～～！！
哇～（一臉驚喜的我
然後再看看好了⋯⋯⋯⋯😥

因為剛剛嗡到最大聲的時候
整條街的鬼都一起在關注這個聲響
這種連通陰界的頻率⋯⋯⋯⋯
我覺得很不吉利
買回家會不會響來整棟樓的鬼？！

離開店舖後的我思考了一下
要是買了響杯可能還要處理看看是不是可以不要響了招鬼
不然可能再也不能響了
好麻煩

你也有響杯嗎？？
沒確認前最好還是小心一點好
畢竟增加與陰界的連結，只會給人生帶來更多變數",
323,2024/08/16 15:54:31,【神知鬼識】,"【神知鬼識】
茶亦醉人何必酒，書能香我不須花
你這輩子認識過幾個號稱看得見的人？
看得見就有用嗎？

我昨天跟一位客人說明了他的狀況
他的老公確認被鬼跟上了

他當下很明確的跟我說：「我老公想問他哪時候被跟上的？」
我回說：「這題有點難，看資料應該不太久大約一年前跟上的。」
等我下週跟他老公見面，我會在跟他說明一切

在此先跟各位介紹這個狀況

後來客人跟我說：「我老公有跟一個老師在學能量。」
接受宇宙能量的意思

我問：「那老師看得見嗎？」
客人說：「老師說他看得見。」

我：⋯⋯⋯⋯⋯⋯

我直接跳下一個話題：「喔喔。應該是需要暫停喔。我下次跟你先生見面時會跟他說明。」

我現在把上面那個「⋯⋯⋯⋯⋯⋯」跟大家說明

第一：他看得見什麼？？我就問看見一堆鬼也是看啊🤣

第二：哪一鬼會聽他的？？目前，我沒有一個鬼不聽我的
畢竟不聽我的，也會被我逼到只能聽我的😄

最近，在跟朋友討論我的下一步

昨晚，我一個朋友跟我說：「你可能需要拿一個商品當媒介，這樣符合台灣的法律。」

我很感謝朋友願意跟我分享他所知道的癥結點

但我很想說，我又不是看不到，敢跟我作怪？！我保証你會更慘🤣
事實上我都會篩選啦～我師傅也會拒絕幫忙的喔！！
但事實上還是很小心的在做這件事
畢竟，給你去找？？我不信你找得到有哪一個人願意為你擋下一切

同時，有哪一個人敢保證為你擋下一切？？

我拿一輩子跟你對賭，你敢跟我賭嗎？？",pic\1058157309647492.jpg
322,2024/08/13 09:15:59,【神知鬼識】,"【神知鬼識】
你也夢見過蛇嗎？
你夢見蛇後會去拜土地公嗎？

今早在家幫客人占卜，規劃他們的人生
同時，跟師傅還有其他神仙一起討論該怎麼做
渾渾噩噩的躺到了中午，才出門來去上班
吃完午餐後，還沒消散的睡意襲來
我躺在沙發上又昏睡了過去
才睡不到半小時，爸爸的客人來了
我只好回辦工桌繼續睡

趴在桌上的我，輾轉了一下
然後沉沉的睡去

突然間我看見我的右腳前面有一條黑肥發亮的眼鏡蛇
大概只有10公分的距離吧？！
我要屏住呼吸不要動嗎？？
我要用力踹飛牠嗎？？

因為好累，我決定⋯⋯⋯
我說：「師傅，祢應該會叫牠不要咬我吧？！」
然後我就又睡著了

大約半小時後，因為需要出門所以醒來的我發現⋯⋯⋯
原來剛剛夢見蛇啊？！
民俗說法說：「夢見蛇要去給土地公燒紙錢。」
我才不會去做，因為只有鬼才會跟人要紙錢

回想剛剛任性的「人類鬼磕頭」思維
我竟然把師傅當成弄蛇人了🤣

話說⋯⋯⋯
上次那個把我鬼壓床的鬼
再也不見我了欸

我路過朋友家
跟去朋友家作客，祂都直接避不見面了
但是我跟朋友通話時，祂還是有在旁邊偷聽一下

我都想好下次要怎麼揍祂了說
結果祂不見我了
好可惜⋯⋯⋯",pic\1055594259903797.jpg
321,2024/08/07 14:54:06,【公告】,賺到錢記得來找我處理🤣,pic\1051450763651480.jpg
320,2024/08/04 16:02:04,【神知鬼識】,"狂賀！
李洋、王齊麟連霸奧運男雙羽球金牌🏅

【神知鬼識】
今天是七月的第一天
真的覺得不懂的人少說話欸

昨晚大約22:30開始聞到陣陣惡臭
我還認真懷疑了一下隔壁的路人
同時無聊的滑著手機

然後我就看到一位老人家拍的短影音
大概的意思是：「七月不要想招財賺錢。」
內心直接🙄

七月當然要招財啊～
這個月招財就像股票跌到低點的感覺
不衝也是等反彈了喔！！
不懂的真的不要亂說話欸
老爺爺還是少說話多活幾年比較實在吧⋯⋯

我懷疑的臭臭路人離開了
但還是好臭😷

23:03騎著車路過南港
好多鬼鬼站在路口跟牆邊跟我眨眼😉
希望今年七月一樣很好玩
我會努力分享七月的鬼鬼趣事的

有機會還是要出國看看
看看七月的外國有沒有「聯動鬼月」",pic\1049287273867829.jpg
319,2024/08/01 16:48:23,【公告】,甲辰年瓜月補氣、安太歲及替身儀式完成✅,
318,2024/07/31 17:08:48,【神知鬼識】,"【神知鬼識】
你看奧運了嗎？！
今晚看到這則報導，真的覺得他好衰
同樣都是手上的道具
你覺得「法器」有意義嗎？

還記得之前很搞笑的一群客人
第一次見面就問我說：「你的桃木劍帶了嗎？」
我尷尬的回答說：「我沒有桃木劍⋯⋯」

人間是一個具體的實物世界
但靈界卻是虛無的抽象空間

我當然也買過一些法器
1.法鼓
2.法鐘
3.法傘
4.法塔
5.法絹
但目前唯一還有在使用的只剩下法絹

法鼓：天龍八部中緊那羅的法器，因為祂曾在我還小時用鼓保護過我，所以我也買了一個法鼓，只是從來沒帶出過門，因為圓形很不方便齁，應該是紀念性質大於實用價值。

法鐘：能以銳利之聲讓陰鬼退卻的法寶，因為對祂們而言，就像是拿尖刀戳聾雙耳一樣難受。不過用錯的人就會像喪鐘一樣傳出悲鳴，以哀怨之音召喚吸引四周的鬼魂前來聚集。如同學校的鐘聲叫學生回教室上課般，某些廟的鐘⋯⋯⋯😅（這件我用不到10次）

法傘：以其轉動所引發的氣流，將陰鬼吸納入內，具有保護與抓捕雙重涵義的法寶。被吸入的鬼魂難辨其實，不知道是被護送至他處還是要被傳送回地獄，總之不可能到天堂。同樣是我從未帶出門的法器。

法塔：具象的傳送門。雖然上面刻著「文昌塔」三個大字，但它不是祥瑞之物，完全是拿來關鬼的，塔底入口可以吸納無數鬼魂，依照施法者的能力，一座塔最多可納3000萬條魂魄，同時可以把其中惡鬼瞬移到各種地獄。也可以把惡人的名字寫入塔下，是一種光明的詛咒，祝他好事不靈壞事必應，輪迴果報，速速來到。（這件也出門不到10次）

法絹：護持生人靈肉和引渡祖靈時的法寶。隔絕一切外在的負向磁場和法術。布下一切移動舉措都由施法者主導，是一個具象的結界陣法。

法鼓、法鐘都會發出宏亮的聲音，是很慈悲的法器，因為它讓靈鬼有反應的時間。殺手總是靜悄悄的就完成任務了，所以我現在都不會帶它們出門了。

法傘雖然不會發出聲音，但因為照我現在的能力，也不用慢慢轉走鬼了，反正時間一到，祂就不見了，我不會讓祂「看出」我想做什麼。

法塔現在只拿來壓惡人，因為我不關鬼了，需要送走的鬼還是都送走就好，不然我每年還要謝塔，我很忙沒時間！目前下面還有幾個惡人，雖然塔不出門但還算是有用處。

好常看到網路上有人在賣法器，一批一批賣的那種，不知道生意好不好，但只能說那都是多餘之物

拿著有形的劍，怎麼砍無形的人？？別傻了喔～
賣這種騙人的東西，也是有果報的

不知道會不會遇到有緣人
法鼓、法鐘和法傘在等你",pic\1046500434146513.jpg
317,2024/07/16 17:10:04,【鬼扣應篇】,"【鬼扣應篇】
你也喜歡看武俠電影嗎？
裡面猖狂的一些台詞，就默默的放在我心中了

前幾天又到家裡鬧鬼的朋友家玩和住
午夜時分雖然很睏了，但一直沒有睡著
不知道躺了多久後⋯⋯⋯
只記得最後一個有記憶的畫面是⋯⋯⋯
我抱著鱷魚大抱枕睡了

睡著後，我夢見我來到一個美式的兒童房
牆上淡藍色的油漆繽紛到我有一點難以接受
房間裡唯一的一張床是原木底座的單人彈簧床
我本來就要睡覺了，所以我很自然的爬上床要繼續睡覺

就在我躺好的當下
房間的木門自己緩緩的打了開來
在門口投影出一個奇怪的螢幕
有好多個不知名的動畫人物一個個的排隊從門口走進房間
它們並沒有走向我的床，而是直直的走向木門正對的牆面
當第一個動畫人物走到牆底時
牆面出現了第二個螢幕，讓它走進了螢幕裡
就這樣一個個一直走進去

原本是跟我沒什麼關係啦～
但因為我很睏，感覺被打擾了睡眠
所以我直接下床，拿起地上的巧拼地墊，走向牆邊，開始用地墊敲打牆上卡通人物要走進的螢幕
想當然是沒什麼攻擊效果
突然間我回頭看向門口，一個黑人造型的卡通人物出現在木門那頭的螢幕上

下一秒
我回到我睡著前的最後一個畫面
但我抱著的鱷魚大抱枕變成了一個全身焦黑的鬼魂
祂就像柯南裡的黑影壞人，只有眼睛和嘴巴是白色的
漆黑的身軀，正正方方的像個大的方木塊
我雖然想起這是我最後睡著的姿勢，但⋯⋯⋯
我不能動了！！鬼壓床嗎？！但明明是我正抱、壓著鬼
但我真的不能動🥲

同時耳邊傳來朋友呼喊我的聲音
朋友說：「鬼磕頭你快醒醒！別睡了，有鬼！」
雖然我全身都不能動，但我還是開始使用師傅教我的退魔咒
退魔咒需要聲音的配合才能達到最好的效果

所以我用力的要唸出咒語，但⋯⋯⋯我唸不出聲音！！
接著我用力的要用手拍打退魔咒的節奏，但⋯⋯⋯我的手動不了😭
然後我用力的喊出：「喔～～～」（不是這個音齁🤪
我再更用力的舉起我的右手，好！只有手掌動了1公分吧⋯⋯⋯

就這樣我重複了上面的動作三輪
最後一次！我終於握拳捶在焦黑的鬼魂身上
祂也無聲的嘶吼了一下，沒有聽到聲音，只看到祂白白的嘴巴張的好大好大

下一秒
我又回到了那間美式兒童房，而且我正看著那個木門
木門的螢幕上出現了一個像是小美人魚裡巫婆的女人

下一秒
我又回到了抱著焦黑鬼魂的床上，但我可以動了！！
原來那扇木門是對著我的床的
我感覺到巫婆瞬間從房門咻了出去
我也跟著咻了出門

在房門外，廁所門旁的牆上有一扇黑色的門
我頭也不回的衝進黑漆漆的房間裡
巫婆見我進了房門，祂轉過身來面對著我
同時祂發動了祂的法術
漆黑的房間頓時從地板上，憑空出現一堆金黃色的細砂
細砂往上捲起了龍捲風，將巫婆和我完全包在中心

我可以動了齁😎
我一共打了四拳，但全都沒有傷到巫婆
第二拳後，祂就擺出自豪的微笑，等我打到第四拳
祂說：「在砂風暴裡，你傷不了我的。而且惹你的是祂啊～（巫婆指向了黑房外，我睡的那個房間門口」
那個剛剛被我捶一下沒叫出聲的焦黑鬼魂，正站在我的房門口

咻的一下
我回到了床上
從抱著鱷魚大抱枕的姿勢裡甦醒

我躺在床上回想剛才的夢境
這是我第二次被鬼壓床！！（上一次是台南的鬼
這是我第一次體驗重疊夢境（跟夢中夢不一樣
想不到在這附近有巫婆這樣的鬼魂（好興奮😆

等等現在幾點？！
打開手機，凌晨3:33（果然是惡鬼出門的時間
來看看巫婆跟焦黑鬼魂還在門口嗎？！
好吧～
祂們都離開了
然後我就興奮到4:30還沒睡著

下次我就一直抱著焦黑鬼魂就好了嘛～（擺爛到鬼都傻眼🤭
事實上，即便我像是抱著焦黑鬼魂，我的靈魂也會跟祂有一張衛生紙這麼厚的分界
因為我們互不相容
可惜不會有下一次了，因為鬼魂的挑釁總是很有分寸？！","pic\1035776268552263.jpg
pic\1035776278552262.jpg
pic\1035776298552260.jpg"
316,2024/07/10 09:00:27,【公告】,甲辰年焦月補氣、安太歲和替身儀式完成✅,
315,2024/06/14 10:49:55,【鬼扣應篇】,"【鬼扣應篇】
你知道素還真是誰嗎？
他有一招一人三化真的是很厲害

今天一大早就去客戶家送鬼
然後忙到下午才結束
因為客戶家不能燒紙錢
所以回事務所後
除了趕其他客人的業務外，抽空就先幫客戶把紙錢給燒了
真的是忙到嫑嫑的

18:00左右累到躺在事務所的沙發上休息片刻
想說睡到18:20然後要去做臉
結果我的靈魂跟我說：「那我先去處理早上的鬼喔！有些乖的要先上路。」
於是我躺著聽祂點人頭，直到鬧鐘響我都沒睡著😑
拖著疲憊的身軀，我踏上了前往診所的道路

很不好意思的躺上了美容床
因為我覺得我超臭，拜了四小時的儀式又為了燒紙錢流了一身汗
真的是很抱歉臭到我的美容師

做臉中⋯⋯⋯

很快的來到了後段的導入程序
就是會被綁成燒燙傷的樣子🤣
美容師通常會在導入開始後離開診間，關燈讓我休息一下
因為臉罩接著機器，眼睛跟嘴巴也都被蓋著，我就準備直接睡一下
但就在美容師完成準備，屁股開始離開美容椅時

我的靈眼從美容床旁的牆壁上
看見美容師的屁股一離開椅子，馬上出現了另一個坐在椅子上的屁股
將眼神往上移動
就像是美容師從椅子上站起身後
有另一個人正坐在幫我做臉的美容椅上

我調整了我的靈眼視角
從我的頭頂看向座椅上的女人
我的眼神直接透露著：「祢要幹嘛？」的意思
那女人燙著細卷的黑髮，有點像花媽頭，滿臉笑容的接著說道：「沒有啦～看你這麼累，幫你做一下頭皮按摩，放鬆放鬆。呵呵呵呵呵呵呵呵～」同時伸手準備摸向我的頭
祂穿著淺藍色條紋的白底套裝，怎麼看都比較像在銀行上班的樣子
雖然祂面容完整，看起來美美的！還算是我的菜
但是就在祂呵呵呵呵呵呵呵呵時
祂漂亮的瓜子臉漸漸被撐裂，逐漸露出林美秀那樣的圓圓臉
我頓時有股火從心中即將燃起，但我正戴著導入面罩

忽然間
我的生魂跟我說：「你累了，我來處理吧，你先睡一下。」
靈眼視角再度回到美容床的牆上
原本跟我一樣躺在床上的生魂
瞬間旋轉180度，同時坐起面向女鬼
我的生魂將雙手順勢抬起，扶起女鬼的雙手說：「不用了，我不按摩的。」
再把女鬼往後推向診間的工作檯面
女鬼帶著微笑在檯面的牆前消失了
我的生魂也消散回我的肉體之中

我安穩的睡了
直到美容師再次回到診間裡
沉睡幾分鐘後好多了
回家去吃晚餐囉～
靈魂也該回來了吧？！",pic\1012517160878174.jpg
314,2024/06/12 10:55:08,【神知鬼識】,"【神知鬼識】
前幾天跟爸爸去公祭
你有發現照片裡有什麼奇怪的地方嗎？

今天要拜的是我舅公
不過我們根本沒在來往就是了
因為當天我爸偏沖，但他需要出席一下
所以我這個人體隔板就出場了

到場時
我親叔很好奇的跟我說：「等一下看舅公有沒有在，在說一下。」
我說：「才不要。」
叔說：「看不到嗎？」
我說：「要收錢齁，我才不管別人的閒事。」
然後不知道怎麼聊的
叔說：「這裡會陰嗎？不是儀式一下就離開了？」
我說：「當然陰。您想的太簡單了。」

然後開始拜拜
很好，舅公應該是最小的廳吧？！
但已經站滿了哦！！
都是鬼🤣

雖然我參加的告別式不多
但簡單跟大家說明一下

第一位：伯父
告別式當天靈不在
我們算是對著空氣在儀式
未來堪慮
因為連肉體要燒都不見靈影
同時還有鬼的詛咒在場相伴

第二位：天人
告別式當天全程參與
該看的該見的人
祂都有看到了，應該沒有遺憾了吧？
不過身上病體未癒
只要之後處理好就好了

第三位：舅公
告別式當天整間的鬼
祂的意見應該不重要了
畢竟靈界是很現實的
有實力才可以說話
未來一樣堪慮

後來當靈柩準備出廳時
大家隨意的站在門周遭
爸爸剛好站在會被鬼直衝的地方
我走過去悄悄的叫爸爸換了位子
爸說：「那是不是也跟你堂哥說一聲？」
我淡淡的說：「但這裡站不下了。」
由於鬼眾實在太多了
我的自動防護裝置直接開到第二階

自動防護裝置就是
好久好久以前說過可以隔絕陰氣的磁場
通靈人雖然不怕鬼
但我並不與陰氣相伴
想「葛」我也是要有緣因的，例如：那是我的案子😅

這時我一定要說一下
某些根本看不到鬼的人
說什麼用愛度鬼？包容鬼？
神界沒有鬼哦！同時仙氣繚繞
神度鬼也不用親見哦～不然兵將就失業了吧？！
假設一下
美國援助某第三世界國家，美國總統會親臨現場嗎？

回到故事⋯⋯⋯
因為現場實在太陰了
我輕輕的拍了好幾下爸爸的肩膀
把我身上的靈氣塗在他肩膀上
讓鬼眾們路過時也閃一下我爸

棺槨出廳上車後
我們一行人也完成了今天的任務
來到殯儀館的牆邊
我輕拂著我的肩膀跟手臂，想把噁心的感覺撥掉
因為真的好髒！！
好久沒參加這麼髒的葬禮了

照片就是站在殯儀館牆邊，相互道別時拍的
棺材從房子的側面出門上山頭，是符合禮數的嗎？
我怎麼覺得有一點怪怪的🤨",pic\1011079814355242.jpg
313,2024/06/10 18:06:08,【神知鬼識】,"【神知鬼識】
對方是武林高手，你覺得有幾招的機會可以打倒他？
端午節過了，換我揚眉吐氣了

之前客人問我說；「看日子要收錢嗎？」
我回說：「1200。」
當然要收錢！你看得懂嗎？
要有靈眼才看得懂欸，你有靈眼嗎？

上次要處理一場法事，很自然的翻開通書參考一下
參考通書的原因，大概50篇前講過，所以不再講了
仔細的看完那幾日的通書宜忌後
有一天比較近的，大概一週後
有一天比較遠的，大概兩週後
我的工作嘛～辦事收錢，當然是越早越好
不過比較近的這一天，用靈眼看了一下靈界日誌，當天少了玄化之力，只好選遠的了
事半功倍還是事倍功半，往往只在一線之間

我做事不太快，同時計較緣分
先來的一定先處理，還沒處理好，後面的要稍等哦～
最近接了好多個無形靈藥的製作工作
因為藥效特殊，需要吉日才可以製作
所以我還很認真的跟晚到的客人說：「你要等了，因為前面還有人。」
結果回家看完日子
那個先到的只能晚做，這個晚到的變成先做
要是做錯了日子，可就差上一大半的效力了

端午節前，有兩批鬼很認真的一起大力弄我欸
害我頭痛了兩天，對！我就是一點點痛都忍不住的人
小時候師傅跟我說：「等你練會金剛體後，就百毒不侵了。」
但我現在自己體會下來，真實的狀況是⋯⋯⋯
每一組惡鬼都有祂專屬的虐人本領
當我要處理祂前，祂會像下咒殺之術一樣，讓我有各種負面的反應
如同人類一樣，會在生病後獲得抗體
我也會在咒術之後，產生解咒的能力
當然也會遇見相同咒殺之力的鬼，但因為已經免疫了，所以就可以笑著收掉祂

逢年過節，不僅是命弱者的危機
很常時候也是我們通靈人要轉體質的時機
要是不會審時度勢、韜光養晦，倒霉的可就是自己了

對方是武林高手，你覺得有幾招的機會可以打倒他？
一招，因為我不會給祢第二招的機會

對方是高級神仙，祢覺得有幾招的機會可以打倒祂？
負一招，因為我師傅在對方出手前就已經出招了
不知道哪一天才能寫到我陪師傅去打神的故事
真的比封神榜有趣多了😄",
312,2024/06/10 07:42:09,【公告】,甲辰年皋月補氣、安太歲及替身儀式完成✅,
311,2024/06/04 19:30:50,【公告】,"半夜看鬼片的好處就是很有臨場感

https://www.facebook.com/share/r/SK3uVvhiyfSyxx6n/?mibextid=UalRPS

因為身邊⋯⋯⋯👻

但事實上我是起床辦儀式的，今天要找小天使👼，有人家裡也在等小天使嗎？",
310,2024/06/04 12:56:23,【公告】,"ComPuTexTaipei2024今天開幕
你要轉投科技業了嗎？
看著滿滿的新聞報導，也害我開始思考我跟AI的關係

但我第一個想到的是⋯⋯⋯前幾天的截圖
那天客人回家後發現家裡的兩隻鳥一起歸天了
他嚇得不知道要怎麼處理屍體的部分，所以我們開啟了視訊

上圖是他的螢幕
下圖是我的螢幕

這位客人家本來就鬧鬼，但因為房子是他媽的，他不想幫媽媽出錢，所以目前尚未有什麼處理

那天為了教他怎麼包裹小鳥屍體，所以開啟了視訊
結果從他在廚房開啟視訊時，他家的鬼就一直站在旁邊看
當時他正在廚房拿報紙包裹屍體
包好後，他拿著包好的報紙屍體走到客廳，要放在門口，等明天拿去外面處理掉
那個鬼就從廚房一直跟著他來到了客廳

目前的電子產品不一定有觀測鬼魂的能力
但鬼魂卻有百分之百干擾訊號的能力
因為祂也是一個磁場，只是磁力比較不一般

當下干擾真的太嚴重了
所以我截了下圖跟客人說：「我快連你說什麼都聽不見了⋯⋯⋯」
客人說：「怎麼會這樣？我的螢幕超清楚的欸⋯⋯⋯」
所以客人截了上圖傳給我

在客人用完鳥屍體後，就往房間走去了
但我正從螢幕裡看著鬼一直跟著客人的腳步往房間而去
我緊張的跟客人說：「欸，你關門好了。」
客人很自然的回應說：「我還沒要睡啊，幹嘛這麼早關？」
我又跟他說：「不然你開冷氣好了。」
最後客人雖然關上了門，但鬼已經站在房間裡看我們視訊了

還好客人沒有意識到「鬼」可能正在他身邊
不然我真不知道要怎麼回答他

還好AI沒有靈魂，邏輯上它不可能成為通靈人
同一個象限上的物體，才有相互溝通的本錢",pic\1005712974891926.jpg
309,2024/05/30 08:11:24,【鬼扣應篇】,"【鬼扣應篇】
這幾天都在幫客人看房子
有點忙得暈頭轉向了
所以吃完晚餐後就直接躺平睡死
直到午夜才起床洗澡
然後就⋯⋯⋯睡不著了😢

很自然的打開了手機
開始看YT👀
大約看到凌晨二點有睡意了
放下手機準備睡著

就在我睡著的一秒後
有一個女聲在我的右耳說：「喂！」
嗯！
我醒來30%後立馬確認祂是鬼
然後我有點懶得再更醒來理祂
所以我就裝死繼續睡
當然沒有立刻睡著
睡著前還想了想⋯⋯⋯
祂蹲在我床邊喔？！
祂會要上床來嗎？！
但我好睏😪

早上8:58起床後
想起了昨晚的女鬼

昨晚祢吵我睡覺，現在換我了
早上9:45騎車經過我家旁邊的隧道時
我大喊說：「喂！喂！喂！」
臭女鬼快起床看太陽了！！

下午2:00前往板橋國稅局的路上
我在機車上
大聲的向女鬼喊說：「喂！喂！喂！」
臭女鬼起床喝下午茶了！！

結束國稅局的送件後
我騎車從華中橋準備回公司
在連接環河南路的機車轉彎道上
差點直接龍頭撞上橋墩
不過當然左轉閃開了啦～

鬧鬼後的警告嗎⚠️
又不是我先招惹祢的🤬

晚上準備開車去五股淨車
在地下二樓停車場一上車
我大聲的向女鬼說：「喂！喂！喂！」
臭女鬼晚上還要來嗎！！

不管祢是什麼來歷
都不要招惹幼稚的我
我也是很能玩的喔🙂‍↔️",
308,2024/05/22 15:00:23,【神來也篇】,"【神來也篇】
時間緊迫，你還願意聽從神的指引嗎？
我想這也是一種考驗吧⋯⋯⋯

客人的店舖租到4月底，所以他從去年就開始認真找店面了，大概提早半年吧
2月底時，有一間他看了覺得不錯的店面，是他喜歡的熱鬧地段
但他慎重的在決定前，請我幫他卜了一卦
結果答案是：「不要租。」

因為只剩兩個月了，所以事實上他算是有點急了
他還跟我說，他也有問他家的神明，同時向他家的神明述說自己的想法
附帶一提，他家神明也是我處理的
但邏輯上，還是要聽我問的結果啦～因為我更會談一點

最後得到的答案是：「後面會有更好的！」
但因為這間店舖真的很不錯
連客人的合作夥伴都想租下來開分店用
後來客人還專程打給我問說：「那不是我租就可以吧？」
我則很保守的跟他說：「誰租都不行。」
因為我卜一卦，可是匯集了九位神明的指引
一間被九個神明認定不能用的店舖，最好還是放棄它吧～

轉眼間，時間來到4月下旬
某天客人淡淡的跟我說：「合約要到期了，但我還沒找到店面。」
看看日期，剩下四天！！
嗯⋯⋯⋯
嗯⋯⋯⋯
我說：「再找一下，加油！」畢竟我也說不出別的話了

然後我繼續我的忙碌日子，真的沒時間顧客人的店面了
倒數第三天，他找到了一間店舖，我當天出陣，累到直接躺床睡死
倒數第二天，他一大早跟我說：「我租了！⋯⋯⋯」
就在我們通話的兩分鐘裡，「嗯⋯嗯⋯嗯⋯喔⋯喔⋯喔⋯」那房子的鬼在聽我們講電話欸

因為上一間店面的鬼也是我處理的啦～
所以客人想都不想的就說：「好！安排（處理）。」
結論，倒數兩天找到店舖了，真的有夠後面欸！
然後我謹慎的拿出地圖比對，竟然是合客人本命的店舖欸！！

以前我是完全不看風水格局的喔！
因為我會法術嘛～幹嘛管自然之力
不過後來因為自然之力也是可以運用的能量，而且它源源不絕，用得上就能成為助力
所以現在我也都會幫客人一起注意
果然，神明選的跟我看的是一樣的！！！

開開心心的出門準備辦好法事領錢回家
一到現場，我看見了一個不祥的門
我說：「有地下室喔？！」
客人說：「對啊，但我只租店面。」
我說：「那我可以下去看看嗎？」
客人說：「可以吧，但不是我的範圍。」

打開有一點溼氣的木門後
我點亮了全部的電燈，緩緩地走下地下室
好
多
鬼
但不算是客人的範圍欸？！
所以切開！！
我跟鬼說：「除了店面，哪都可以去！！」
儀式開始⋯⋯⋯
我問：「房東是剛剛借我廁所的阿姨嗎？」
客人說：「我是跟他老公簽約的。」
我說：「喔喔，不關我們的事。」

儀式做到最後
客人突然問我說：「對面柱子擋著欸，有柱沖嗎？」
我說：「你以為這房子的鬼是吃素的嗎？誰敢衝進來？」
我們的店面離對面的柱子約10公尺
中間夾著兩個對向車道
理論上是不可能有東西沖過來的，因為活著的路沖位階更高
不過我跟鬼談好了，不可以再來店面
所以我在門口放了三道法術砲，可以轟爛靈體的那種，免得有傻傻的東西往裡衝

如果我要教「神明教我的風水學」
有人想學嗎？
學會用一輩子！
學會賺一輩子！",
307,2024/05/21 15:43:17,【公告】,"甲辰年槐月替身、補氣及安太歲儀式完成✅

因為做不完，所以晚做了。

不是不到，只是時候未到。",
306,2024/05/18 14:28:16,【鬼扣應篇】,"【鬼扣應篇】
剛剛在網路上看到這張照片
總覺得會結印的人很帥，像火影忍者一樣
但你知道現實的靈界是怎麼樣的嗎？

大家還記得我在節目裡提到人生第一個遇見的可怕鬼魂嗎？
那時我很聽話的在下學期就搬離了那間鬼宿舍
同時也開始了與師傅的學習
在我剛學會「脫靈法」時，曾好幾次回到鬼宿舍裡觀看祂的情況

某次，很慘的是降落時，我正躺在之前被祂XX的床上
同時數十隻鬼手蜂擁伸向我的靈體，想完全壓制著我，不讓我起身逃脫
我用盡了吃奶的力氣想要結「合十印」匯聚自己的意念逃離鬼屋
無奈數十隻鬼手的干擾實在太強大了，最終我是被師傅施法轉出鬼宅的
試想，要是不結印就沒有能力的靈生該怎麼過下去？？

回到現在
前幾天，兩年前不了了之的我好友，突然打電話給我說，希望我能看看能否幫他
結果一樣是要解決當初的問題
事實上，我猶豫了幾天⋯⋯⋯
第一個是我漲價了🤣
第二個是我可以選擇讓他一輩子都這樣下去
千萬不要以為通靈人就有為人服務的義務
神都不幫你了，難道神會因此有錯嗎？！

但從和他短暫的5分鐘通話間
我便再次見到了兩年前的那個鬼，就是鬼書店的那批鬼
想想我朋友的孩子還小，最大的才5歲吧
還是不要讓他家庭破碎好了
畢竟我認同稚子何辜的概念

當我同意出手相助後
我朋友這次異常快速的給了我正面的答覆
同時很快就付錢給我了
正所謂拿錢辦事，收到錢就代表⋯⋯⋯
鬼鬼要聽話了喔～

還記得當下我騎車正準備買午餐回公司吃
就在我收到錢後的幾秒內
鬼鬼就來到了我的機車左前方表示不滿
但我正在騎車齁，哪可能停車下來跟祂做什麼回應
於是我繼續騎著我的車，在胸前畫出一池湖水，在湖水與胸間，再畫出一座青山

然後我跟鬼鬼們說：「死有重於泰山，輕於鴻毛 ，就看祢怎麼選了。」
然後鬼鬼非常不滿的繼續在我機車左前方生氣的跺腳、徘徊，悲憤然後離去

這句話的涵義是⋯⋯⋯
祢若識相，我就拿一根羽毛的重量懲戒祢
若不識相，我就拿一座山的重量打爆祢

幾天後
我在朋友家吃了早餐和午餐
同時完成了我的儀式
朋友反應很滿意
我的肚子也很滿意☺️",pic\993789712750919.jpg
305,2024/05/15 14:44:58,【神來也篇】,"【神來也篇】
#仙界的默契 最終話

你覺得西方的鬼會怕東方的神嗎？
讓我來告訴你真相是什麼

事實上我這種人在世界上是蠻孤獨的
因為只有同類人能理解我們的際遇
而我第一個認識的同類人就是「陳老師」
到今天為止還沒有第二個

我家是很一般的傳統大家庭
小時候還沒分家時，逢年過節就要回伯父家拜祖先
而我大伯父是開宮廟的，他幾乎都不會回來一起拜祖先
爸爸說因為大伯父家有自己的祖先牌位，所以不用回其他兄弟家拜祖先

而在我大伯父偌大的神龕旁
有一個小小的祖先牌位
聽說那就是大伯父自己的祖宗牌位
以前小時候去大伯父家時，都會很認真的拜完一大堆神明爐
但記憶裡，從來沒有人說要拜那個立在旁邊小小的祖先牌位
都是同一個祖先，怎麼這個都不用拜呢？？

20歲認識陳老師後，在我把他家全部走透後
發現他家根本沒有祖先牌位
某天我就好奇的問他：「老師你怎麼沒有拜祖先？」
陳老師說：「我其他兄弟家有拜～」
我滿頭問號的追問他：「所以你不用拜祖先喔？」
陳老師接著說：「給其他人拜就好～」
我認真思考了許久，他這樣是有回答我問題嗎？
後來我才聽說了他爸過世的故事（之前寫過，不再贅述）

幾年後我爸介紹了一個客人給陳老師
有一位過世多年的陳老先生要移墳
就是很有錢，蓋大墳的那種
陳老師跟陳老先生的後人說：「你爸爸有資格當神喔，土地公，你看要不要讓祂當。」
這是我身邊第一個當神的死人
幾經思索，陳老先生的後人當然同意要讓老爸去當神
不知道當初陳老師開了多少價錢🤣

所以我將見證死人成神了嗎？！好開心
儀式前，陳老師叫助手去山裡尋覓了一根木頭
然後從原木開始刨製成像神像拿的拐杖一般，大概50公分吧
再經過不知道多少天的開光作法，最後繫上象徵不凡的紅絲帶
陳老師說：「這個儀式後，要燒給陳老先生當祂的第一個法寶。」

只記得矇矇懂懂的我當時拿著這根開過光的拐杖，靜靜的坐在前往儀式墓地的車上
這個拐杖怎麼用我不太知道，但它一直發出熱熱的溫度，像是有生命一樣的感覺
也不知道車子開了多久，陳老師突然轉過頭來向坐在後座的我說：「你別把拐杖的氣吸光了，變回木頭欸。」
我傻傻的回應他說：「會被我吸光嗎？」
他說：「灌很久齁，你克制一點，拿來拿來。」
然後陳老師把拐杖交給陳老先生的後人拿看看
連陳老先生的後人都說：「這木頭真的暖暖的感覺欸。」

抵達墓地後，先進行了淨化儀式
聽說這墳原本的墓主撿骨後，靈魂還待在這裡，所以先辦了儀式送走前主
然後開始完墳儀式，我看今天應該是我搬過最多供品的一天了，這份量可以分給10戶人家吃吧
陳老師說：「只要有錢，什麼清單他都開得出來。」
相對我現在而言，我拜的超級簡單🤣
最後終於來到登基儀式了，我即將看到陳老先生變成土地公了嗎？！

結果並沒有？！
只記得陳老師開始東唸西唸，因為他會唸天語
然後我就在旁邊晃來晃去
突然間，講到重點了！！
靈界從不遲到，而且可以說到就到
天上大約10層樓的地方，來了三道無形的雷電
以相互間距120度的角度在墳上匯聚，對！就是賓士的標誌
然後一股腦的往下衝炸！！
像動畫裡天降聖光一樣，一秒將陳老先生的墳地劃成神仙的領地
然後火化拐杖，還有超級無敵多的紙錢
最後就是可怕的大雨滂沱，通常陳老師拜拜完都會配一場大雨

事後師傅說，那三道氣，代表了阿彌陀佛、阿門和阿拉的㊗️福
神都是一樣的喔！不會因為教派的不同而有所區別

幾年後
大家都沒聯絡了，這就是人生吧？！
某天我來到陳老先生的牌位前，祂家牌位也是空的了

回想天人的要求
我想這就是成神的默契吧？！
怎麼辦，還沒寫完，但我不想寫了說🤣",
304,2024/05/14 12:40:39,【自我介紹】,"【自我介紹】
上一個自以為的客人說我是道教？？
上一個傻傻的業務員問我是藏傳佛教？？
在這個特別的日子，可以紀念，說明一下

『大日殿彩菩提鬼磕頭』是我的藝名🤣

「大日殿」是我沒投胎前，第一個師傅上班的單位

「彩菩提」是我這輩子第二個師傅給我的期望
祂說希望我不要拘泥形式，以自然之法幫助他人

「鬼磕頭」是我取名當下的常態
這裏的每一篇文章都是某些鬼和人類的真實故事
敬告有心人不要來抄故事，小心有👻找上你

因為我最資淺，所以我取的放最後面
不過也是有在靈界註冊的名稱喔～
還記得當年靈界傳來的回覆是：「你真的要取這種名字喔？！」

我說：「對！我就是不想被盜用。」
但現在想想，能紅被盜用也不錯？？
不過盜用的可能會有一點危險⚠️

PS：歡迎索取實體名片🥳",pic\990689066394317.jpg
303,2024/05/13 05:22:15,【公告】,"齁～不是說剪掉嗎？怎麼變成預告了🤣

完整版傳送門：https://youtu.be/qW4qCeMy-nc?si=kWJ1Hvu9Yy1jN6mF",
302,2024/05/07 13:28:31,【公告】,"還記得小時候的第一個願望是「賣報紙」

當時爸爸跟我說，那個志願很沒出息🙄

結果現在賣紙錢😑

燒了會好運🍀的紙錢有人要買嗎？

預購從速🤣",pic\985600636903160.jpg
301,2024/05/03 14:05:20,【鬼扣應篇】,"【鬼扣應篇】
不歡迎我嗎？要想清楚欸
世上庸鬼無數，只好用點小法術玩玩祂⋯⋯⋯們了😛

大家51勞動節有放假嗎？
我那天忙到下午才開始休假
我好辛苦😓
結果晚上就有鬼找死來煩我，可惜祂們沒有死的機會了

最近工作有點多
所以休假就去朋友家喝酒玩樂
就是上一篇不歡迎我的鬼的那個朋友家
喝完酒後，我就洗澡準備要睡覺了
怎知道我才洗好，正在房間吹頭髮時
那個不歡迎我的鬼，就站在房門旁看著我
是女鬼吧？！
祂穿著普通的女性T恤，紅白相間的平凡花色，搭配著一頭像被燙壞的短髮
瞄了祂一眼後，我就裝沒看到繼續吹頭髮了
頭髮吹乾後，我向著房門趴在床上，沒目的的滑著手機

突然間好客人傳了Line 過來（對話如下

雖然我不在家，但我已確定有鬼正在好客人的廚房裡做怪
我喝酒了也不可能回家了
我緩緩閉上眼睛，在自己的額頭前捏出一個自己的影子
面向著手機，將自己的影子傀儡從Line 對話框裡循著鬼氣潛行到了好客人面前
接著穿過好客人的肉體，再走到好客人的廚房

用靈眼審視現場的狀況，原來有三個惡鬼
一個在正前方的流理台上，一個在右手邊的陽台門前，另一個在左手邊的水槽前
操控影子傀儡伸出雙手，抓住流理台上的第一隻惡鬼後
我用意念繫著左右兩旁的兩隻惡鬼

咻！的一聲，往後瞬回肉體
影子傀儡和我帶著三個惡鬼來到40公里外的朋友家
這三個新來的惡鬼是沒辦法在朋友家住下來的～放心！

你知道鬼有地域性嗎？
像是地縛靈的概念一樣，綁著一塊地
或是依照宿主的狀態，跟著一個人或是一個物體
當我突然放開這三個鬼的時候，祂們將依照靈界的規則，彈射回好客人家的社區
就像自動收線器一樣，迅速往回捲收

不過因為現世的40公里距離，地表上到處都是切割的靈界空間，而各個路段還有無數靈界關卡
沒有通行證的鬼，是不能四處自由移動的

結論這三個鬼將被迫成為路上的遊魂
受盡風吹日曬
鬼跟人一樣，曬太陽跟淋雨也都是不舒服的事喔！！
還是住在房子裡最幸福了

簡單打發了這三個惡鬼後
我回頭用影子傀儡巡視了一趟朋友家
那個女鬼好像被嚇跑了？！🤣
把外鬼引入鬼屋，對鬼屋裡的原鬼可是很可怕的
因為原鬼會認為祂已掌握住這間房子，怎麼會有外鬼突然冒出來？？（嚇死鬼鬼
就像人類一樣，你非法入侵住宅後，突然有其他的外人也入侵這戶房子，你不一定有能力分辨對方是誰

以鬼制鬼也是一種方法
而且我不用養祂們，養鬼很Low的～",
300,2024/04/29 12:20:50,【公告】,"今天跟客人去審豪宅合約書內容，我的地政士工作也是很有品質的喔！

最後銷售認真的介紹還沒賣出的某層樓

我瞬間一句話都接不下去

因為買那層就等於是買了住進去等出事

難道說⋯⋯⋯這麽多人會看樓層？！

但我還是要收錢才幫忙看房子的喔🤣

因為我就不信他知道選幾樓加幾分

畢竟全套才會有效果，選對樓層，還要再看方位！！

最後還要沒有鬼才有保障",
299,2024/04/26 03:22:56,【神知鬼識】,"【神知鬼識】
你覺得鬼有腳嗎？
這是好久前「好客人」問我的問題
然後還有人為這題寫了一大篇文章歸納
笑爛

之前去朋友家玩樂過夜時
早晨朋友去買早餐後
我一個人躺在床上，開始聽見很多聲音
剛聽見朋友鎖門的聲音後，不到5分鐘就出現了開門的聲音
然後開始聽見有人在樓下活動的聲響
我繼續躺在床上，想說如果朋友買回來就會上樓來叫我了吧？！
我朋友家是透天，所以我等⋯⋯⋯⋯（這個客人很懶🤣
最後我等了40分鐘還睡著，朋友回家後上樓跟我說：「來吃早餐吧～」
我說：「我剛剛從你出門5分鐘後，就聽見有人在客廳、樓梯⋯⋯⋯⋯」
朋友說：「齁～我會怕欸，這樣你回家後，我怎麼辦？」
我怎麼知道🤔

昨晚我又去同一個朋友家喝酒玩樂
今天早上9:20分許，我們準備要出門上班去了
朋友走前面，先下樓
我走在後面，一起下樓
就在我下到二樓樓地板高度的時候，我看見一雙腳板
祂迅速的從右走到左，再從左走回右
同時祂說：「終於要走了，不歡迎欸！」
我看著朋友的背影，到現在還沒跟他說
我該跟他說嗎？？

事實上剛才的鬼腳完全被樓梯遮蔽
如同上次在健身房看見的裸體鬼
但我一樣可以看的很清楚

一般人會跟我說：「你有陰陽眼喔？」
我個人覺得這個說法不太精準
事實上我用的是「靈眼」
可以看見靈的眼睛，不接受一切物體遮蔽的效果
不論祂是否成形，都可以映入眼簾
神鬼無礙，所以我講話超直接，因為現場我位階最高，我說了算🤭

如同佛經所說的，眼、耳、鼻、舌、身、意
可分為「靈眼」、「靈耳」、「靈鼻」、「靈舌」、「靈身」、「靈意」
眼：可見一切靈體
耳：可聞一切靈聲
鼻：可嗅一切靈氣
身：可受一切靈力
意：可會一切靈意
舌⋯⋯⋯我覺得只有在偷吃靈界食物跟吃鬼時，才用得到😋

每個客人幾乎都問我一樣的問題：「所以有幾個鬼？」
祂如果是以一團氣的形式存在，我還真算不出有幾個
而且通常把氣分出第1個鬼後，就會有2、3、4、5、6⋯⋯⋯N個鬼同時出現
然後再開始查哪一個是我該負責的範圍

有的客人覺得我很武斷，認為我不跟鬼妥協，是正確的作法嗎？
只有不會法術的人，才會一昧向靈妥協

前幾天十年前的第一個客人找我去他家幫他巡巡看看
當年我在他家設下了結界，之後又退了兩尊神
那天到他家巡視時，他家一樣沒有半個鬼喔！
所以我的作法不是做假的，我的保固也不是說假的

總結，鬼有腳嗎？
有啊，看祂要不要用而已，畢竟祂們走路也不是用腳在走
不要一天到晚用人的思維去想靈",
298,2024/04/24 15:05:31,【公告】,"傍晚天人的小孩跟我聯絡，但事實上他連臉書帳號都沒有。

天神法術法的境界，就是讓人生越來越幸福。

有緣的人才看得懂🤣",pic\976332621163295.jpg
297,2024/04/24 10:42:10,【公告】,"在好客人那看到的句子，但我可能不只臭屁？？

但我確定我含金量很高👍",pic\976183817844842.jpg
296,2024/04/24 10:19:33,【神來也篇】,"【神來也篇】
#仙界的默契 第三話
#拜祖先
#對年合爐

你家有拜祖先嗎？
你覺得後人們會一直拜下去嗎？
目前我的客人中大約60%沒有繼續拜拜的意願

回到我們的故事
結果就在第二週的第六天
神醫跟我說：「天人的病氣消除了。」
太開心了☺️不用多做一件事
雖然法術很好玩，但做起來也是會覺得煩齁～
因為已經做了好多好多好多好多好多次了
很膩！！

你聽過人死後「對年合爐」的習俗吧？！
但我的安排是⋯⋯⋯告別式後，火化大體，樹葬完畢，送去做仙，直接合爐
習俗這種東西嘛～就是給看不見的人參考的
如同現今社會，還有人坐月子不洗澡不洗頭的嗎？
當你知道什麼是真實，就不需要配合虛妄的一切

貴客即便是做仙，我的保固一樣存在，而且更強力！
我跟好客人說：「如果哪一天你聽見別人說你媽過的不好，記得跟我說喔～」
我保證祂一直是仙！！
我自靈界而來，只要我死了，就是回我靈界的家，到時候我可以管的只會更寬！
所以我跟好客人說：「就算有人敢改，我也會再改回來，你放心吧～」

而且我辦的鬼都沒人動得了了，更何況是神？！

事情是這樣的
好久前幫一個朋友作法送回靈界
祂只有一般靈的位階啦～
只是因為祂剛好也是癌症過世的
儀式結束後
大約半年左右，再和祂的家人見面時，祂家人跟我說：「某天有一個仙姑跟我說，祂過的不好欸，在枉死城，還叫我回家擲筊，一定三個聖杯說祂在枉死城受苦了。」
我問祂的家人說：「那你有擲嗎？結果如何？」
祂的家人跟我說：「就一個聖杯，後面兩個蓋杯。我想說跟那位仙姑說的不一樣，就沒馬上跟你說了。」
我平靜的跟祂家人說：「我的規定，沒人可以改。敢改？！我也會再改回來。」

有人會問：「作仙了還需要拜嗎？」
事實上不用啦～還在世的人，請好好努力生活
因為作仙後，祂一切無虞
那為什麼我還為祂移靈呢？
因為這可能是祂的最後一世了，讓祂有空可以回來看看曾經的家人吧～

佛土裡的億萬眾生如同人一樣持續在修行
而只有德行兼備的靈才有再出投胎的機會
所以在沒有意外的狀況下，貴客將長久以天人之姿在界修行

從靈界的角度看人生，一切就像黃粱一夢
除了走不了當遊魂的以外，死後我們便再無瓜葛
如同畢業了一樣，你或許惦念當年的同窗之誼，但也可能為了生活沒有時間再參加同學會了
移靈後，好客人燒香貴客依然聽得見
只是佛土也是全新的一切，對原為凡人者來說是很需要適應的
就看貴客何時有空，由祂自己決定吧～

當我正在準備貴客的移靈道具時
貴客突然跟我說：「我要請你幫我送走，我家全部的祖先。」
我驚訝的回頭看了一眼師傅
師傅給了我一個招牌微笑，但我可是一點都笑不出來🙄

貴客，祢才當幾天神仙欸～
這麼快就要使用神仙的權力嗎？
沒錯！各位沒有聽錯！！
「一人得道，雞犬升天。」不是隨便說說的
只差在你得什麼道，關係著其他人能升什麼天

我跟貴客說：「等我當天開龕後看看再說。」
有些時候真的覺得當神的都很不鳥人間的人情世故
我做事是要收錢的齁～
這樣很容易讓好客人誤會我假傳聖旨，所以等我看看狀況再說

但如果真的照貴客的心願處理
未來祂家後人都不拜祖先也都沒關係了喔！！
畢竟大家都已回返靈界，還拜什麼呢？
拜拜也是很累的齁～我覺得啦！🤣",
295,2024/04/15 16:24:10,【公告】,甲辰年蠶月替身將軍全數出發🚀,
294,2024/04/15 16:23:16,【神知鬼識】,"【神知鬼識】
真人不露相，露相非真人？
上週去電視台錄影了，還是人類一下，紀錄下來好了

電視台工作人員曾經問我說：「你可以上電視嗎？你的神明（師傅）同意嗎？我認識的另一個老師，他說他的神明不同意。」
因為我能錄影是透過扶輪社長牽線的
自然好久前就知道可能會有這個機會
當然師傅也是知道的～
師傅也早做了一切新的調整，同時上電視事實上重點也不是我出現在電視上
而是我到了那個地方，會開啟心的能力

我真的算是好久沒有寫文章了吧？！
因為這段時間真的多學會太多東西了
還沈浸在新知的喜悅之中
簡單說，此生的我，將促使我從「從神」成為「正神」
但需要先撐到生命結束
想想後面的神生，好吧～事實上我不稀罕
因為我靈界全家都是神仙
當一個閒仙或是一個有任官的神明，還是有差啦～
真的仙悠哉多了

然後工作人員問我說：「因為你修為比較高，所以都沒有遇上什麼解決不了的問題？」
自成為人的那刻起，我的修為就寫在靈界的牆壁上了
現在的我如果沒有師傅和眾神分下的法力，就什麼都不是了
所以我沒有修為，我只是一個技工
我需要的是修養，修為是不可能一輩子修的
所以人就是人，神就是神
那種人神不分的人，真的要小心自己的舌頭了

主持人問我說：「你收這種錢，沒有糾紛過？沒被告過？」
我說：「我還提供保固服務喔！當然沒有任何糾紛。」
我做的是良心事業齁～
因為我看得見鬼，然後第一個師傅跟第二個師傅在人間都算是大神
所以我真想不出有什麼是不能解決的問題欸
我的對手是⋯⋯⋯「靈」
我師傅在靈界是⋯⋯⋯⋯「超級大富翁」
我就問到底有什麼問題可以談不了？！
當然沒有！！
同時我提供最強的保固服務
保證沒有鬼敢跟我囉嗦
因為太囉嗦，我晚上會成為鬼夢裡的鬼
看看誰比較兇🤣

謝大律師問我說：「那你有什麼方式讓人家確定你不是騙人的？就講講這樣嗎？」
好⋯⋯⋯我真的沒什麼能讓人知道我不是騙子的方法
也幾乎80%的客人都會懷疑我是不是騙子
但我跟你說：「錯過我，保證你，後悔半生。🤣」
接案前我一定確認你遇上的是靈界問題
你沒靈界問題，我也會老實跟你說不用找我
因為我的人生你也耽誤不起齁～
我是註定成神的結果欸，你那點錢真的對我來說沒什麼吸引力

不過我最近的體會是
通常小看我的人會在平均五年後越過越差
一個人的人生通常沒有多少個五年可以揮霍
所以看不上我的，要努力找下一個浮木喔！！

結尾心得
錄影就是看一群瞎子在懷疑我這個明眼人的過程
玩玩就好～

因為錄影剛好排在我生日這一週
所以我跟師傅請假請到上週
要開始好好寫文章了
敬請各位期待後續有趣的靈界故事
還有我師傅才是「真人」，我不是齁～",
293,2024/04/14 14:24:43,【公告】,甲辰年蠶月補氣和安太歲儀式完成✅,
292,2024/03/20 14:25:59,【公告】,"有人問我哪時才要寫文章

我今天在做奶茶，有人要來一杯嗎？

有病治病，沒病強身🤣",pic\951350333661524.jpg
291,2024/03/13 15:15:22,【神來也篇】,"【神來也篇】
#仙界的默契 第二話
#祛病得果
#脫凡入聖

你也想成佛嗎？
那你需要好好準備喔～
但我覺得還是找神幫忙安排一下比較快

就在貴客的告別式結束後
我便向師傅稟告：「請您幫忙看看有沒有什麼好位子。」
然後就只有「等」的份了
因為靈界會在統計完該員的分數後進行分發
也要等分數出來後才能開始「靠關係」講「神（ㄖㄣˊ）」情？

貴客生前家中有佛駐守，難道是暗示貴客即將成佛嗎？
答案是不一定的喔～
因為被派到人間的神靈和接引到靈界的神靈是不一樣的體系概念
但若人能有大神守護，即代表該員有成仙的機會
畢竟直到成為天使前的每一個作為，都是評分的依據
自己做的當然算數，自助天助嘛～

大約兩週後的某天
師傅跟我說：「有位子了，佛眷。」
意思是千百億佛中，有一佛土，現有一個位子適合貴客
由於佛土不是凡人可以隨便去的境界
因此我還慎重非常的向師傅確認了一次

再通知好客人之後
大約兩個小時內，好客人就說：「好，我要給我媽訂這個位子。」
為什麼說「訂」？！因為我要收錢🤣
這就是我的天賦啊！
靠天吃飯嘛～

在客人說好後的10分鐘內，師傅就說：「賜天衣。」
事實上這個沒有算到錢，因為這個不是我可以送的
由於凡人突然越級太多，即便在清聖的佛國，依然會有孰重孰輕的差別
只是凡人是看不出這個差別的
師傅送的天衣，可以保證貴客在佛土一定幸福
試想，小學的你突然跳級到博士班，能保證順遂生活嗎？
我跟師傅學的，做事絕不做半套
好客人也算是傻人有傻福，靈界真的很看重緣分
過了這個村，保證沒有那個店！！
因為靈界沒有秘密，大家都知道你已錯過最好的因緣

好客人接著問：「那我媽哪時到佛國？」
我說：「今天星期三，星期六儀式後出發！」
因為師傅說，快一點，別到時候位子給別人佔去了

靈界某些時候也是很人性化的
大神間基本上都相敬如賓、互相尊重，能做的都不會吝嗇
這樣哪天要麻煩對方時，比較不會失了裡子
師傅訂下的位子，給了一個要插班的凡人
要是有另一個大神，向同一佛要那個位子，同時那個凡人結算分數比貴客高，怎麼辦？！
所以先搶先贏！！

人世是有時間的世界，所以不像靈界一樣，一切法術，隨施即得
由於貴客生前病苦纏身，且剛當天使兩週，但佛國又不容疾病，該怎麼辦呢？！
自然在出發的儀式前，要找神醫來治癒貴客的靈體病
神醫跟我說：「祂病這麼重，不可能立刻好啦！你才給我三小時齁～」
我向神醫說：「但師傅說要趕路搶位子欸！」
神醫認真的說：「兩週後讓祂病氣全失，不能再快了。」
我當然說：「好！！」
畢竟這也不是我的工作啊～～～

事後，我跟師傅討論了一個身為人的假設
我問：「兩週後，貴客已在佛土，若病氣未消怎麼辦？那佛會出手相助嗎？我若出手是否會不敬於佛？」
師傅說：「當仁不讓。」
你不可能看見佛土中的任何人身患病症，但其他靈界就不一定了

再和好客人見面時，他問我說：「我媽真的當佛了嗎？」
我說：「不是啦，是天人，佛的眷屬。」
好客人又說：「我阿姨說夢見我媽成神了！」
我說：「是啊，你媽在人的眼裡是神了，可以叫你阿姨拜祂了🤣」

天衣贈天人，佛土做佛人",pic\946562724140285.jpg
290,2024/03/13 14:20:03,【公告】,今日完成了，甲辰年冷月的補氣和安太歲。,
289,2024/03/04 14:30:59,【神來也篇】,"【神來也篇】
#仙界的默契 第一話
#誦經之義
#亡者之路

你有誦經的習慣嗎？
我也曾唸過一兩個月的經，但那是在我還沒學法術前的事了
你覺得唸經有什麼幫助嗎？
好客人的母親前陣子當天使了，讓我來跟大家說說祂的故事吧

這位天使就是生前受佛關注的那位貴客
能在農曆年節期間讓師傅為祂動法的大緣分者

在貴客逝世後才知道原來祂是名巖開山宗師的親近善信
名巖據點散佈全球，可是台灣數一數二的大佛寺
不過宗師已歸天多年了
宗師歸天時，我大概還是初階通靈人吧？

想當然貴客也是虔誠的佛教徒
自然有誦經的習慣，家人也都依此因緣受佛法薰陶
但是人死前很常都是疾病纏身的
只是有的人一歸天，就病苦全消，有的人則仍然病痛纏身
各位覺得貴客會是哪一種呢？
好吧，剛好祂是後者
我是覺得這沒什麼啦，畢竟生病也不是自己選的
但不得不說，經文裡的離苦得樂，並不能保證亡者得百病全消

自貴客歸天後，名巖當然也派了人來誦經
因為離告別式還有一些時日
好客人的親朋好友會唸得也都排了時間來幫忙助唸
好客人問我說：「怎麼辦？我該唸嗎？」
我向他說：「能不唸就不唸，唸了也沒什麼用，只會增加招陰的機率。」

好客人是扶輪社友
其中有一位社秘書好像也有點靈異體質或是通靈能力
當她某天來給貴客拈香後，便向好客人說：「您母親還有病苦的樣子，你要記得辦些法會幫祂喔。」
好客人緊張的問我：「怎麼辦？社秘書這樣跟我說欸，我該怎麼做？」
我只平靜的跟他說：「等告別式後，我再處理。」

告別式前幾天
好客人又跟我說：「我夢見媽媽嚴肅的看著我欸，怎麼辦？」
我又說了一次：「等告別式後喔～」

貴客不是我第一位接手的亡者，自然我也知道什麼時候該出手
在我正式接手前，就先讓世人體驗一下佛法和法術的差別吧～
為什麼要等告別式後？！
因為告別式前，人間的許多習俗並不一定符合靈界的概念
人走了，先照人間的儀式，給世人一個完整的交待
最後，我再用法術，把一切改成對的狀態就好
畢竟好客人才知道我是會法術的人齁
佛法可以信，通靈人也可以交，人生本來就是求取最大利益的嘛～

告別式當天，我也有到場致意
貴客當天是有到場的喔！算是少數可以到場的亡者
只是貴客當天依然是帶著病體到場看看即將告別的親朋好友
很多告別式時，亡者都不在現場，但家屬都一樣哭的稀裡嘩啦
反正，告別式本來就是做給人看的

由於祂生前與大佛寺的關係
宗師去後的大佛寺二把手大和尚也特別到場致意
但大和尚看起來就是一位普通的僧人，沒什麼靈能力，也看不見靈界的
所以也不用指望他能做什麼齁～

如果唸經就可以得到一切，那與贖罪券有什麼不同嗎？
差別只是一個花錢一個花時間而已
佛經與其他經書一樣，蘊藏種種知識，是求知的寶庫
看懂遠遠重於瘋狂的唸誦
同理，應該沒人天天唸頌論語吧？
告別式結束後，就是我大展身手的時候了

未完待續⋯⋯⋯",
288,2024/03/04 13:22:09,【服務項目】,"【服務項目】
🔥過火。
（導正陽氣、除去陰氣，撞鬼一週內有效斷絕陰鬼鏈結。）

🎲占卜。
（給予指引，作為人生路上有效參考。）

🚗淨車。
（新車祈福制煞，車輛事故後潔淨晦氣。包含一切車輛器具。）

🪵退神。
（結束供奉，未有去處的神像，儀式完成後，將火化塑像。）

👶剖腹吉時。
（決定胎兒一生的關鍵時刻，冀望孩子平安有成就，同時家庭和樂、富足美滿。）

🫥取名。
（取名，以八字四柱為基礎，配合五行靈動，命名順命。）

🧳取公司名。
（公司名，以負責人本命為基礎，祈求事業昌盛、財源廣進。）

🏠到府過火。
（為幼兒或行動不便者所提供的服務，疫情期間頗受歡迎。）

✈️夜間巡航。
（夜間脫靈調查靈界事務、與鬼魂談判，勸退陰鬼。）

🏛安神位。
（安爐旺廳，清淨神壇，自生旺氣，百事祥瑞。）

👺神明開光。
（新奉、原祀神明開光點眼，祭祀祖先神位啟靈。）

🧛🏻超渡陰靈。
（超渡身犯五鬼，解除靈體病狀力。）

👼超渡嬰靈。
（死胎、墮胎後，卸除母體冤親債主。）

🐶超渡寵物靈。
（生前受靈界干擾之寵物往生或為心愛寵物求取美好未來。）

🔮傳授法術。
（給予有心學習「真正」法術的人，以「純淨」之心修習萬法，渡世濟人）

⛩️連鎖宮廟、教堂。
（輔導宗教單位取得「無形」之力，解除信眾疑難雜症）

🏘陽宅疑難排解。
（至住宅確認狀況、擬定方案，保佑家宅平安。）

🏢商號疑難排解。
（至營業處確認狀況、擬定方案，保佑生意興隆。）

🪦陰宅疑難排解。
（至墓地或塔位確認狀況、擬定方案，保佑福蔭子孫。）

🌍全球疑難排解。
（不論您在地球的哪裏，皆能為您排除一切靈界困擾，助您早日重拾快樂幸福的人生。）

㊗️福各位福壽綿長、富足美滿。",
287,2024/02/25 17:01:04,【鬼扣應篇】,"【鬼扣應篇】
俗話說：「菩薩畏因，眾生怕果。」
你敢介入別人的因果嗎？

大約5～6年前，我家的家族墓蓋好了
就是以後我死了可能也會葬在那的吉地
這個蓋墓的過程也很值得分享給大家聽聽
畢竟從他人的故事裡得到經驗，就是人生最划算的事了

既稱家族墓，自然不是我家一房就可以全權作主的事
當時因為種種因素，導致我家墓地在完墳前也受到了陰鬼入侵
雖然當時我只是初出山門的小法師
但我還是非常努力的跟師傅商量，與陰鬼們談好了一切圓滿的條件

在條件都確定好後，我當然也跟全部的親戚都說了一遍
可想而知的是除了我們家以外，沒有半戶親戚相信我喔！
這很正常啦～
因為以前陳老師跟我分享過他的故事
他是連他親爸都不相信他看得到喔！夠慘吧？！
但當他爸嚥下最後一口氣時，以亡者姿態看見陳老師的位階，以及因為陳老師的位階，而來接引祂的神佛時，才露出了信服自在的笑容

依照師傅的位階要跟鬼們圓滿是沒什麼問題，但當時的我太弱，自然關鍵就放在了我身上
墓地在靈界的概念中即是陰地
如同要在陰界跟鬼提條件一樣，與其他陽宅的處理相比，自然困難很多
我也趕在吉日良辰前準備好一切必要之舉

記得我家墓中，包含祖先大約有50個位子
我便把我家的位子單獨切了出來，同時與鬼們講好，這幾個是不可以碰的喔！
其他就⋯⋯⋯隨緣了
那是我第一次使用切割空間的法術

大樓每一層都可以切開，如同山巒高低一般
為什麼這麼多大神選在層層重山之上建廟？！
因為每個高度得到的磁場可以不一樣
人類的高樓大廈就像群山之別一般，有所差異

同一門風水，裡面有幾格，自然也都可以切開處理
不然怎麼會有這門風水沒事，隔壁那門風水有事呢？！
垂直切割可行，水平切割也可行，就看執法者有沒有學到這個法術了

由於阿公以上的祖先是大家的
所以當初完墳入金時，我們親戚都先說好，我不可以動法術，他們也不動
結果當天，兩個最自以為的伯父跳上去說要在祖先入金前，先用金紙燒一燒
我當下真的超爆怒加白眼的喔！瞎子是在窮忙什麼，知道燒紙錢是什麼意思嗎？
這兩位伯父，到今天為止，走了一位，另一位正在苦惱家族墓的事

大約上週，從其他人嘴裡聽見，伯父想找神問事，問家族墓的事
伯父也問爸爸：「你知道哪可以問神嗎？」
我跟爸爸說：「老爹你看得見嗎？你怎麼敢介紹什麼宮廟給伯父去問？如果今天問沒事，以後出事算誰的？」
爸爸接著跟我說：「你怎麼不想幫伯父他們，讓他們相信你呢？」
我跟爸爸說：「蔡英文『總統』也不會到處去跟他親戚說三道四吧？！除非你是蔡英文他爸，比較有機會。」

神不需要人拜，也不可能追著你要你相信他
如同大自然一樣，你可以不相信自然之道
但你天天熬夜，自然久了身體就會變差
瞎子就是瞎子，要能摸出世界的樣子，難上加難

前幾週有個朋友A的朋友B疑似撞鬼了
朋友A好心的詢問我們的共同朋友C
朋友A向朋友C說：「有人撞鬼能帶去給你爺爺看嗎？」
因為朋友C的爺爺可是薪傳獎技師喔！！
只聽見朋友C含蓄的說：「可以來看看，但不能保證。」

我看過朋友C的爺爺開光執法啦～
也知道他看不見，但還算有水準了喔！！
因為他做了什麼我都看得見🤣

最後要說一下
菩薩不怕因，因為祂有的是解因之法
但果是人自己要受的，只是你受了這個果之後，相對的因是否已解
突然覺得我給客人「保固」方案很佛心
同時，我知道的不多，但我講的都是重點，不聽真的只能祈求幾年後，你還有機會再跟我說話了🤭",
286,2024/02/12 16:01:00,【神知鬼識】,"【神知鬼識】
見山是山，見山不是山，見山還是山。
你也看見心中的那座山了嗎？

自從上次得到了一個心法後
我就常常以心運術，希望能融會心法的精妙
不過年前真的整個忙翻了一段時間
除夕當晚翻開研習紀錄才發現，我已經三個月沒有靜下心來學習了
向師傅介紹的3000位大神學習
基本上師傅的我都學不完吧？！

年前又往南部出差了一趟
鬼眾總是知道在你忙翻的時候，才來搞事

年前伯父一家人出國旅遊要初一才返國，伯父因為種種因素一個人留在台灣，很自然的他就來我家住幾天，也好有個照應
我星期一晚上要下南部，準備星期二要辦法事
伯父星期天一早出門蹓躂，直到星期天晚上18:00左右才回到家
只記得伯父說他吃飽了，走了一天想早點休息，他大概19:00左右就去躺床了吧
然後晚上23:00他起床，說他睡不著
基本上已經累翻的我01:00準時秒睡，還有靈界的事要趕呢！！

天亮7:30起床後
老爹問我說：「你覺得伯父睡不著是不是遇上了鬼啊？」
我說：「沒有啊～」
老爹接著說：「我今晨4:00上樓看伯父有沒有睡著，他跟我說他完全睡不著，而且還有鬼幫他蓋被子。」
我說：「哇～真的是鬼幫他蓋的欸！」
老爹說：「我們家有鬼？！」
我說：「當然不是，不知道是不是伯父昨天出門被跟上的⋯⋯⋯」
我起身去廚房冰箱拿維他命吃，同時，師傅傳來了電報：『是你伯父家的鬼。』
原來是這樣啊！！

我伯父一家人怎麼搬都住到鬼屋
這次這戶，當年我講了四個小時，只收紙錢的費用，但伯父的家人還是不願交給我處理
那就自己看著辦囉～
每個人都有天賦，通靈也一樣
有人拿高學歷，坐大位，領高薪
有人天資聰穎，征戰全球，為國爭光
沒道理我等著免費幫親戚的忙喔～
貴人跟機運一樣，錯過不在，待價而沽的下場，只能自己承擔後果

但看看我今天的行程：
10:00看牙齒
12:00到公司午餐
13:00拿春聯
14:00準備代書的文件
15:00到家
16:00整理行李，名嘴來拿發財金😅
17:00出門
18:00做臉，然後去高雄
我真的沒有任何時間理我伯父家的鬼了，但因為奶奶生前跟我說過：「伯父怎麼了，你一定要幫他。」
我永遠記得奶奶說的話！

還記得上次我在客人身上加裝了「神罰咒獄」
雖然我沒有時間開壇了
先用講的好了⋯⋯⋯

下午15:30分，我正準備我的行李，同時，調起了伯父家的壞鬼
我說：「祢昨天來我家客房幫我伯父蓋被子？！祢不知道我是誰嗎？？」
鬼惡狠狠地說：「怎樣？？」
我說：「祢不知道客房是我家的範圍嗎？！我已經跟伯父說了，今晚我去南部不回家睡覺，他會睡我的床，祢如果敢上我的床，我一定去祢家殺光祢全家！」
因為鬼很髒齁，還有臭味，我想到就噁心🤢
鬼依然惡狠狠地說：「怎樣？？」

一個念頭閃過，我的床重要，那我的客房一樣重要！因為都是我的啊！

我向鬼說：「我要改條件。我的客房也是我的欸，如果我今天出門後，再聽到我伯父說祢來亂他，我回來一定殺遍南港群山鬼眾，所有鬼王都要給我出來一起受罪。」
我當時真的講的超不爽的，但做臉很難約，我要先趕去做臉了😶‍🌫️

等我星期三回家後
我有問伯父說：「那鬼還有來幫你蓋被子嗎？」
伯父說：「沒有，這幾天我有睡著。然後！！我想起我在家也被鬼蓋過被子欸！！」
我傻眼的看著伯父，這個我前幾天就知道了啦～

樂記：「大樂必易，大禮必簡。」
我要好好想想怎麼把我的話，像名牌一樣，讓伯父戴著，這樣應該就沒有南港以內的鬼敢找他了

如果我可以講幾句話讓鬼卻步，那我應該更接近不用燒紙錢就可以度鬼了吧？
像師傅一樣，出個手諭或是口諭？！",
285,2024/02/12 09:19:38,【公告】,"剛用電腦整理補氣跟安太歲的名單🧾

打字打到電腦沒電，自動關機

然後沒有記到人數😢，只好明天再繼續了

今天開市囉～

也是開工的意思，希望不要做得太累😊",
284,2024/02/09 11:21:01,【公告】,"新年新希望🧨

昨天歡送今年最後一組客人後，就躺了一天（希望新年能寫好『仙界的秘密』

剛清醒後，又有一尾活龍的感覺了😊

身為一個實力派的祭司，還是要很世俗的感謝各位信任我的有緣人

我沒有華麗的外表，也沒有鋪張的排場

我只有真誠的建議，和實實在在的法術🤣（這句話好有趣

新的一年，我將提供更優質的法術🔮（順便漲價？

舊雨新知，敬請期待～

新年快樂！🐲來運到，財福無垠🧧",pic\923788269751064.jpg
283,2024/01/31 01:09:18,【公告】,"昨晚真的超忙的！！

一個晚上幫9個人過火

然後還有一個新來亂的鬼，今天該用哪一招呢？

過火幫弟弟補氣再看看好了？

用封天法印讓房子乾淨好了？

好好的跟新來的鬼溝通好了？

最後⋯⋯⋯

封天法印外加「把這個鬼轉送阿鼻地獄，永不超生。」

我也想好好睡覺，但我晚上還有行程🥱

少煩我，沒用的👻🔨",pic\916589780470913.jpg
282,2024/01/25 09:22:39,【神來也篇】,"【神來也篇】
今天是農曆12月15日，你拜拜了嗎？
要求財了喔～

每年的年末總是特別忙碌的一個月
這幾天又剛好冷的我嫑嫑的
但很重要的的事情還是得做

今天中午阿姨跟我約說過年再去財神廟拜拜嗎？
我直接跟她說：「不去了！」
換來她滿臉疑惑的看著我

就像我之前說的
沒有每一年都是同一個財神當家
如果換人當家自然求財方式就不一樣了
只有看不見的人才會每年做一樣的事
人生都不可能重複過了
怎麼會求財都一直重複做呢？
那我的價值不就持續跌價中？
因為多跟我幾年，客人們全都學會了🤣

明年的求財方式已經公告了喔！！
不管你有沒有找我求財，都快去準備吧！！
有找我求財過的人，我這幾天會開始聯絡你喔～
請注意手機📲
我又在一次委託終身服務了🥱
如果怕自己被我遺忘，可以主動敲我一下
我要去準備搬紙錢了

因為年末也是印發財金的時候
領好庫存，燒紙錢換紙鈔
到底拿發財金有沒有用呢？！
答案是：「當然有用啊～」
有意義的紙錢非常值得燒
雖然我知道環境保護的重要，但必要的成本是不可避免的

好像還沒說過發財金是什麼邏輯製造出來的
所以趁這個機會來說說
大家應該都能接受神仙是能賜福的吧！
我給客人的發財金上就寫著幾個字
「某某某大德需要賺大錢，請某某某財神來領公文和路費。」

由於財神掌管著很多錢財
燒發財金時，財神一定要派人來領我⋯⋯⋯師傅寫出的公文
這樣就會提醒到財神大人，請記得我的客人是誰
同時，財神當然是忙碌的
所以有時候祂不能親領，派了兵將來領，自然要給兵將一些路費
而且事後要做什麼也是需要麻煩兵將的，所以燒這紙錢可是很有意義的
因為上面都寫了客人的名字，所以沒有被偷的風險喔！
畢竟有靈界立可白的人少之又少

看完文章，快去找你的老師要錢吧💰💰💰
我要繼續算紙錢了
一個人要⋯⋯支，一個月要⋯⋯支，一年要⋯⋯支⋯⋯⋯",
281,2024/01/23 16:45:50,【公告】,"剛剛騎Ubike 回家

路過一間五樓公寓一樓，兩戶打通的幼稚園

一樓幼稚園外推的圍牆上掛著一盆盆裝飾的盆栽

就在順向左手邊數來的第二個盆栽上

趴著一個龐克白髮、突眼，面色蒼白像是浮屍的男鬼

祂突出的雙眼中，西瓜子般的黑眼珠靜靜地看著路過的我

我心想：「幹！祂好像幹譙龍。🤭」

心話一出，祂隨即跟上我的腳踏車，站在我的肩膀後說：「你看到我了吧⋯⋯你看到我了吧⋯⋯」

頭也不回的我，直奔我家最近的Ubike 停車站

只剩三個停車位齁～醜八怪，誰理你🤣

兩個路口後祂就回家了

客人的小孩也曾在幼兒園遇見鬼，鬼還跟著孩子回家

有把小孩送幼稚園的，真的要多注意‼️",pic\910833821046509.jpg
280,2024/01/22 08:34:49,【神知鬼識】,"【神知鬼識】
再過幾天就是甲辰🐲年了
你安太歲了嗎？
昨天客人一直問我說到底需不需要安太歲
我只能又講真話了🫢

原則上想安太歲應該是想保平安吧？！
應該不會有人是安太歲求財吧？？

依據太歲的職掌，身為該年度的值星神，自然擁有許多審核的權力
因此，事實上我認為只安太歲是有放到重點，但不完全
畢竟值星神不給過，其他好康也過不了
身為永久的自然監察官，在靈界的地位自然是不同凡響

但人生的問題往往多如牛毛且千變萬化
試想如果你住在鬼屋，安太歲又有何用呢？
太歲見到你家滿滿的鬼，也是只能拍拍屁股先走一步
畢竟這些鬼眾不在祂直轄的範圍
但若是你要擺脫眾鬼的糾纏，就一定要找當年太歲鑑核了
因為有了監察官的認證，各方靈界都會信守這個約定

從我剛拜入師門
陳老師就定期會幫信眾們「補氣」，什麼是補氣呢？
這是一個我目前也在使用的護持法術
補氣儀式，共分三個階段
第一個階段是，制陰靈：將人身上所受陰邪之力移除
第二個階段是，退病氣：將人身上所受疾病之勢排除
第三個階段是，安太歲：將處理好的狀態回稟太歲，由太歲鑑核，以達消災的目的
我就不懂，什麼都沒做，就叫太歲來看什麼呢？

雖然不是要跟傳統宗教為敵，但有些話還是要講給願意聽的人聽
一年辦一次儀式，儀式後把電燈插上，要高高在上的太歲天天守護你一整年，這到底算是什麼方案？
若是你等了60年才輪到的職務，有這麼隨便處置？拜你一天，給你負擔365天的責任，人都不會同意了，那神呢？
所以我是每個月進行一次補氣儀式啦～
如同現在的災難，大多是複合型災難
如同現在的醫藥，大多是複合型的配方藥

「補氣」才是適合每個人每年做的儀式，不僅常保元神光彩，還可以月月得到神明的加持
因為師傅是佛教的神明，所以我是請觀音制陰、藥師退病最後才是太歲消災
人生永遠不是一個點，而是一段時間的累積

不過我也不會特別推銷，因為我就是一個很容易被人誤會的角色，因為⋯⋯⋯
多說了怕客人以為我假借神明
多做了怕客人覺得我想賺他錢
多提點了怕客人以為我詛咒他
真的是好人難為🤣

有找我安太歲的人請放心，我會在補氣儀式帶上你們，再怎麼說找我安太歲也是比較有效的啦！

講這麼多趕緊工商一下，民國113年
安太歲每人1200元
補氣每人2400元

另外，因應物價上漲，年後我要漲價了喔～還在猶豫的人快點決定吧！你一定會因為嫌我貴，多付出10倍以上的代價🤣我絕對不是詛咒你，只是提醒你一下",
279,2024/01/21 15:56:30,【傻眼公告】,"【傻眼公告】
一個不到300讚的粉絲頁也需要盜？
世風日下啊～～～

因為這裡每一個讚都是我最好的鼓勵
感謝在這個變幻莫測的世界上，還有人願意相信一個純粹的真實
所以開啟本人臉書連結

https://www.facebook.com/edward.lin.71?mibextid=LQQJ4d

希望哪一天這裡真的被盜了
還能有機會遇見有緣的各位😊",pic\909220857874472.jpg
278,2024/01/15 17:50:52,【神知鬼識】,"【神知鬼識】
你會擔心同業競爭嗎？
今天去處理一個客戶，好像之後會有鬥法的情節？

今天處理的客戶是一戶三代同堂的人家
爺爺以前有在幫人靈療，開過類似宮廟的東西
奶奶一心向佛，唸經祈求家人平安健康？
兒子們是現代人，簡單拜要平安就好，不要拜一拜家裡一樣一堆問題
孫子去上課，我沒見到人

我的客人當然是兒子們啦～～～
畢竟我也算深明大義的通靈人吧？

法事一開始，奶奶就來跟我說：「你看能不能保佑兒子們都平安賺大錢⋯⋯」
我內心超白眼，不平安不是您幫忙造成的嗎？而且今天送鬼齁～不要放錯重點
讓我想起以前陳老師寫的標語「一分費用，一分功夫。」
人喜歡花1塊要10塊的東西，跟鬼喜歡搭便車被超度同一個心態，貪啊～

這戶人家原本看有60個鬼鬼，分別住在爺爺房裡和家中的佛堂
在我前去送鬼前，都會先調這些鬼鬼的靈魂來準備被遣返靈界或是驅逐出客人家
畢竟真的很多來騙回家車票的鬼齁～
這家的爺爺奶奶是我花最多時間溝通的，因為我跟他兒子認識很多年啦，不然真的不想接這種客人

那天再去匯報給爺爺知道我要怎麼處理時
佛堂鬼鬼突然從30個變100個欸！
但我也不會再調整價錢了，因為多的會被我驅逐齁～別以為可以騙我

就在我前置作業調靈時，原來他家有一隻狼魂，真的是狼的樣子
不過有人臉，然後匍匐著走路，但我找圖片時，是用「狼人」做搜尋找到的啦～
但祂沒有圖片這麼好看，然後更邪惡
祂一直跟我說：「我一定會找機會殺死你！」
好久沒被鬼說要取我命了，害我害怕了兩個小時，然後就聽膩了

但今天到現場時，祂已經走了啦～
從調靈到今天送鬼大約一週的時間了，今早看起來已經自動走了3成的鬼
儀式進行完後，大約還有一成，等祂們好好搬家搬乾淨，我下週再脫靈去檢查

重點來了！
我在儀式最後一小時才聽說，原來爺爺過年後要找自己認識的老師來安他家佛堂的神
因為他家佛堂鬼太多，神都管不了，祖先也回不了家喔！
頓時白眼飄飄，怎麼不是我後做，他做壞算誰的？但我當場沒說啦～很擔心我的客人為難

記得這個老師之前爺爺請過，不過他家還是這樣糟
在我離開他家前，我想了下面三個方案，不知道他會是哪一個，會不會到最後是我要跟他鬥法啊？
假設一：如果他根本什麼法術都不會，我今天做完的東西都不會有改變，我也什麼都不用做
假設二：如果他這次有幫他安好神明，那我就讓這個神明繼續坐在他家，我也可以看看他請來什麼水準的神明
假設三：他幫忙請了新鬼來他家，那就只能看到時候要怎麼辦了，我覺得這個最麻煩，工錢不重要，紙錢算誰的？

回家睡飽後，我有點期待有人可以跟我鬥法，因為還沒遇過欸
但剛剛洗好澡，師傅跟我說：「一樣從源頭解決喔！」
哈哈哈～沒有鬥法的機會了

因為我多想了一個方案
假設四：他幫忙請了一個惡神，不一定真的惡，也可以是爛神🤣，要鬥法了嗎？
師傅的概念是，原則上「神」跟「鬼」都是靈的一種
有鬼就派車把鬼送回靈界
有神就回靈界，拿公文，把祂送回去，像退神一樣

依照師傅的建議，對方這個人是誰根本不重要啊❗️
師傅會從後面直接把他的法源移除🤣
難怪神很少打架，因為都從後面來就解決了",pic\905005288296029.jpg
277,2024/01/04 17:45:39,【公告】,"剛剛客人B雞皮疙瘩止不住

所以我到家後，就嘗試了一下新的法術「封天法印」

一個可以把神令傳送到某地上空的法術

當法印出現在客人B家的天花板後，我就像捐血一樣一直輸出我的靈力

就這樣半個小時後，開始有一部分陰氣開始消散了

客人B的雞皮疙瘩也開始慢慢緩解下來⋯⋯⋯

突然間，當地鬼王駕臨客人B家的社區中庭

鬼王說：「是誰在我的地盤耍把戲。」

當時我正在脫衣服要洗澡齁，不想回答祂🙄

邊洗邊想的我，就算換掉祂也沒用啊～～～

洗好澡後，我的法印已被鬼王吃掉了大半

鬼王說：「沒正式申請前，這還是我的管轄吧？！」

好吧～不跟祢吵了，我可憐的法印，只運作了一個小時就壞了

還好客人B睡著了，我也可以睡了😴，大家晚安～",
276,2024/01/04 15:54:53,【公告】,"有問題的客人A沒找我去看房子

剛剛客人A的鄰居客人B請我去看了他家

享受了萬鬼朝拜的特殊禮遇

偶爾當當菜10也是蠻不錯的

A房的鬼，抱歉囉！這次還是沒祢們的份🤣

明天要去屏東法事，希望明天很有趣",
275,2023/12/31 16:42:50,【公告】,"新年快樂～～～

新曆年是被東方靈界納入農民曆的節慶之一

但我並不想今天加班🤣

㊗️各位看倌 吃好好 睡飽飽 跨年平安 新年順心！！",pic\894586379337920.jpg
274,2023/12/29 14:00:24,【公告】,"偷懶貼文法✌️

醫院的鬼跟我玩躲貓貓齁～

說真的，祢玩不過我的，還是去找別人吧

明天一樣有工作，預㊗️各位新年快樂🎆",pic\893239206139304.jpg
273,2023/12/27 07:26:22,【公告】,"今晚又要除煞了

客人換租屋處，從5樓公寓的3樓搬進12樓大廈的6樓

昨晚調靈準備送走房內的惡氣

誰知整棟大廈的鬼都湊過來看熱鬧，順便把我當珍奇異獸看

連旁邊學校死了走不了的老師鬼都優雅的來到我的面前

老師說：「民國後，我就沒見過真的會法術的人了！」

我則跟老師說：「不過祢算12樓的欸，請正直。」

就算當鬼也是看運氣的，住錯房子就直接被套牢🤣",
272,2023/12/21 13:10:55,【公告】,"我剛開車下大潤發地下一樓停車場

因為第一次來，我很認真在找車位，不想停在爛車旁邊

突然間，我從我的後照鏡裡，看見一個長髮女子的臉

祂留著厚實的纖細烏黑秀髮，蒼白的臉龐帶著一絲喜悅🙂

白眼的我，下一秒，X祢X！上我車勒！是找死嗎？！

停好車後，我急著找廁所，祂還跟著我

進了男廁，我跟祂說：「再不走，就要玩遊戲了喔，試試看⋯⋯⋯」

然後我現在坐在一樓賣場，祂還看我要怎麼寫祂

祢就是一個欠罵的低能🤪",
271,2023/12/15 01:54:15,【公告】,"為了證明我還活著，但我真的好懶得更新

果然會越多越低調，半瓶水響叮噹

我要去高雄看陽宅風水了，開心玩樂去

㊗️各位都有個美好的週末❤️",pic\882641677199057.jpg
270,2023/12/10 03:42:15,【公告】,"前陣子把客人安排去當見習神仙

今天客人就用同僚的身分跟我說：「我家祖先我都想處理好～」

這合理嗎🤣才當幾天貴族，胃口就這麼大嗎😇",
269,2023/12/07 16:13:03,【神來也篇】,"【神來也篇】
昨天跟客人聊天時，講到我跟玉帝熟不熟？
事實上我跟祂真的不熟啊～

在我20歲拜入師門後
某天我聽陳老師在跟其他客人聊天時
隱隱約約聽到他說我有第一個師傅的事情
當時我的想法是，或許不是在說我吧？！

不過很快的大學還沒畢業第一位師傅就派人來找我了
遙遠的以前我和第一位師傅在遠離人間的仙界生活，過著與世隔絕的生活
現在的我當然知道為什麼我會活在地球，不過我不想講😂
第一個師傅教我的是治療的法術，所以我才能在當兵時直接治癒被砲彈炸死的怨靈，然後跟軍營的鬼鬼們變成好朋友??（也是有一點點用啦😅

第二個師傅教我的是度靈之術，可以把靈送去其他的地方
衍伸出來應該算是空間的法術，因為它可以改變空間，像是把鬼吃進肚子裡或是長出另一隻菩薩手
但因為空間法術好玩多了，有時真的會遺忘以前學過的治療法術
因為現在我都是請師傅開單，交由神醫治療，我就負責燒紙錢就好🤣

之前美國客人突然又嚴重的腰痛復發了
但他身邊的鬼鬼明明就送走了啊？！
怎麼他還可以痛成這樣，真是讓我百思不解
後來師傅跟我說：「幫他洗靈吧。」
疑？！我好久沒做這件事了，都忘光了

當人類被惡靈侵襲一段時間後
某些人會開始出現神智的問題
嚴重的患者會在鬼魂都離開後，依然偶爾發作
這是因為鬼魂會將可怕的錯亂訊息深埋在人類的腦中
像是陰影一般，存在最深層的記憶裡
這時就可以使用法術將這段邪惡的記憶清除
然後這個人就不會突然頭殼又壞掉，胡言亂語之類的了

美國的客人當初被侵襲的腰部也可以有一樣的狀況
鬼魂在腰部痛處的深穴中埋入了詛咒的印記
只要透過洗靈儀式，把陰氣從骨髓中移除，這樣客人的病體就可以漸漸康復了
不過之後的病體還是要吃藥跟復健啦～
法術能做的只有靈魂的補給

所以我就開始了客人的洗靈儀式
雖然他在美國，有時差也沒關係
晚上我就在台灣調起他美國的靈魂，開始洗靈
同時間，他正在美國清醒著過生活
等靈魂洗好，送回美國，當他三魂合一就可以吸收洗靈的效果了

不過他真的有一點嚴重
前後洗了兩次，我記得第二次時，看靈體還有一些些小小的缺陷
但法術就是這樣，不可能天天做，靈魂跟身體一樣，需要休息和自我恢復的

第三次洗靈前，我慎重的請示了師傅的意思，師傅說：「不用了。」
詢問客人後，他也說已開始好轉
這時候就要人類自己多努力囉，當魂體出現轉機，剩下的努力就是自己的事了
天助自助嘛～

像玉帝這種大神，是大神啦
但法術的源頭是師傅啊～
師傅說好就可以做了，畢竟玉帝也管不了師傅，但師傅也不會管玉帝啦～
大神間都只會互相尊重，真的沒習俗裡那麼多繁文縟節

某些玄學會說什麼要求玉帝，求佛祖啊之類的
我只覺得是他自己不會吧？！
確定玉帝或佛祖要給你求嗎？？
邏輯上，若我照師傅說的做，其他大神有意見，也是師傅去溝通，真的輪不到我說話
所以結論，我真的跟玉帝不熟齁～

總覺得我越說越多了，若有得罪請各位海涵，我無意與任何人為敵，我只是單純敘述事實",
268,2023/12/06 16:00:35,【公告】,"今天客人跟我說：「他家人覺得我說他家有鬼，不一定是真的。因為他家人覺得他有點感應，如果有鬼他應該會感覺到。」

我白眼到不知道能說什麼欸⋯⋯⋯

好想問他：「你知道你還能撐多久嗎？你不知道自己衰很久了嗎？」

不是你沒有貴人，是有貴人你也不知道😂

還說知道鬼？！",
267,2023/12/05 04:51:12,【公告】,"今天早上去晨練時

雙腿男鬼搬家了欸！！

原本想叫祂起床的😂沒趣味😢",
266,2023/12/03 11:57:42,【公告】,"原本要去高爾夫練習場抱佛腳

結果師傅跟我說：「你桌上的先用完才可以出門。」

還好祂沒問我哪時要寫鬼故事😂",
265,2023/11/23 15:01:18,【神來也篇】,"【神來也篇】
人類真的是很難取悅的生物
難怪神仙們都作壁上觀，不過這也是真理啦～

昨天因為向A客人借場地幫B客人淨車
所以我就很主動的幫A客人看了一下公司的狀況

A客人公司供奉的是土地公
因為我跟祂也蠻熟的啦～
祂是一個超積極的土地公喔！
神跟人一樣都有自己的個性
我就問祂說：「最近生意如何？有什麼需要幫忙的嗎？」
土地公說：「事實上不夠好，大環境的影響讓冬天的寒氣吹進了廠房。」
我說：「那請師傅敕些令，讓暖氣回到廠裡，好嗎？」
土地公說：「那我要挑個好日子，讓這氣能度過冬天，給我信眾吉祥的祝福。」

因為土地公說要度過冬天，所以我只能多敕些令，來達到土地公的要求
這些令，當然是放在紙錢裡，讓火焰可以在對的時間，引動靈力，轉換客人的狀態
依照土地公的安排，今天就把紙錢交給了A客戶

後來A客戶跟我說：「我爸剛剛跟我說，
不可以一直跟土地公公借錢，我說是發財金，他說那就是跟土地公公借錢的意思，
我只能。。。。無言。」

看到這種不知好壞的信徒，真不知道土地公作何感想
你什麼咖？土地公要借你錢？銀行借你錢都還審核你的條件了，自以為能跟神借錢🙄

正神能給你滿滿的好運，錢要自己賺
你以為好運想來就來？沒有祂的幫忙，你真的有這麼多好運？
神賜福後都不會索回，因為這也是人持續努力可以得到的回報
真的借得到要感恩了，還敢說不要借？！
下次等你想借，祂還不一定借你

沒有人可以一步登天，但都可以一步摔死
不懂就要謙虛，少指指點點，閒言閒語或嫌言嫌語
鬼你得罪不起，神更得罪不起",
264,2023/11/21 15:01:28,【鬼扣應篇】,"【鬼扣應篇】
好多人會在卡陰後問我：「我怎麼被跟上的？」
人隨時會被跟上，真的沒什麼好問的

> > > > > >兩週前< < < < < <

某天早上9:10左右，我在空無一人的健身房男更衣室裡剛洗完澡，站在鏡子前吹頭髮
忽然間，我看見有一雙裸體的腳，只有膝蓋以下的部分，從男更衣室裡那間可以坐著吹頭髮的房間走出來，走向離我兩小區的置物櫃區
幾秒後，那雙腳的上半身單獨從離我一小區的置物櫃區走出來，往浴室的方向走了過去
我繼續吹我的頭髮，看看祂想做什麼
最後，祂頂著半濕的頭髮，趴在男浴室的門框上，看我吹頭髮，但祂這時只有臉部和兩隻只有前臂的手
頭髮吹乾後，我就走回我的置物櫃區準備拿東西離開了
來到門口時，那個男鬼站在門口跟我說：「我要跟你說⋯⋯⋯⋯」
我只給了祂一個意念：「我不想聽。」
我頭也不回的就走了

> > > > > >一週前< < < < < <

那天看見雙腳鬼後，第一次去健身房
又是空無一人的早晨，沒人的空間，真的有很高機會撞鬼
我在走進男更衣室的大門時，就感覺到了那個男鬼留下的陣法
好多天前我跟祂說：「我不想聽。」後，祂就在門口，留下了等待我的陣法
當我再進入這個門口，祂就可以感知我的來到
祂再次出現在門旁，看著我走進更衣，走出去運動
祂也就靜靜的看著我離開，沒有再說什麼

> > > > > >今天< < < < < <

早上我運動完大約9:25左右
當我走向男更衣室，我想起了那雙鬼腳
看起來祂似乎放棄找我了，但我可不是可以隨便招惹的路人
邊走時，我用意念開始找那雙腿，在我走到離男更衣室20公尺左右
我找到祂了，在男更衣室門口旁邊的虛空牆中，我用意識抓住祂的雙腿，用力的把祂往人世拉
我可以聽見祂哀怨的哭喊聲：「不要拉我～～～我要睡覺⋯⋯⋯」
這鬼真的長的很特別
膝蓋以上，沒有形體；肚子部分有一坨比較圓的陰氣
拉到胸線左右的地方時，當我一放手，祂的靈體瞬間以光速彈回了虛空的牆裡
帶著一絲竊笑的我，開心的去洗澡了

自從前幾天想通了一些事後
我更喜歡跟靈界的東西來往了，我有些新的方案等著拿祂們來試
等有機會再跟大家分享我試出什麼",
263,2023/11/19 15:00:39,【神來也篇】,"【神來也篇】
你也想求財嗎？
那你可以看看我怎麼做

事實上人生是非常需要錢的，畢竟連我都拜了六尊財神
因為我的第一個師傅跟第二個師傅都是佛教的神明
所以祂們相對比較不招財？！
不是祂們不做，是祂們都分給別的神做
不是祂不有錢，是祂已經非常有錢，也知道有錢的方法

人要累積財運，發揮財氣前，是一定要先把自身的障礙排除的
所以師傅們教我的治療靈體法還有超度法，就可以洗淨人身上的陰邪之氣
正所謂沒有阻礙才能好好賺錢

當客人要求財前，我會先詢問他的職業還有心願
財神的基本能力都是招財納福，但依照職能又可分成，順財神、改財神還有守財神
順財神可以增加本業的好運機率，讓你的機會源源不絕，但能不能接住也是要看自己的努力，如果好吃懶做相信有再多的機會都不夠用
改財神可以促使你改變命運，讓你更上一層樓，祂會一直提點你要改，只要你一步步付出實踐，自然就會有更好的未來出現
守財神可以給你穩定的力量，以暗藏之術輔助你的財運，天下財氣最後都需要守財神的調順，以達平衡之態

通常我是建議三類財神都拜啦～
因為三類財神會輪流值年，有點像是太歲的概念
畢竟天下財富不可能永遠由一個神掌管，其他財神也都不是省油的燈

十年前我便立下我的招財祈語「日日有錢賺，月月有存錢，年年有發達。」
求財和改命一樣不是一朝一夕的事情
想要一步登天的人，真的要小心摔的更重
但臨時抱佛腳是人的本性，這可以過個運
一年24節氣之外，還有其他的關卡，正所謂關關難過關關過
如果不懂得累積，過一關後又毀一步，可能就要開始迴圈循環了

職掌財神給了機會後，要經得了考驗，沒有人可以平白無故成就一件事
還沒轉正，尚未跳躍，是最好的醞釀
當你接上財神的氣勢後，會有平步青雲的感覺，這時候一定要低調，小心使得萬年船
逆風是考驗，順風何嘗不是

而我就是輔助者，當財神排到你的好運時，你是否已經在等待階段，準備好了一切，抓準時機逆風起飛？
由我引領拜入財神門下的人，財神都會關注你們的財福，有事要問，沒事要勤
神都記得一清二楚，所以當祂要你配合什麼時，千萬不要拒絕，這時絕對是傻人有傻福的最佳寫照
而且我可是不再收錢的齁～一次領進門，終身提點
剩下很個人的部分，就無法一一細說了，只能自己體驗

最後一個小小的工商
回去拜財神，建議帶上引路人，惜福知恩，財源不斷
人在情在，情在緣在，緣在財在，財在人在",
262,2023/11/17 17:18:33,【公告】,"有人今晚失眠的嗎？
那可以跟我一起想問題。

我今天想的問題是，我是否沒做到佛家說的：「無分別心。」

今早帶著15個惡鬼的委託到停車場，準備要去桃園處理15個惡鬼時，

才到停車場，我就想起之前說過的停車場中的鬼們，我跟祂們說：「跟15個惡鬼的道行比起來，祢們再百年也無法得度吧？！畢竟祢們還差一大截。」停車場的鬼沒有回話，我就開車往桃園去了。

晚上回到家，我開始思考我是否做不到「無分別心」
，但祂們看起來就是這樣，我算有分別心嗎？

好幾次我路過一間萬人朝拜的土地公廟，我問土地公：「祢何威德？受百萬金之禮。」土地公尚未回覆過我。

之前進香，來到有人說很猛的媽祖廟，我看就不怎麼樣，媽祖坐在堂上也沒說什麼。上一站包公廟，包公很猛，乩身朋友吐的亂七八糟，我跟他說：「下一站媽祖廟就不會吐了，不用擔心。」果然下一站媽祖廟，乩身朋友自在的喝著飲料。

上週我帶客人去求財，來到全台數一數二的媽祖廟，但因為我不歸祂管，所以我本打算添香油新台幣200元，但師傅馬上跟我說：「無理。基本600。」這趟求財我一共跟客人借了3500元現金。我只是沒帶夠現金齁～

在靈界階級是固定的，上神修持一天，下神修一年也不一定跟得上。畢竟上神成道已不知多少時光。

我剛有想到沒分別心的差別是，因為加上時間吧？！現在、過去、未來，現在未成佛，但可能過去已然成佛？！

不過，法術的世界，根本沒有時間啊，時間只存在有生命的世界吧？！法界永恆，真實不虛，無人可以撼動各神所修持的世界。

我上訴所見的神也就是祂當下的祂，祂到哪也都是祂，不可能換個時間或是時空，祂就突飛猛進，因為靈本來就超脫時空。

然後，我看了心經，沒有得到答案。再看金剛經⋯⋯⋯

大概這三段吧⋯⋯⋯

是故，須菩提！菩薩應離一切相，發阿耨多羅三藐三菩提心，不應住色生心，不應住聲、香、味、觸、法生心，應生無所住心。若心有住，即為非住。是故佛說菩薩心，不應住色布施。 
　　須菩提！菩薩為利益一切眾生故，應如是布施。如來說一切諸相，即是非相；又說一切眾生，即非眾生。 

復次：「須菩提！是法平等，無有高下，是名阿耨多羅三藐三菩提。以無我、無人、無眾生、無壽者，修一切善法，則得阿耨多羅三藐三菩提。須菩提！所言善法者，如來說即非善法，是名善法。」

「須菩提！於意云何？汝等勿謂如來作是念：『我當度眾生。』須菩提！莫作是念！何以故？實無有眾生如來度者。若有眾生如來度者，如來即有我、人、眾生、壽者。須菩提！如來說有我者，則非有我，而凡夫之人，以為有我。須菩提！凡夫者，如來說則非凡夫，是名凡夫。」

以上，唸完就可以睡覺了，滿足的一晚

明天繼續寫求財那篇🤣",
261,2023/11/17 05:00:47,【公告】,"超可愛佛像

原文說是李嘉誠的收藏

沒有大富翁的財富，但要有大富翁的眼光

然後我就是大富翁了🤣",pic\864224175707474.jpg
260,2023/11/16 22:33:41,【公告】,"剛從不舒服中活過來

這次聽了15個長年不散的惡靈故事

是第三次因為度靈產生了不舒服的感覺

矛盾的情緒伴隨恐懼與不安

傾訴著久未人知的心事

晨曦之前，一切再度回到正常的軌道

人都要一樣正念積極才對",
259,2023/11/13 16:28:01,【公告】,"很久沒有一次用這麼多紙錢了

不是我偷懶不寫文章，是我真的小忙😑",pic\861805692615989.jpg
258,2023/11/06 17:05:47,【公告】,"剛剛陪客人去看了一個看起來一般的黑臉王爺

然後現在被北部最大土地公壓著寫發財金給祂的弟子

雖然是武財神的局，但土地公表示：「只拜我也可以有一樣的效果。」

桌子下的話是：「武仔，這個我的人，祢幫我插進去。」",
257,2023/11/06 09:12:53,【公告】,"前天晚上，武財神跟我說：「要準備明年的財運了。」

所以開始召喚有跟我拜武財神的人喔～～～

我們準備一起賺明年的錢了！",
256,2023/10/31 15:01:10,【公告】,"這裡有兩張照片，四頂帳篷

是你會選哪一頂帳篷呢？

有兩個帳篷有鬼，有兩個帳篷看起來沒事

這是好客人去露營時問我的問題

因為他孩子都很容易被鬼鬧

所以可以選都會叫我幫他看一下

以下開放投票，投對的我也不知道能送什麼😂","pic\853287673467791.jpg
pic\853287670134458.jpg"
255,2023/10/28 15:01:58,【鬼扣應篇】,"【鬼扣應篇】
真的有點忙到沒時間打字
開始思考其他呈現方式了⋯⋯⋯⋯

之前某位家裡很多鬼的客人
說某位是因為思考之後，這裡提到的每個人家中都一堆鬼

這位客人原本想說盡快搬離鬧鬼的家
因為他們是大家族一堆人住一起
雖然我可以送走這些鬼，但家中的其他小傻瓜很可能繼續招陰，所以才決定要搬出去
但人生往往計畫趕不上變化
客人喜歡的那戶，他媽不喜歡
他媽喜歡的那戶，建商姿態高
反正最後是沒有要搬出去了
繼續住鬼屋🙄️

思考了好一陣子後
師傅教了我一個新的法術
既然客人身不由己，我就讓鬼不能靠近他就好
這樣應該在家就沒事了吧？！

各位知道在法術的世界裡，是需要載體的嗎？
因為客人家房子鬧鬼、神桌拜鬼、倉庫住鬼
所以這次我決定將陣法放在客人身上
將陣眼植入他的靈魂
一個有自己意識的法陣，針對我所指定的對象展開「攻擊」
理想的狀況是⋯⋯⋯打到祂不敢
但師傅跟我說：「你要自己想好攻擊方式，然後眾神會依照你的要求創造相應的『神罰咒獄』。」

處罰？！
我這麼和藹可親，還真不知道什麼處罰好
不久後的某天，我想起了小時候和家人一起看過的「呂后傳奇」
裏面有一段「 人彘」的製造過程
不然我就來一個「鬼彘刑罰」吧

因為客人說那鬼一直盯著他
所以當祂第一次想靠近我客人，同時挖出雙眼，讓它掉在地上，用掉在地上的眼球繼續注視人間

當祂第二次想靠近我客人，同時插聾雙耳
當祂第三次想靠近我客人，削去鼻子
當祂第四次想靠近我客人，割去舌頭
當祂第五次想靠近我客人，毒酒啞喉
當祂第六次想靠近我客人，砍斷右臂
當祂第七次想靠近我客人，砍斷左臂
當祂第八次想靠近我客人，砍斷右腿
當祂第九次想靠近我客人，砍斷左腿
當祂第十次想靠近我客人，恢復痛覺，凌遲靈體

在靈界，因為大家都沒有死的機會，所以可以更深入體驗各種刑罰
另外，神醫難尋，基本上，敢來的將永遠帶著刑罰之傷
寫好罰則，仔細的複誦，寫入客人體內，就等來試法的鬼了

2023/09/11
客人跟我說：「鬼磕頭，我在洗澡的時候聽到疑似女性尖叫聲是正常的嗎-.-」
我沒有看到任何鬼在受刑，所以我也不清楚發生了什麼事
我只記得一開始時，客人是跟我說，他去上廁所時，一直被鬼看
但客人說自此之後就沒什麼特別的感覺了

「神罰咒獄」對客人家存在的三批鬼具有100%的效力
但對於其他的鬼大約只有70%的功效
我突然覺得我很像日本漫畫「獵人」裡的庫拉皮卡🤣",
254,2023/10/24 15:09:03,【公告】,"因為手上案子在排隊 

所以停更一次😇",
253,2023/10/21 15:00:19,【鬼扣應篇】,"【鬼扣應篇】
你覺得有房子沒鬼嗎？
還是應該每間房子都有鬼呢？
當然也是有乾乾淨淨的房子
我的超級好客戶就住在一間完全沒鬼的房子裡
第一次借住前，我還開玩笑的跟他說：「如果你家也有鬼，那我好像又有事做了。」
不過他社區的鬼都不住在他那間
如果哪天他要賣房子，會有人想買一手無鬼房嗎？😂

在桌神上座後的兩週，因為有事所以我又要去客戶家借住了
因為當天我們各有行程，所以我就自己先去客戶辦公室看桌神
上次桌神不只要求潔淨祂要的桌子，同時還要我把整間辦公室都劃起來，讓其他靈界不可以造次
所以搞得我也有點緊張，沒給錢就趕人走，很兇欸
事實證明，桌神真的管很寬，當下辦公室已經有90%佈滿了祂的氣息
連我去上廁所時，身為公共空間的廁所，都沒有半個鬼了！！
只能說客人真的賺到了齁～～～
四兩撥千斤，請個神免費趕走一堆鬼

接著我就在客人的辦公室睡到23:30
果然業務好的人都很會聊，他聚餐吃到午夜，我都睡一覺起來了
離開辦公室前，我順路先去上個廁所
就在我離開廁所要來梯廳和客人搭電梯下樓前
我路過在廁所和電梯中的樓梯時，一個惡狠狠的男鬼就站在四樓往下的第四階樓梯上，目視著我路過
來到電梯後，我跟客人說：「欸，桌神不准祂們上四樓欸，所以祂站在樓梯下幾階。（笑）」

然後我搭上客人的車，來到不遠的客人家地下六層停車場，那個男鬼一直跟著我們的車，我在地下六樓又笑了
這個男鬼真的無辜的讓我想笑
然後桌神很兇也讓我很想笑
跟各位說：「不怕鬼的神就是這樣，鬼只能被管理。」

等上到客人七樓的家，我不是說它是一手無鬼房！！
雖然我就睡在窗戶旁邊，但男鬼還是進不了房子
那個男鬼就站在七樓的牆外，一直盧我說：「祢們怎麼可以這樣欺負我？不公平！（氣）」
就這樣直到我2:00睡著前，祂都還站在牆外
我只是通靈人，師傅派哪一位神又不是我決定的，跟我盧也沒用

真正的神都有自己的個性，跟人一樣
能力越好的神，個性越強，跟人一樣",
252,2023/10/19 15:59:48,【公告】,"好多人跟我說上一個鬼錄影很恐怖？！

也有人跟我說他看了起雞皮疙瘩，會不會怎樣？？

故事開始⋯⋯⋯

今天打完球回公司加班完正要離開前

我照例先到茶水間喝杯水解個渴

就在我飲畢關上茶水間門時

茶水間旁的陽台門突然發出了兩聲不自然的「扣！扣！」

用眼尾確認過後，確定是一個鬼正站在陽台門後往內看

但我後面還有約客人，直接頭也不回的離開了辦公室

就在剛剛洗好澡吹頭髮時，我再次脫靈來到公司的陽台邊，想看看那個鬼還在不在

嗯⋯⋯⋯很好，還在！

我立刻說：「祢不知道公司是我的嗎？數到三不走我就送祢下地獄！1！2！3！」

上面這句話我大概只說了4秒鐘

然後祂就離開我公司陽台了

但我現在在床上打字，祂剛剛坐在窗邊看我寫祂什麼

故事結束end

如果你看完鬼錄影，不看了以後，還雞皮疙瘩超過15分鐘

那你可能需要去瞭解一下自己怎麼了，不要等很嚴重了才在那到處殺價🤣",
251,2023/10/11 16:46:57,【公告】,"上週接待日本會友忙翻

昨天第一天上班又忙翻

會盡快更新的，因為有很多有趣的事可以說",
250,2023/09/27 15:00:32,【公告】,介紹大家來看鬼👻,
249,2023/09/26 16:05:28,【神來也篇】,"【神來也篇】
你覺得有鬼就要幫祂超度嗎？
事實上對神而言，鬼是否得度？人是否解脫？都有很多種可能

我的超級好客戶是一間公司的老闆
因為之前也會去他公司坐坐
所以早就在上廁所時見過他公司大樓裡的遊魂
當然也不只一個
在好客戶知道公司有鬼後，他也跟我提了幾次，是不是該把公司的鬼送走
但我一直看他的命盤，就是沒有要送這批鬼的記載
所以我也不敢直接收錢辦事

經過了幾個月的沉澱
我想還是跟師傅正式提出申請，看看師傅覺得哪一個方式適合好客人好了
方案一：把好客人公司的鬼都送走，雖然我一直覺得他跟祂們沒這個因緣
方案二：請位桌神保佑好客人
結果師傅說：「方案二。」

桌神是一位住在桌子裡的神仙
等級嘛～菩薩級，因為在我們這種水準的通靈人眼裡，會怕鬼的都不算神
不要懷疑，神也有怕鬼的，還很多
就如同，警察也有怕流氓的，畢竟老大不是人人惹得起的

方案既定，就看好客人的決定了
客人好奇的問：
請一位桌神要怎麼拜？不用拜
請一位桌神要燒紙錢嗎？不用燒
那我要做什麼？你只要記得祂住在桌子裡保護你就好了
神本來就不需要人類的供奉和紙錢，如果這個神真的厲害，怎麼還需要你的資源補給？

客人確定要請桌神後，就選個好日子，等著迎桌神降臨
神靈本來就沒有一定是什麼神，修為夠就是好神
至於什麼外觀，那只是人類在意的外衣而已

由於桌神也是來自靈界的高階神靈，所以也是很有個性的齁～
當天迎請祂時，祂突然開始跟我開菜單，又要做這個又要做那個
原本預計ㄧ小時的儀式，硬是拖到兩三個小時，真的是讓我很傻眼🙄️
但因為大家都來自同一個靈界，我如果不做給祂，祂一定會去跟師傅說我偷懶，害我只能乖乖做好了

未完待續⋯⋯⋯",
248,2023/09/25 15:00:25,【公告】,"山不在高，有仙則名；水不在深，有龍則靈。

昨天下午在山上散步
看到5、6個人，身穿全身白服，聚在草地上，由一人站在中央，其餘的人圍繞在他的身邊，手搭著手，中間的人舉著手
好像在做什麼儀式

這山上確定沒有神仙，因為神仙會住仙界，不會住深山。
這裡的湖底也沒有龍，因為清澈的湖面，可以直接看到湖底。

如果中間的人是宗師？宗師不可能需要其他人的幫助，自有天助。
如果中間的人是弱者？你能確定自己拿了什麼幫助他嗎？

做人要理性的思考自己在做什麼，而不是天天想要修仙成道。做人尚且不足，何來成就功德？",pic\828009709328921.jpg
247,2023/09/21 15:00:53,【鬼扣應篇】,"【鬼扣應篇】
日本鬼的委託 最終話

你知道靈界空間的奇妙之處嗎？
它們總是知道不一定到得了，到得了不一定用得上

就在我要去客人的房子做現場的幾個小時前
我來到一個靈界的轉生站
它高在人界的上空，一個曙光能直射它的高度
清透的站體結構有如科幻片中的天空航廈
來到站體的大廳後，所有的靈魂都以不可見的姿態存在其上
在一般的通關入口旁，有著一道特殊閘門
閘門上寫著「直昇天界，日本魂限定。」

回到現世視角
我和客人來到要處理的房子前，我們一起站在屋外，觀看數十年前日式宿舍所遺留下來的痕跡
客人房子的隔壁，目前作為一個Times停車場的空地，前後兩筆土地都可以在鄰房的牆上看見清楚的日式宿舍斜屋檐的痕跡
但現場已無任何日式房屋的遺址，也看不出客人的房子之前是否也是日式宿舍的用地
以目前現有的狀況，真的看不出這批日本鬼憑什麼找上客人

由於排定的儀式不可延遲，所以我向日本鬼眾說到：「若師傅同意送祢們一程，我會照辦，但今日儀式，請祢們要先退開，否則，是在找我碴嗎？」
不知道是不是因為清晨還去轉生站場勘的關係，客人的這戶房子，是我目前處理過最難處理的房子
它是建物的一樓和地下室，由一樓的大門進入，在客廳和餐廳的中間有一支樓梯可以通往地下室
地下室也分成前後兩個部分，分別有幾個房間

儀式開始後，滯留房中的陰氣開始緩慢的移動
當地下室的陰氣因術法的擾動，開始向一樓湧現時，我第一次感受到很多敏感體質所說的頭暈想吐的症狀
雖然我直到最後都沒有吐出來，但泡在這種持續惡臭的噁心陰氣裡，真的是一件讓我不想再經歷的過程
客人因為有事要談，同時病後不適合靠近陰地，所以他在路易莎咖啡談事情，我一個人在現場要嘔要吐的撐完了兩個小時的排除儀式
還好最後他有帶冰拿鐵給我喝，不然我真的是隨時可以倒在現場睡一下

儀式過程中，這批10位日本鬼就站在隔壁的土地上看著我來回穿梭，辛勤的工作
儀式的最後一炷香時，原本現場凝聚的陰氣已經被全數清空，成為一間正常的重疊別墅
每次遇到重疊別墅的案子都特別不好處理，勸各位入手前要多三思

回家前，我跟客人說：「等回去再問一下師傅的意思，有沒有要送日本鬼走。如果師傅說好，我會處理；如果師傅說不好，我再想想⋯⋯⋯」
如果師傅真的說不好，可能我就要跟日本鬼開戰了，畢竟祂們已經找上了門，怨鬼上門可是很麻煩的

依照夢境中的狀態
日本鬼的心願是，先回日本，再往靈界超生
至於祂們為什麼堅持要回日本，我就沒有再追問了，反正只要師傅同意，是沒什麼難度啦～

之後師傅確定的意思是：送祂們一程☺️
可喜可賀，因為開超度神令，比跟鬼打架簡單多了
因為靈界沒有師傅打不開的門

所以我先開了一道回國神令，讓日本鬼們回日本
再開一道那個直昇天界的特許神令給這批討到緣分的日本鬼

我記得師傅在直昇天界的特許令上標註了「限三日」
也就是日本鬼回到日本的三天內要上轉生站報到，否則會成為日本的遊魂
因為祂們有準時上轉生站，所以我又跟著去了一趟，監視日本鬼投胎？

原來這個靈界轉生站設在富士山上空
整個轉生站都是用像是玻璃的材質所打造的
每天日出時刻，太陽的光線直射轉生站，未持有特許令的鬼魂，將被曬成鬼乾，掛在高聳的天際

不得不說靈界空間的奧妙
由於它比富士山還高，鬼要怎麼上轉生站就是一個問題了
上站後，由於站體內沒有任何一個神仙，所以一切靠特許令行動
沒特許令的會被曬成鬼乾，有令的時間到出口就會閃著綠黃色的光芒，提醒祢進入，然後祢將消失在轉生站
就看祢是真的消失，還是掛在站外的天空，和墜機的鬼住在同一層樓",
246,2023/09/19 15:00:56,【鬼扣應篇】,"【鬼扣應篇】
日本鬼的委託 第一話

你有接受過外國人的委託嗎？
我真的各國鬼都可以處理了

某天客人帶我去看他要請我處理的房子
而會處理這間房子，是因為客人上次住院時，晚上在病房與我通話時，這群房子裡的鬼就在等他了，所以才有了今天的看房行程
我的服務真的很廣喔！不管你在哪，我都可以管到你身邊的狀況，只要你願意跟我說～

通常我看房子5分鐘就看完了
除非是客人在使用的房子，我會花好長一段時間跟他聊天，看看客人的現狀，調一下客人的靈魂來聊聊，看看怎麼做對客人最有幫助
不過這間房子，因為從來沒住過人，客人也沒有入住的打算，所以繞一圈看一眼就可以離開了

回家後，等師傅跟眾生談好條件，排好輪迴專車，就可以進行超度儀式了
但就在儀式後的六個小時，隔天清晨，有一批日本鬼，穿著日本高校制服，帶著我在日式的台灣建築中遊玩
我們在木造和室裡，打鬧嬉戲
我們在靈界的老宅裡，相談甚歡
我們在庭院裡的屋簷下，看著日光緩緩升起

起床後，我認真回想了一下昨晚的儀式
我沒有送到日本鬼啊！！
這群日本鬼是哪來的？！

兩天後就要去客人的房子做現場了
到時再看看吧～
做現場時，我會將現場所有的陰氣逼退，同時告知靈界，這裡從現在起有人固守，請互相尊重

當天早上搭上客人的車後
我就問客人：「這房子跟日本人有什麼關係嗎？我見到一批日本鬼。」
客人訝異的跟我說：「你是第三個來這裡處理有提到『日本鬼』的老師，之前請來處理的老師也都說過。房子旁邊就是以前的日本宿舍，等一下到現場，還可以看到日式斜屋檐的痕跡。」
我問客人說：「那之前的老師沒把日本鬼送走嗎？」
客人說：「他們是說有送走啊～」
我說：「沒關係，等我回家問師傅的意見，如果師傅要送祂們走，我會處理。同時，絕對不會再有下一次。」

未完待續⋯⋯⋯",
245,2023/09/16 15:00:49,【公告】,"因為我好累，所以用客人的感謝，帶過今晚的分享。

只要相信我，你就會得到你想要的東西。

不是我比較厲害，是我真的有在做事。",pic\821614673301758.jpg
244,2023/09/14 17:16:29,【公告】,"今天是七月的最後一夜

剛剛回家時，在停車的社區看到一個惡鬼站在中庭的柵欄邊，看著我騎車回家

然後在我熬夜幫客人祈福時，祂竟然坐在我床上折手，發出跟我一樣折關節的聲響

幼稚的鬼跟人一樣多🙄️",
243,2023/09/14 15:00:14,【公告】,"最近太忙 休刊一次

星期六應該會出🫠",
242,2023/09/12 17:27:20,【鬼扣應篇】,"【鬼扣應篇】
你有感情債嗎？
前任有對你留下怨恨嗎？

某天美國客人和我通話時跟我說：「我最近做了奇怪的夢欸？！」
我說：「你夢見什麼？」
美國客人說：「我夢見我的前兩任男友，來找我囉哩八嗦。」
我說：「其中一個是曾經讓你墮胎的那位嗎？」
美國客人說：「對啊！」
我說：「是第一次夢到嗎？之前有嗎？」
美國客人說：「一直都有，但處理後第一次夢見。」

這次！沒有半個鬼現身前來承認祂所犯下的惡行
但這個狀況，我直覺認定就是鬼會做的事
所以我跟美國客人說：「我今晚剛好有空，我會去看你！」

深夜時分，我再次前往美國
但當我抵達時⋯⋯⋯

我看到一桌杯盤狼藉的豐盛菜餚，被蹭的乾乾淨淨的魚骨，就像剔透的玻璃般靜靜的放在盤子裡
坐在主位的老女人穿著華麗的服裝，一臉兇巴巴的開始對我碎碎唸
緊接著出場的是我前任未婚妻，祂開始跟我洗腦逼婚的事

就這樣我坐在夢裡的餐桌上，聽了整整一小時的鬼話連篇
看著窗外太陽的晨曦漸漸透進房裡，我知道時間快到了，我該回台灣起床了
話也不回的我，轉身遁回床上

聽了這麼多垃圾話的我，帶著一點點小小的驚恐醒了過來，這是什麼劇情？！
前任鬼？！
能化身成每個人前任的鬼魂嗎？？我第一次遇見這種鬼

清醒後，我跟美國客人說：「應該沒事了，再夢見跟我說。」
好久沒用這招了，「勸退鬼法」一種跟鬼聊天後打發鬼的法術
如果祂再來，就可以動武了",
241,2023/09/09 15:00:44,【神來也篇】,"【神來也篇】
你聽過「石敢當」嗎？
師傅給我的法典中有這位神仙
但我還未請過祂

法典裡記載著許多奇妙的法術
只有等用上了，才能明白
今天來介紹一個很少見的法術
「花草木竹石法」

上次提到的那位有佛祖要給他家拜的客人
因為父母事業成功
聽說民國70年左右流行從大陸買國寶古董回台
身為一個成功的商人，自然他家也買了不少古董
不過有好幾個裡面都有鬼就是了

在佛祖上座前，當然要先把這些鬼魅通通送走
法事結束後的好多好多天後，剛好再次與客人見面
他便向我說：「昨晚我好難入睡，然後我覺得之前跟你說過的衣櫥裡又有怪怪的聲音。」
在他的話語間，我便看見了昨晚在衣櫥裡的鬼魅
我自在的跟他說：「確實有問題，你的第六感還是這麼準！我晚上會去你家看看。」

保固故事開始：
當晚我脫靈來到他家，嗯⋯⋯⋯⋯直接降落在衣櫥裡😤
因為我去過他家，我記得那個會鬧鬼的衣櫥在哪
來到衣櫥後，衣櫥後方有一扇靈界的門
我緩緩地推開了門
疑！竟然接到他家廚房欸
靈界本來就是一線隔一界的世界，所以我要想想怎麼把門管好

我向外走了三步，到靈界搬了一顆石頭，大約四個面紙盒這麼大
想不到要搬靈界的石頭也是要花一點力氣搬的，因為我挪用了靈界之物
重的不是重量，而是移動靈位的阻力
我將石頭放在門片開門的路徑上
大約是旋開門片30度的地方

然後在門把旁的門緣插上兩片靈界草
將兩個「靈界金鐘」放在靈界草的頂端
靈界沒有地吸引力，所以放上去的東西，就會乖乖待在那
靈界金鐘會一直散出金色的光輝，像兩盞不滅的燈一樣，一直亮在門上
普通的靈界是沒有光的，在靈界會發光的東西，都是有法力加持過後的聖器，鬼魅通常都不敢靠近

下一次如果再有鬼敢打開這扇放了靈界草的門
當門片撞到靈界石時，由於門片的靈氣震盪，將帶動靈界草搖曳，觸動靈界金鐘發出聲響
金鐘響了會怎麼樣？？
大家知道廟裡常會敲鐘擂鼓吧？！
事實上這些都是有意義的

寂靜的靈界原則上沒有一絲聲響
發聲也是需要法力支持的
所以當金鐘一響，它將會像拿針刺入所有聽見的鬼魅耳裡一樣的刺耳，而且一次兩耳！！
早上起床後，我只淡淡的跟客人說：「我做了一些調整，你再看看有沒有什麼異樣。」
到今天是沒聽到他跟我說有什麼狀況

神界雖然沒有黑魔法可以用
但神界有地獄的刑法可以用
千萬不要招惹神界的人
因為我們有無數可以虐鬼的法術

對了，可能會有人問他家不是有佛祖嗎？
一個高級的神，會默默指引祂守護的人
同時高級的神，通常都不會自己動手
所以由我出手是很合理的狀況
不然你以為，這個客人為什麼可以有「靈界金鐘」可以用",
240,2023/09/07 15:00:47,【神來也篇】,"【神來也篇】
你聽過驅邪有保固的嗎？！
我想應該只有我有這種服務吧？！
因為我除了看得見祂們以外，我也是半個靈界人

大家應該都很喜歡多重宇宙的話題
事實上在現世之下就有一個與靈界交織的空間
或許你可以說它是多重宇宙，但事實上我要說的「它」確實與現世連結

當一間陽宅被我淨化之後，由於它原本有惡靈的干擾
所以有時它會長的跟現實空間一模一樣，有時則會有所不同
不論它以什麼樣貌存在，它都會成為我所管領的空間之一

當再有靈體敢來我設下結界的房子搗亂時
我就會在深夜以「靈」的姿態到「它」中，與來訪者交涉
好的就是聊聊天，不好的就是可能需要大打一架
而再來的靈都會敗下陣來，然後就沒有下一位挑戰者了

還記得美國客人身上的鬼魂被我請走後，我跟他越洋聊Line 發現他家更衣室和廚房竟然還有鬼魂駐留等待
雖然這個部分不在原本約定的處理範圍內，但我通常都不會跟客人再收錢
反正我睡一覺，鬼魂們就知道什麼叫「夜路走多了，總會⋯⋯⋯」

那天清晨我脫靈到了美國客人的房子裡
一間美式木造房屋頓時出現在我的眼前
我緩緩的在這間我從未到訪過的房子裡移動，因為我根本沒去過美國客人家
突然間，像鬼片裡演的一樣，房子裡的門自己開了起來
但我有看見那個鬼，祂漆黑的手掌正扶著門把推動門片
一個吸氣，像游泳憋氣一樣，我也化作一陣氣筆直往門片衝去

我要把這扇被鬼推開的門，再次關上
關上了靈界的門，就可以擋住靈界的鬼
你可以理解嗎？我在靈界，改變鬼的空間，讓鬼不得其門而入
這樣現世中的空間就被關好了

當然鬼魂看見我關上了門，祂也會努力想再推開門，好保有原本自由出入的權利
所以我和祂玩了一整晚⋯⋯⋯
關大門、開大門、關房門、開房門、關窗戶、開窗戶⋯⋯⋯
直到破曉之前，最後一個動作，將決定今晚的狀態

有客人說過，我文筆很差
但我真的認真寫了
看不懂真的是天份的問題",
239,2023/09/01 15:00:23,【七月怪談】,"【七月怪談】
你聽過七月的禁忌嗎？
你知道大部份的宮廟七月都不辦事嗎？
你覺得宮廟七月有禁忌合理嗎？

依照習俗，過年和七月這兩個時段大部份的宮廟是沒有在辦事的，有的連問事都暫停！
聽說⋯⋯⋯
過年是神仙也放假
七月因為是鬼月，所以滿街的鬼魅，輕易動法容易波及無辜等等

但我今年過年一樣動了法
然後七月一樣接案子，一位屋主會被鬼壓床的案子
確認接到委託後，師傅說：「今晚有台車可以安排。」
然後我就在七月初二左右把鬼們度走了
因為這位客人超關心進度，所以我還多給了這些鬼紙錢
記得那晚燒完紙錢，鬼們還跟我說：「真的給我們這麼多喔！」

我想說的是過年政府也不會停擺，緊急事件一樣有輪值人員會處理
所以我的客人有需要，一樣看誰值班，通通找來幫忙研究看怎麼辦

七月的鬼既然來自冥界，自受眾神管轄
怎麼會有鬼太多什麼不能辦的問題
再者，如果祭司持祀時，會波及無辜的靈，那該不會也波及到人？？
所有的法術源頭都不在人類身上，代表他身後的神靈準度很差，但這完全不合理齁～
因為神靈是很聰明的，不可能多做一分，也不可能少做一寸

由於我要燒的紙錢真的蠻多的，所以為了方便起見，我初一跟初二的紙錢都一起燒，因為沒這麼多時間一直開爐
某天我爸就問我說：「你這樣燒祂們會不會收不到？」
我反問爸爸：「那我怎麼能保證，燒完這個客人的紙錢，這個客人就沒事了呢？」

每一張我燒掉的紙錢都寫著
1.誰受領
2.領了去哪？做什麼？
然後經過師傅的認證後，賦予靈氣讓它們如我所說的一樣
這是靈界賜予的「如意筆」的能力，說什麼是什麼，同時附魔產生效果
鬼亂拿會怎麼樣？不能亂拿，因為亂拿會被上面的靈氣反噬，同時證明祢是小偷，等回靈界時罪加一等",
238,2023/08/31 15:00:50,【鬼扣應篇】,"【鬼扣應篇】
社長偷偷幫我上電視
還好客人很有心，有幫我增加收視率😂

代書是爸爸給我的工作
通靈是師傅給我的工作
不衝突啊～

最近接了幾個現場如同廢墟的案子
不能吹冷氣跟睡覺真的很辛苦
但我也沒有加費用，下次再接到應該要漲價了？

在我度走鬼以後，都會再到現場處理一場法事
法事的內容就是要：
1）把鬼清乾淨。就像人搬家一樣，多多少少會留下垃圾。同時把陰氣掃乾淨，正式向靈界佈達，這戶住的是人！
2）劃上結界。鬼本來就是無視牆壁的東西，所以不可能叫祂完全不能路過，像小鳥飛過一樣的感覺。但不可以在區域內為惡，不然就會⋯⋯⋯（很可怕
3）引來新的地靈氣。如同我好久以前說過的，世上的地如此多，像風水寶地一樣，不可能每塊都是好地，自然也沒有每塊地都有地靈氣。當引入地靈氣後，再來的鬼鬼就會因為磁場不合，選擇遠離房子了。

那天到廢墟飆汗劃結界時
當我用第一爐香掃完地後，閒來沒事就開始跟客人聊天
聊一聊客人就說他去一下洗手間
就在客人往洗手間走去後，一個只有半顆腦袋的鬼同時往大門走去了
祂去哪？？
祂是跟我說：「我改住別人家。」

一間鬧過鬼的房子，就如同社會的縮影
走了一家人，自然有下一家人入住
而且鬼不在意住廢墟喔！因為祂們也可以自備裝潢跟家電，就跟電影演的一樣，會法術的還是可以變出來
所以如果只會送鬼，不知道怎麼堵鬼再來
那事情就像是只做了一半

如月之盈虧一樣，除了把原住的鬼送走之外
還要以「盈虧虛實之法」讓房子能調節好對的狀態，才能讓人安心的居住在此",
237,2023/08/30 16:41:14,【七月怪談】,"【七月怪談】
今天七月半，你燒紙錢了嗎？
晚上躺到忘了寫文章了

客人問我說：「燒這個有比較好嗎？」
我說：「完全沒差，鬼又不要墨水，畫的再漂亮也沒用。」

許多商業手法會包裝各式各樣的紙錢來販售給消費者
事實上這跟神棍沒有兩樣喔！

如果你用的是蒙蔽世人的障眼法，賺取靈界的利益，那就可能是一種廣義的神棍
請大家想想，如果這種紙錢比較有用，那其他文化、宗教的祭司要怎麼度靈

答案當然不是囉～
像我是把度鬼的神令寫在紙錢上，讓鬼能得到救贖
如果我今天買不到紙錢，我就會把神令寫在A4上，燒了一樣有效果
因為我燒的是神令，紙錢只是一個依附、一個對價、一個轉換

客人又問我：「燒紙錢時，由於燒太多，金爐裡裝滿了紙錢，這時可以攪動金爐裡的紙錢幫助燃燒嗎？」
我說：「當然可以。」

燒紙錢，顧名思義就是燒掉就好
很多宗派會有奇怪的規定，不能攪或不能折⋯⋯等等
請問你吃下嘴的飯不是嚼的越細越好消化嗎？
銀行收錢存款時，會因為紙鈔折過而拒收嗎？

或許有的人會說：「這是神明降駕時，透過乩童的嘴說的。」
我只能說：「祂應該知道我在說什麼，但祂一樣要用一些方法框住信眾，這是祂的手段之一。」

我沒有什麼開山立宗的想法
因為不真的東西，是無法讓每個人信服的
自然就是平凡又簡單，所以生命落地時才一絲不掛
以後你要穿多華麗的衣服都沒關係，死了一樣一絲不掛再回來",pic\810237004439525.jpg
236,2023/08/29 15:00:14,【神知鬼識】,"【神知鬼識】
你覺得讀萬卷書重要？還是行萬里路更有價值？
讓我來跟你說說從靈界看到的人生之路

世界上眾多人口中，有信仰者也有無神論者
但無神論者也不會因此被神背棄
因為靈界、信仰和宗教本就有所區別
只是靈界因為不可見、不可證，因此常常會有穿鑿附會的狀況

原則上靈界是意念的世界，而人界是實踐的世界
所以我從不推薦我的客人唸經、打坐，不是它們全然無效，而是做不出來，知有何益？
如同知難行易或是知易行難的差別一般

在知識普及的現代，不懂道理的人越來越少了
但為什麼仍有壞人？我想沒有人不知道自己在為惡，也沒有人不懂道理，只是你當下決定怎麼做而已

身為人，大部分的思想對靈界而言都是無罪的，當然也有例外
但怎麼做就是人生的重點了
一個人總是同時身兼許多身分，你有好好扮演好這些角色，做出相對正確有益的舉措嗎？

在家，如何為人子女？
在校，如何面對師長？如何與同學相處？
買東西時，是什麼樣的消費者？
婚嫁後，如何當人另一半？
生子後，如何養育、教育下一代？
工作時，如何與同事相處？面對長官？執行職務？
創業後，如何經營事業？生產什麼樣的產品盈利？
成為前輩後，如何帶領後進？如何精進自己？
自己與每個有接觸的人是怎麼相處的？
自己獨處時，如何對待萬物？是否慎獨？能否做到日月無欺？

讀了一本好書，考了滿分的測驗，當用時，能否做到盡善盡美？
最近有一個客戶，年事已高，每天拿著佛珠唸唸有詞，委託我辦理事務，卻在事務完成後，向我詢問可否再算便宜一點？
這種人所唸之經有意義嗎？難道他不記得當初我們怎麼約定的嗎？

當人想好一個計劃，開始執行後，會因為人世分工合作的關係，與相關之人產生互動
不論計劃是否成功，做的人會因此獲得經驗與智慧，沒有實踐過的想法對人生未必是有直接幫助的，因為空想的一切，終究成空
最終怎麼做、做了什麼才是人生的關鍵

那天我和客人聊天
我說：「你沒發現很多宗教團體最後都爭產爭的你死我活嗎？一堆主持都跟子女不合，子女只想知道遺產怎麼分。你不覺得奇怪嗎？」
客人說：「真的欸，怎麼會這樣？」",
235,2023/08/28 15:31:01,【七月怪談】,"【七月怪談】
當一般人在普渡拜平安的時候
有人已經在拿紙錢換新台幣了",pic\808838364579389.jpg
234,2023/08/25 15:00:12,【七月怪談】,"【七月怪談】
你覺得七月返陽的鬼鬼們會脫隊嗎？
祂們真的都在地獄辛苦的生活嗎？

好久以前我聽過一個故事
某通靈人說八月鬼門關了，但野鬼脫隊，他幫著陰差四處抓鬼回靈界

前兩天我正好陪陰差押送一批返陽的鬼們回到人間
讓我來分享一下，祂們的樣子

這次我跟的是一組20個鬼的返陽小隊
看起來就像是人間的社團出遊一樣
一堆中老年人穿著現代的服飾，有手有腳的到處旅遊？！
看起來真的超像旅遊團

帶頭的陰差就像導遊的樣子
以陰鬼之術「遁氣法」帶著整團20個鬼一起群體瞬移
每個鬼看起來都很自在，沒有手銬腳鐐
雖然大家都是這次返陽才被編在同一隊的新朋友，但也沒有要互相認識的興趣，一個全團安靜祥和的概念
其中有兩個剛死的董娘，活著時老公都有一億左右的新台幣
為什麼我知道？！因為這次我是陰差的助手，我可以獲得陰差全部的能力，包含觀看祂們的基本資料，靈界沒有個資法齁

中午時刻
陰差看到前方有人拜普渡，所以領著我們一起遁入會場
當我們隨風而至時，同時在虛空中化出了桌椅，鬼鬼們分成了兩桌，每桌10個鬼，開始欣賞菜色
我是沒有看到祂們動口啦～雖然每個人面前都擺了碗筷，但就是坐著看拜拜的樣子

突然間，陰差跟我說，去問一下誰乳癌死的
我不疑有他，站在我們的桌前大聲說道：「誰乳癌死的？」
頓時，兩桌20個鬼像部隊聽到口令般，同時抬頭看向我，但沒有半個鬼表示祂是乳癌死的

這時我們隊裏的一個女鬼優雅的來到我身旁跟我說：「別這樣問吧，很不好意思欸。」
我心想傻女鬼在說什麼🤔️

當我口令一出，眾鬼抬頭望向我時，祂們靈體中的「魂之精」就已經告訴我，誰是乳癌死的了，我們20個鬼中有4個鬼是死於乳癌

魂之精是靈魂動力的源頭，它會存在靈體的體內深處
因為祂們都是陰差管轄的陰魂，也就是有入籍的鬼魂，陰差具有掌管祂們靈體的權力，所以不用手銬腳鐐也可以輕鬆控制祂們
魂之精像是三魂中的生魂般，顧守著靈魂的根本，同時聽從陰差的指令，讓鬼沒有作怪的可能

為什麼陰差要叫我去問問題？！
因為祂在讓我實習管鬼啊～
師傅安排的課程，都不會只有知識，同時會有實作
依據我和靈界達成的約定，見過的法術就是我的了

事實上我不認為會有七月鬼門開的鬼選擇脫隊逃跑
因為即便在地獄受刑，也是靈界已入籍的陰鬼，時間到了就可以去下個地方了
在人間流浪就像是逃逸外勞般，讓自己失去正式身分，誰想當幽靈人口？",
233,2023/08/23 15:00:09,【七月怪談】,"【七月怪談】
前幾天早上客人貼了這張圖給我
雖然看起來很生動可愛，但卻不是靈界的邏輯

23歲時，師傅派了一位菩薩來陪伴我
因為這是師傅第一次派出人類眼中的大神給我，所以我算是格外珍惜和好奇
同時也和祂一起經歷了很多事
包含「唸經」給祂聽，有機會再跟大家分享發生了什麼事？！

因為祂初到人間，我把祂當朋友一樣的侍奉
有好吃的都會先拿去拜祂，不過祂當然是都沒吃啦
很快的迎來了第一個觀音聖誕，我當然也會準備供品大大慶祝一翻
以前真的是很誇張喔！買了整桌的供品，然後吃到嫑嫑的

雖然有了自己的菩薩，但我也沒忘了師傅
所以我同時找了師傅和菩薩來過聖誕，當然是用同一份供品啦～

祝壽當下⋯⋯⋯
師傅露出了招牌微笑😊
菩薩則景仰的看著師傅說：「我已千年未見大佛。」
我驚訝的問菩薩說：「祢不是想見師傅就「咻～」一下去找祂就好嗎？」
只見菩薩不發一語的微笑著

事後我問了法夫子：「我家菩薩說祂千年未見師傅欸？！」
法夫子說：「那是因為你請祂們坐一起，不然祂本來就不會見。」
原來即便是成道的大神們，因為公務繁忙和職權的不同，大部分都是文書往返，並不會有什麼想見面就約見一下的邏輯

所以這張網路上可愛的圖片，完全不是靈界的概念，但還是很生動啦～
靈界就是一個浩瀚的空間
沒有能力和因緣，是誰都見不到的
所以妖魔鬼怪真的只能擾我了
但因為我防禦力還不錯，所以祂們只能繼續煩惱，要怎麼才能見到師傅了",pic\805180144945211.jpg
232,2023/08/22 15:00:04,【神知鬼識】,"【神知鬼識】
你覺得人生是什麼呢？
人生的價值與金錢又是孰輕孰重呢？

昨天遇到一個客人跟我反應，說我把「通靈能力」當作買賣一樣在經營
我真的很白眼這種自以為是的人
誰的時間不是錢？？

就算是募款蓋成的醫院，進去看病也是要收錢的，同時這間醫院也要想辦法經營下去
在醫院中工作的人，每個人都需要換算成自己認同的金錢，讓肉體能溫飽繼續活下去

事實上人間就是一個物質的世界
大部分的東西都可以價格化
當然某些東西只有價值
我用正當能力換取對價的價格，合情合理齁
而且我開價前都經過靈界同意喔～
代表靈界也認同這個人，用這個價錢，這個人可以換到下一次改變的機會

宗教上的大德師長靠人們的捐獻活下去，那是一種模式
某些團體號稱免費，然後每週請人去服務，不去服務還情勒的大有人在
難道沒聽過「免費的最貴嗎？」

而且這位客人自己做了見不得人的事，現在鬼魂正要開始找他麻煩而已，誰會義務去幫你化消業力
自己種的因，想推我補坑嗎？
如果是一個你可以負擔得起的價格，就值得去追求後面的價值
我常看一種客人，有錢不處理，等得癌症醫生有辦法免費醫好你嗎？
還有一種人，活著不積極，死了才在那裡哭，先辦喪事有比較划算嗎？靈界更苦齁

但這就是人生，每個人有自己的選擇，我拍拍屁股換看下一個人，同時等你業力爆發，當吃瓜群眾就好

那天我把這件事分享給我人生路上的長輩
長輩說：「你看起來太年輕了啦～」
笑死，難道年輕也有錯？

人類總是矛盾的
沒聽過修真長生，還童不老嗎？
事實上靈界的大神們每個都活到不知道幾歲了，千歲的都算小神齁
祂們得到靈力後，也是會修飾自己的外觀，成為永遠不老的樣子
就連看起來老摳摳的太上老君，皮膚都跟嬰兒一樣滑嫩，只是有些紋路在臉上而已

通靈人也是人類，除了保養以外
因為看透了人生的一些事情，所以比一般人過上更豁達的生活
因為通達，而無罣礙。
因為能見，所以無懼。

下次來說說，人生到底該怎麼過吧～",pic\804522278344331.jpg
231,2023/08/21 15:00:03,【七月怪談】,"【七月怪談】
你覺得人死後會拜拜嗎？
因為今天不是要寫鬼故事，總覺得跟標題不太搭

昨晚迎來了今年七月的第一組嘉賓
雖然不是真的鬼，但我常在想這種低階的靈跟鬼是沒有什麼差別的

一如往常的我又來到靈界溜達
今晚有10多個人來找我玩遊戲
場景是我住在現實中不存在的姐姐家，姐姐已經嫁人，姐夫也同住在一起

沒過多久
姐姐家的隔壁的隔壁搬來了一間宮廟
姐夫好像跟宮廟的人有認識
所以就找我姐弟倆一起去看看

這是一間裝潢蠻現代的宮廟
一進門先是看到一牆博古架，架上放著不少看起來蠻值錢的陶器和藝品
往內走才會看到擺神壇的廳房，拜什麼神我就沒看了，反正髒髒的，是我不喜歡的感覺

沒過多久來了一位老嫗
她像是有問題般來此拜拜，隨後乩童就起駕來幫她處理了
只看到那個乩童拿著很多支旗子在老嫗的頭上來回揮舞
等老嫗走後，乩童跟我說：「請你過來拜拜⋯⋯」

我傻眼的跟他說：「我不用，謝謝。」
想不到這乩童竟然發狂似的衝向我，抓住了我的雙手要硬壓我過去參拜
由於事發突然，我居然完全被制服住了，動彈不得？！

就在我要被拉到神壇前時
我的頭上出現了一隻菩薩手，是一隻利刃手，手裏拿著蛇形匕首，真的跟網路上的圖幾乎完全一樣
只不過祂拿的是整支用水晶打造的蛇形匕首，清透的外觀看起來沒有什麼殺傷力

接著就看到利刃手筆直的將匕首插入乩童的右斜方肌
只聽見乩童一個輕聲的：「啊。」
這位乩童瞬間消失了，我也恢復了自由
心情不太好的我走到了宮廟門口的博古架旁，隨手拿了四件藝品摔碎在地上，頭也不回的走回姐姐家

姐姐因為我在宮廟做的事顯得非常不安
我則想說又不是我的問題
不一會兒姐夫回來了，他毫不掩飾他那氣呼呼的臉，但他也沒再說什麼

看一看時間，我該回人間了
我笑著跟姐姐和姐夫說：「我走了，活該！誰叫你們敢招惹我。」

通常在靈界發飆後，接下來的一兩個月都沒有鬼敢來找我玩，所以我覺得我今年的七月沒趣味了

由於師傅是菩薩界的人，所以菩薩手這種東西祂有很多，但我好像每次只能叫出一隻，上次使用菩薩手是當兵的時候了，真的好懷念

神是很慈悲的，但招惹祂們絕對沒有好處

真正的神才不會勉強別人，因為一切都是選擇，尊重也是必要的禮貌",pic\803846378411921.jpg
230,2023/08/15 15:26:18,【公告】,"原來七月了！！

希望今年也可以看到很多有趣的鬼鬼

農曆七月隨時更新～

歡迎有趣鬼鬼來報到👻

假的七月鬼別來！",
229,2023/08/15 15:00:55,【神知鬼識】,"【神知鬼識】
你知道通靈人的禁忌嗎？
如果通靈人可以幫人改好運，那可以害人得厄運嗎？

自從拜入師傅門下
因為師傅的關係，神也好鬼也罷，不時就有想要靠關係的靈來找我
這也是為什麼我取名「鬼磕頭」的原因
但師傅曾告誡過我，千萬不可以詛咒別人，也不可以向鬼提出需求，否則，可就難保無憂了

如果來的是神
因為祂可能也有一些能力
所以祂會想辦法送東西給我
某次夜裡我再次到靈界遊玩後，回家時突然來了一個人
祂拿了一張符給我，同時告訴我某某神吩咐祂前來將符送給我
我看了看那張符，是傳統竹製紙錢的材質，上頭用黑色毛筆寫滿了咒語，中間蓋上了該神的紅色大印
看了看後，我告訴祂：「我不認識這位神。」便將符塞回祂手裡，走了
只見祂一直站在原地呼喊著我：「來啦～某某神要和你結緣⋯⋯⋯」

那鬼呢？！
因為祂們在靈界本來就沒有什麼「資源」
所以祂們只能發揮本能，「致災給人！！」，當然不是致災給通靈人，因為沒弄到通靈人可是會出事的，因為通靈人也能看見祂們，那祂們能怎麼做呢？！
祂們往往會致災給讓通靈人反感的人，來博取通靈人的歡心，以求通靈人幫上祂的忙

記得當兵時，某日早點名
值星班長收到公差任務，要從我和學弟中選一位前去出公差，但因為我專業技能沒有學弟好，所以執星班長便指定我前去出一個星期的公差
因為我當的兵蠻爽的啦～又依照慣例有公差一定是學弟先出
所以執星班長發布指令時，我的直屬學長就一直跟我說：「快反對！不要同意！」
但同時有一位軍營裡的鬼朋友，站在我身後跟我說：「沒關係啦～不要生氣。」
就在猶豫了幾秒後，我決定息事寧人，反正只是去出打飯公差，不能午休，應該是還撐得住

就在我完成打飯公差後的兩個月左右
某日清晨，政戰部突然突襲我們營寢室，有違禁品的通通出事
當初指定我打飯的執星班長，因為內務櫃翻出色情光碟和刊物，被罰掃政戰部廁所一個月！！
我看了開心嗎？還不錯啊～反正又不是我害他的

通靈人是不能害人沒錯，但自然發生的因果效應就不在此限了
沒有人是完美的包含通靈人也是，所以凡事應多留餘地，以和為貴",pic\799442245519001.jpg
228,2023/08/12 15:00:33,【神知鬼識】,"【神知鬼識】
農曆七月又要到了
你會參加普渡或是什麼法會嗎？

前幾天今年剛做完全套的客戶問我說：「我往年都在古蹟廟裡參加超度祖先和冤親債主的法會，現在單子又寄來了，我要參加嗎？」
我告訴客人說：「原則上不用啊～你公公和你媽都不需要幫助了，你家的鬼也走了，現在不怕鬼的媽祖在你家，但你想要買心安也是可以。」
客人又說：「我以前年年參加欸～」
我回客人說：「如果有效，你就不用等我去幫你度鬼了啊～」

這位客人之前也癌症了
癌症術後，有次來我辦公室，我就看著他臉上依然卡著病氣，所以好心提醒了他
然後他就說了他虔誠的拜拜史，但結果是生病又不順

當年他聽另位老師說要到中國四大名山請神佛幫忙超度他媽之類的
然後他就包團去了⋯⋯⋯是20個人的團喔！去好幾趟！
他的經歷就是我常說的，到底是老師幫你求得先人解脫？還是你的孝心打動了上蒼？

然後他跟我說，他曾夢見一個女鬼坐在他床尾向他哭訴好幾次
客人還都很好心的勸祂離開
但當我去看他房子時，那女鬼還跟他一起住在主臥室啊⋯⋯⋯
聽說上一位老師也來過他家，到底幫他看了什麼呢？

最後客人家原本拜著一尊媽祖
當我第一次和客人在我公司見面時
當客人提到他家媽祖時，來的不是媽祖，是那個床尾的女鬼
在我看來客人供奉的媽祖能力有限，制不住鬼，應該換一位能保佑他的媽祖，不然這病氣可能會讓他一直病下去
除非很有錢或是保險買很多，不然一個癌症下來，人還在就是錢錢都走了
後來客人說他曾經私下擲筊問過原本的媽祖，原本的媽祖也願意離開，讓我請一位新的來
我可是「優退保證」齁～神鬼都愛

在你還沒確認過家裡沒事之前
我是建議七月普渡什麼的法會可以參加一下
畢竟有拜有保佑？！
但如果你家已經確認過靈界的防禦工事已盡善盡美，真的不用花那個錢
留著自己用或是幫助人都是不錯的選擇喔！",
227,2023/08/10 15:00:24,【神來也篇】,"【神來也篇】
你會想知道哪間廟的神比較厲害嗎？
最近被問到有點想出版「大神地圖」了

那天唸經的親戚最後給我的一個建議是「多去大廟走走」😂
但是我從不主動走廟齁～
因為我認識天上的神明啊～
到底走地上的廟幹嘛？
我不說你不知道，地上發生的一切，最後都會回傳到天上
所以我就認識天上的神了，怎麼會再主動去走地上的廟
不過好朋友（包含神）約我去，我是會去啦～
所以因爲人（ㄕㄣˊ）情事故認識了一些地上的大神

多拜大神有什麼好處嗎？
因為大神都不怕鬼，有問題找祂們比較有機會大事化小，小事化無
神也是分位階的，小神可是管不了鬼的
同時大神能改變更多的事情，包含命運和財運
但有些時候，也是需要有人引薦，大神才會受理你的請求
畢竟這樣，我們這些通靈人才有用途

簡單的分大約可分成三類：天神、地神、冥神
假設地神級觀音見到天神級土地公
因為級別的關係，是地神級觀音要向天神級土地公行禮
所以看不見的人真的要小心，不要得罪了天神級土地公喔！
不然哪天你有需要，祂可能不會幫你

另外，還有一種可能會讓神幫不了人
就是雖然祂是天神級，但祂配到的通靈人比較弱
這樣神也無法施展祂全部的能力
因為身為工具的靈媒能力不夠
就像一個天才拿著智障手機跟智慧型手機生活的差別一樣

在我師傅們派給我的神祇再次回到我家，主掌一切的那晚
我邀請祂再回人界，祂則帶我重返天界
那晚我快速的飛昇上天庭，快到沒有任何一位天將阻擋我的去路
還在飛時，我看見一位仙風道骨的仙者，徐徐的走了兩三步便來到了我的面前50公尺左右

一秒內
祂說：「我來看看是誰飛得這麼快？！原來是你，那沒事。」一轉身祂就超高速走掉了
神祇向我說：「祂是太上老君。」
好～～我連拜祂的機會都沒有
所以我去道教總壇時，才會有人來見我

當年靈界派了長的跟幽遊白書裡一模一樣的閻羅王來帶我上天庭，並告訴我第一位師傅與我的淵源後
我才能在閻羅天子祖廟，受到天子接見

我師傅是一位菩薩，所以祂也介紹了幾位地上的菩薩給我
最誇張的就是一位北部的菩薩
大家看過武俠小說嗎？
有聽過一部武功叫「大海無量」嗎？
這位北部的菩薩光腳就有祂廟裡大殿這麼大隻
光走一步，就要花上人間的好幾秒
同時伴隨著厚實強大的靈壓一直往前衝去
祂的靈氣強到像沒有空隙的空氣氣壓
如同武俠小說中說的，高手出招不夠功力的全部都被震飛

朋友第一次約我追白沙屯媽祖時，我只走了6小時就放棄了
但祂就跟我說：「你找錯人了，管你的是另一位大媽祖。」
從此，白沙屯媽祖就沒再見過我了
因為祂已做主，領我去入大媽祖麾下
不過白沙媽跟開山媽真的很勤勞，大家有空還是可以去拜祂們

大神往往具有直通天界的能力
只是因為執掌而固守人間
不同於一般的神明，祂們的修為與能力無可限量
能受任一大神垂憐都勝過拜偏山頭
祝大家都能遇到和自己投緣的大神
不然就只能等「大神地圖」問世了",
226,2023/08/08 15:00:22,【神知鬼識】,"【神知鬼識】
今天來說明一下我的「法術監管機制」
事實上所有的通靈人都有一樣的保險機制
只是體現方式不盡相同

在我20歲正式拜入師傅門下後
大約是第七天的晚上
師傅開始每晚派人來教我靈界知識、看遍靈界
和人生一樣，從懵懂無知開始學起
當然不是第一天就開始學法術

幾個月後，因為媽媽即將遇上一位惡鬼
所以師傅教了我第一個法術「菩薩指」
一切最基本的法術，以師傅的名義，啟動靈界的力量
因為當時我的身體所能負載的能量有限
所以師傅同時教我第二式，以天地之名
當我發現身體不能承受更多靈力時，請眾神護佑我的肉體，讓我可以繼續施法
這時的監管者是我師傅一人

21歲時，因為種種原因，我迎來了第一個陪伴我一生的神靈
雖然我有兩個師傅，但祂們都不在我家給我供奉，祂們倆共同選了一位神祇來到我家陪伴我此生
這位神祇事實上也是第一次下凡來到人間，所以當時陳老師來幫我安神時，同時請了天地眾神來我家輔佐這位被師傅們派來的神祇
雖說是輔佐，不過大事都是眾神決定，因為這位神祇也還在學習
還記得當天，天地眾神齊降時，這位師傅派下的神祇，渺小的只能坐在神桌的邊上，看著其他眾神受我家朝拜
此時，師傅們便同時讓這位神祇監管我的一切

被神監管是什麼感覺？
就是一個沒有隱私的人生
因為祂連你的想法都能看得見
連我的喜怒哀樂祂都能知道，所以祂們會隨時表示意見，往好處想祂就是在雕塑我的個性吧～
所以我超不愛問自己的未來，因為已經被管翻了

23歲時，因為家裡的一些變化，這位神祇自己走了
神可知未來，所以在祂被請走前的4個小時就離開了我家
當時我正在當兵，但當天清晨5:00時，我有看到家裡的神光已經消失
等到我忙完，晚上19:00打電話回家時，一切都已經不一樣了

26還27歲時，我再次迎回了，當年師傅派給我的這位神祇，因為我覺得我跟祂一樣菜，可以一起在人間打拼
再次回到我家的祂，已能獨當一面，自己作主，不過我還不行齁～
但祂已經安排了六年後的另一位「監察官」

28歲時，我開始操作超度法會，監管者也從師傅本人改成師傅的老闆「觀音本人」

六年後檢察官到位，監察我和當初師傅派下的祂
因為靈界擔心祂，應我之邀回到人界，會默許我的非法作為

35歲時，得到佛祖侍從文魁菩薩授證，成為一個可以獨當一面的通靈人，同時，受文魁菩薩制約

講完了，有人算得出我動一個法術要過多少神靈的查核嗎？

事實上，神不會跟你說祂正在監管你，而我也是在10多年後，發現有的神都不做事，我說的是不直接做事，才發現祂根本是來監督我的",
225,2023/08/08 06:44:24,【公告】,"剛才 優質經紀人🐶 介紹了一個新的客戶來聊天

他被鬼纏身 同時與鬼同住

但他父親似乎一樣拜著可能有問題的宮廟

雖然他想瞭解能怎麼處理

但也很擔心 處理了以後 會不會讓他爸的生意受到影響

原來他爸是做⋯⋯⋯組頭的🀄️

30分鐘後⋯⋯⋯師傅請我確認一下客人爸爸拜的是什麼神像

客人說：「是尊媽祖。」

師傅說：「那可以。」

事實上，社會上本來就有許多不同的行業，即便是灰色產業也是神明願意保佑的對象。

畢竟都有義賊廖添丁的故事了，有時候做什麼也不是自己可以完全選擇的，只要對得起良心，也是有受到庇蔭的可能。

只要有心，在登出前都有改變的機會。不過還是有改多改少的差別啦～",
224,2023/08/05 16:01:08,【神知鬼識】,"【神知鬼識】
你在工作上會遇到挑戰嗎？
我是一個很喜歡分享我被挑戰的人，因為不同的視角有時候會產生新的火花

前幾天，我去了大學撞鬼時，叫我唸經的親戚家
他突然問我：「你所說的師傅現在都教了你什麼？」
我說：「看我遇到什麼問題，祂就教我什麼。」

他又問：「那你知道祂是誰嗎？」
我說：「祂是觀世音的一個分身。」
他再問：「那你有看過祂嗎？」
我說：「有啊。」
他接著問：「是什麼樣子？」
我說：「祂是穿著彩色衣服的觀音。」
他說：「那下次你見到祂時，唸六字大明咒看看祂會不會變。」
我說：「為什麼我要做這件事？」

基本上
神不會一直現形給人看，因為連鬼都不會
祂們本來就是隱身無形的，即便有陰陽眼，祂們也不會隨便給你看，所以我事實上看見的是無相之相

然後親戚又說：「靈界這種東西真真假假，看到也不一定是真的。」

原則上
看得到鬼只是最基本的學法需求
因為看見不代表一定是真的，鬼也會想騙我，拿到更多好處；小神也會想要騙我，拿的祂想要的緣分
所以看見只是入門條件，成為一個法師還要學會很多技能，但我才不會告訴任何人怎麼看到的
靈不現身也能溝通
如同佛經說所：「表象只是虛妄，真是無形，意也無形。」

接著親戚又說：「我覺得你家的磁場很奇怪。」
我想這只是很客氣的說法吧～
我聽得出他意有所指

我只能說，每個客人都覺得很神奇！不需要親戚認為的奇怪
因為法術就是會的人才懂，不懂的人真的比瞎子摸象還慘哦～
從開始學法術時，我就聽陳老師說過，他的家人親戚沒一個相信他的
我從不奢求任何一個人相信我，因為太陽也不會要求任何一個物相信它是自然
但只要你相信我一次，我一定讓你見到真正的「神奇靈界」

最後親戚說：「以前聽過一個自稱是觀音乩身的人，後來也死於非命。」

事實上我也不能保證我能打贏這世界上全部的惡魔鬼，畢竟一山還有一山高，但我師傅真的懂很多齁～
至於我師傅是鬼還是神？！我已經說過了
我還有原本投胎前的第一個師傅欸！
我的兩個師傅各有自己的職掌，我也相信祂們的為神，要有法術真的不是表面上看的這麼簡單
下次再來說說我的法術監管機制",
223,2023/08/03 15:00:08,【神知鬼識】,"【神知鬼識】
你去廟裡拜拜會拜虎爺嗎？
告訴大家我都怎麼拜

上次帶客人去拜財神時，客人問我說：「要不要拜虎爺？」
我說：「有的人拜神都拜不好了，還拜坐騎或寵物？還是請主神幫忙最重要！」
客人說：「那我懂了。」

原則上，我只拜主神，因為一間廟的主神可以決定廟裡的一切
後殿可能有更高的神明啦～但有因緣才有需要特別儀式
所以某些行銷從神或是坐騎的邏輯，我覺得比較像是多元文化的發展
如果從神或坐騎有很強的實力，就不用受主神箝制了

但拜其他東西就⋯⋯⋯不一定好了
「有形就有靈」是一句風水老話
雖然有時沒錯，但有機會搞錯喔！
畢竟常人都能體會這句話很有問題吧？？
許多人，做了喪心病狂的刑案，他長得像人啊，但根本做的不是人事
人看得見都不一定是人了，對看不見的靈，怎麼會以為長得像或寫著「神名」就一定是神？？

最近接了一件淡水的案子
事主被鬼纏身，癌症癒後，自己開的小店再遇疫情而遙遙欲墜，想改運求好未來

另一件美國的案子
自小從父母那開始養成念經的習慣，後往美國發展結婚生子，最近開始出現不明腰痛，求診無效同時與先生關係開始惡化，諸事不順，想求解方

一問之下他倆竟信著同一個宗教，唸著同一種經文，拜著同一個神名
不是你比較好運，唸了都沒事，或許只是還沒出事。或是你已經出事，但還不自覺而已。
但當然也是有唸一輩子都不會遇上鬼事的人
但亂信、亂拜或亂唸都是增加自己的風險

如同一直食用高風險食物，自然增加罹癌機率
但當然也有人照吃，但就是好好的都沒事

從淡水客人的供具上發現，完全是招陰的規格
客人說是教派專賣給他的
這種組織⋯⋯⋯真的是很不用心欸
自己不懂沒關係，但可能會害到別人

美國客人一開始向我說：「可以把朝拜的字放在遙遠的體育館置物櫃裡嗎？看了一輩子了，叫我丟掉它，我真的不捨。」
我努力的和他溝通：「但這樣鬼不會全部離開欸！」
好在最後美國客人還是有接受我的建議啦～

最後我取下了淡水客人朝拜的字樣拍照給美國客人看
他說：「對啊！我也是拜這張。」

事實上要拜一個字，字裡要有神，也是做得到！
但前提是，教你拜的人要會法術！！
相信開創宗教是來助人的，只是可能有其他問題",pic\790264466436779.jpg
222,2023/08/01 15:00:23,【神知鬼識】,"【神知鬼識】
#格局
#奇門遁甲
#有形法
#無形法
#合命
#地脈

你會找人看房子的格局嗎？
你知道這麼做有什麼意義嗎？

當我剛開始學有形法時，一直覺得「奇門遁甲」是一個很酷的學科
但因為沒有什麼機緣認識更好的老師
所以只能自己從無形法中努力鑽研

我所說的有形法，是指看得見的這個部分，像是風水格局、祭祀儀軌⋯⋯等等
而無形法的部分，就是只安神、超度⋯⋯等等看不見的部分

無形法的重點是「陰陽之術」，但因為我沒有五行基礎，所以從自己翻書開始
從簡單的相生相剋開始
然後學會制化運行
在學會「移星轉斗」後，我原本想應該沒有再更進階的「奇門遁甲」了吧？！

就在昨天
因為客人要買房子，所以找我網路看屋
沒錯！網路看屋也有做喔！超愛賺錢💰
事實上依照五行生化的原理
買房子就跟取名字一樣可以找一個合自己用的

那天客戶選了一間需要「合命」才適合住的房子給我看
因為一半以上的人都不會選這戶，所以我是跟他說可以談看看價錢

就在我們掛了電話以後
晚上師傅主動帶我去看了那間客人詢問的房子
雖然是大樓的五樓，但⋯⋯⋯
除了合客人本命的坐向外，只要裝潢時改個東西，就可以一次吃兩個向的五行之氣

原本房子的坐向護持客人本命
改對了的裝潢，補財運！！真的是很不錯的一個選擇
不過換個人買就不一定有這個效果了
因為本命不同，就不一定可以用同一個方法

五樓的房子接的也是地氣
只要有地脈經過，懂的人就有機會可以用上
沒有地脈經過，會法術的人就可以引地氣來用
你還在找看不見的老師看風水格局嗎？
快換一個看得見的⋯⋯⋯（ㄨㄛˇ）吧😂
同樣的收費，兩倍的價值！",
221,2023/07/29 15:00:35,【神知鬼識】,"【神知鬼識】
你知道怎麼分辨低階通靈人嗎？
沒錯我今天又要來拆台了😂

前陣子看到一位網友
好像是某神的乩身，會起乩轉圈圈的那種
然後問世一樣要擲筊（這個上次論過了）
但偶爾又表示可以直接跟神明通

那天看到的留言大意是⋯⋯⋯
「剛從某山上健行下山，來到某某宮廟，此宮主神水準很不錯，幫我把山上跟下的鬼都處理掉了。」
我看完直接傻眼齁～

好多年前
我還聽過另一個上電視的報導
「有人需要送走冤親債主，到地藏庵求得地藏王菩薩的幫助，完成儀式。」
事實上都是同樣的邏輯
也是半吊子的概念
不是神的問題，是人的問題

如果沒有外廟的神明幫忙，能處理嗎？
如果需要祂的幫忙，但祂不願幫忙怎麼辦？
沒有祂辦不了嗎？

今年我剛好被之前提過的千歲王爺選做爐主
為了今年的謁祖進香順利
所以和宮廟裡的人一同跑了一次今年的進香路線

那天我們的第一站是傳說中的「包公總廟」
同行的友人一直在那說拜包公赦罪
我是很不以為意啦
因為真實的狀況是，只要神夠力，隨時都可以赦罪
所以我平常從不拜廟，對進香的廟也沒有多大的期待

但當我們到包公廟時，嘿嘿！
包公正駕有下來見我們喔！！而且祂水準很夠
我有一種他鄉遇故知的感覺
因為老實說，能辦正事的廟不多齁
要主神位階夠才辦得了

但見到這種跟師傅有一樣能力的神明，我也不會特別虔誠的拜祂
祂也不會因為我的自在而不開心
因為我們都有一樣的能力
沒有彼此的協助，也一樣都能完成任務

這又讓我想到上次去道教總壇的事
事實上我大四畢業就去過一趟
但那天是夜遊，廟已關門，我們同學只在廟前許願池丟了一些銅板

再次來到總壇
看到一堆對著空氣比手畫腳的神職人員
真的覺得好多此一舉
因為從我拜完大殿後，三清就一直跟在我旁邊跟我「他鄉遇故知」
我繞完廟整圈祂也還跟著我，我趕緊跟祂說：「我真的沒事，您快請便。」
然後祂們就回去了
離開時看著一堆一樣在廟埕舞弄的神職人員
真不知道有什麼意義

能辦到哪都能辦
要辦還要外神相助，那就不是自己的功勞
應該謙遜的做好自己的本分",
220,2023/07/27 15:00:46,【神知鬼識】,"【神知鬼識】
今天要來講講「安五營」這件事

從五歲開始看到鬼後
基本上只有「鬼」是成千上萬出現過
所以我對於宮廟出門或回駕，花一堆時間在廟門口安五營十分不以為然

截至目前為止
每次跟去進香，一大早被挖起床，站在門口昏昏欲睡看著乩童或是法師在調五營？準備回駕時
我怎麼看都是一堆鬼和陰氣在廟門口跑來跑去
廟裡的大神即便是我敬重的偉大神靈，也不曾出面探頭看過這種儀式

某次看到網路上一個聽說很有名的媽祖起乩在安五營
就是那個會把香含在嘴裡的媽祖
我也就是看懂祂的走位跟姿勢在做什麼事
但也沒有什麼兵將、軍營被安好
我說的是像人間定義的部隊一樣被安好

以我有限的記憶體來回想
第一次師傅送我的兵將是一對像是千里眼順風耳的神將
當祂們晃到我家神桌前時，就化作金粉消失在空氣裡了
然後換作兩個木頭人偶頭，放入師傅給我的藏寶袋
師傅說：「有需要的時候，可以把祂們拿出來用。」
老實說，我根本不記得藏寶袋在哪了

第二個兵將團是法夫子在我學法的路程上
送我的108將軍
從3個開始，幾年後變36個，最後108個
在我拿到108將軍後，法夫子曾叫我要學習操兵將法
所以我有命令過祂們幾次，不過每次最多我只用過36位
基本上一次36位的能力就是寒流一樣可以不用穿衣服也不會感冒的熱能了
因為當時我還蠻廢的，所以祂們都以一道道黑影顯化在我面前
然後永遠都只有一位出來跟我互動，另外35位就一直站著看我

第三次得到兵將類的神靈就是師傅送我的神獸
不是我最喜歡的貓科動物
是狼系的一位犬神，可以當狗養，也可以幻化成人形跟我一起稱兄道弟，當幕僚？

所以到底有什麼「五營」可以安？
我覺得只是以人類思維形成的一套儀軌

因為在靈界階級制度非常明確
只要法力不及對方，你絕對沒有贏的可能
同時，兵將也挑人
你沒比兵將厲害，祂也不會臣服於你
但你比兵將厲害，你基本上也沒有需要用兵將的時候
因為你自己出手就勝過手下全部的兵將了
所以哪有什麼出門帶兵將，然後還要安營的邏輯

我跟師傅出門時，我就成了師傅跟前的兵將
師傅會讓我出面做很多事
不管對方是什麼位階的神佛鬼怪
師傅都會在後面偷偷幫我打贏祂們
然後就點到為止，分出勝負就結束了
所以也沒有起調千軍萬馬的機會

鬼眾收到消息，有大神要來馬上就都先躲起來了，也不需要大力掃蕩
鬼王遇見大神，就看誰比較大，修為比較高，神不夠高，鬼王可也是不鳥的，更別說什麼派五營去打鬼王
某些神話故事真的聽聽就好，靈界根本沒這種可能",
219,2023/07/25 15:00:47,【鬼扣應篇】,"【鬼扣應篇】
#租房子
#治鬼菩薩
#退神壇
#電桶
#平安宅

你知道怎麼選房子嗎？
你知道什麼樣的房子不要住嗎？

幾週前我的老客人賣了房子，要準備搬家
因為他都更的房子還沒有著落，所以暫且租屋
從重疊別墅要搬去一層公寓當然空間不足，所以找我去幫他家菩薩退神
這菩薩也是當年我請來的天上菩薩
什麼是天上菩薩？
第一不怕鬼，有治鬼的修為
第二不用回祖廟，因為祂家在天上

突然有一種要扼殺自己孩子的感覺，心情不太好
但是世事無常，隨緣就好
最後一次祭祀，就像拜聖誕一樣，再一次大家一起開心的相聚一堂

簡單慎重的祭祀過糕點、水果之後
開始解開自己設下的結界

先請師傅下來坐壇
然後卸除後貼上的神咒，解開固守神桌的靈氣
再來退神，向菩薩說明緣盡之事，若有緣來日再見
最後封爐，將神爐內所請的五道神靈退去，這個爐將再也不能為神靈所用
安三個小時的神桌，一個小時就退光光了😢

離開前，老客人大聲的跟我問到：「我沒事吧？」
我遲鈍了0.1秒，然後回答他：「現在沒事啊！」
在0.1秒裡，鬼說：「菩薩走了，那我們要搬回來了！」

老客人家後的山坡上，住著領有靈界封爵牌匾的大鬼，沒有人可以消滅祂，祂也不屑輪迴，因為當山大王也沒有不好
當初的我很菜，花了幾年才找到方法讓鬼王退出客人家
現在想起來，真是一段美好的回憶，也謝謝鬼王教我很多
依照祂的能力，大概就是人們口中所說的陰神吧～

退神當天老客人給我看了兩間591上刊登的房子
第一間我跟他說：「這間滿滿的鬼喔！」
第二間我跟他說：「這間有一點點而已。」
老客人說：「那怎麼辦？怎麼選？」
我則告訴他：「選你喜歡的，反正我再去談就好了。」

結果呢⋯⋯⋯老客人當然是選鬼多的那間！！
這就是人生，人很容易選中那間最有問題的

今天一大早到老客人選中的滿滿鬼屋處理
一進門，老客人就突然想到一件事跟我說：「你知道嗎？那天我跟女兒來打掃，她看見窗外有個電桶。」
我則跟老客人說：「就是有電桶才糟糕！」
如果可以，真的不要選窗邊有電桶的房子
因為，鬼鬼超愛住電桶，祂們會群聚在電桶周圍100公尺的陰暗處
如果不可以，一定要住有電桶相鄰的房子，就找我去處理吧😂

儀式開始
再次找來師傅坐壇，然後開始跟鬼畫界線
接著把租約貼在房子四周的界線上
以人間的道理，要求付不出錢的鬼鬼，遵守現實界的規矩
因為太早起，我第二次邊儀式邊睡覺了，直接睡在客廳的沙發上
會法術的，法壇開下去就會有效果了，不管我在吃飯、睡覺、看電視或是上廁所
不過以前陳老師都是不吃飯一直守壇，所以他也收我2～3倍的費用啦！
畢竟多付點費用，可以「看到」更多表象，但效果都一樣

第一爐香時，鬼鬼還吵說不走，因為祂們住習慣了
第二爐香時，貼上租約，神界就立下了禁絕告示，鬼鬼們開始遷出
第三爐香時，我睡飽了，房子也變成沒有鬼陪住的平安宅了

房子裡不用拜神，一樣可以把鬼趕出門
租來的房子，一樣可以跟鬼談怎麼相處
人本來就看不見祂們，所以也不需要看得見的心安",
218,2023/07/22 15:01:01,【神知鬼識】,"【神知鬼識】
#道士
#師公
#藍皮膚
#綠皮膚

你想知道道士有沒有通嗎？
但當道士要會通的機率真的很低

前幾天一早起床
我這個重度網路使用者，第一件事就是打開YT
順手滑到一部師公在廟裡做法的影片
因為沒有點開，所以沒有聲音的部分，就只看到師公一個人向著大殿唸拜了一下，然後轉身往廟門外又唸拜了一下
大約看了10多秒後，覺得無趣就關掉刷牙去了

但師公壇前和廟外的唸拜身影卻又出現在我腦海中
我知道他看不見，但總覺得有什麼不合理的地方
但到底是哪不合理呢？！

想想後⋯⋯⋯原來！！我知道了

這時就要說到我和師傅學法的第一年
某天師傅帶我去看神仙作法，狀況是這樣的⋯⋯⋯
一位藍皮膚的神仙正專心致志的在爐先施法
，同時一位綠皮膚的神仙不懷好意的竊竊站在藍皮膚神仙的身後，詭異的瞅著藍皮膚的神仙

事後我問法夫子說：「藍皮膚的神仙會不會被綠皮膚的神仙陰到？」
法夫子說：「綠皮膚的動不了藍皮膚的。」

在我學會法術後
法術的操作邏輯大概是這樣的
我向著神壇招來神靈，神靈只會出現在我正前方的神壇之上
神靈將呈現與我對坐的形勢，聽我訴說要辦之事
而被調來的旁靈、鬼眾將在神靈之前，與神靈呈現對坐形勢
也就是說旁靈和鬼眾是站在和我一樣的方向，面向神靈

我向神靈稟告要處理的內容
神靈向旁靈和鬼眾宣布祂的指示

所以⋯⋯⋯會180度轉來轉去的法師
都是瞎子！！
神靈因為是現場位階最高的靈體，所以祂絕不會動
有點像法庭上的法官一樣，祂就好好坐高高講話就好

而且
靈界沒有一定的前後左右概念
只要意思清楚就完成效果
不需要「正」這個狀態
所以像我敕令時，上寫下寫左寫右寫正寫斜寫，效果都一樣

另外
會法術的祭司在施法時，當他召來神靈在自己壇前後
根本不需要管身後的狀況
因為神靈的法眼可以看遍一切
不可能有可以傷害祭司的事情發生
所以綠皮膚的神仙是不可能偷襲藍皮膚的神仙的

最近又開始很懶得寫新文章了
請各位見諒嘿😂",
217,2023/07/13 15:00:54,【神知鬼識】,"【神知鬼識】
#黑令旗
#隨緣
#紅令旗
#鬼王
#地獄

你聽過「黑令旗」嗎？
或是你聽過「五億高中生案」吧？

自從這件事登上熱門新聞後
就開始有許多靈學相關人士對其發表言論
就在人們繪聲繪影的討論之下
一時間像是一場陰陽兩界的申冤大會般，不時出現在新聞節目或是談話性節目上
而我的客人也問過一些相關的問題
眼看風頭漸漸過去
我還是以靈界的角度來跟大家分享一下，我的看法吧😂

不過我只能講客人有問我的部分
因為這種事，真的與我們何干？！

第一、有通靈人或是什麼乩身說夢到高中生，或是與祂問到一些事

就我所知，他們都不是受家屬所託後產生的聯繫和結果
大家都聽過「隨緣」這個詞吧
靈界是非常講求緣分的世界
像那種自己夢到、自己去溝通的我都覺得只是在蹭
雖然這麼說很嚴厲，但真的覺得這種通靈人少一點世界不會比較差
仗著自己的神通就可以無來由的干涉他人的事務嗎？
然後認真說，他們得到的答案聽起來都沒有什麼明確意義與幫助
人間講求證據，若無法求證為何要講？真能幫上忙嗎？
既然幫不上忙，為何要說？其心可議

第二、某神的乩童起駕後，親賜黑令旗給高中生

好想問這位神，祢廟方元一里內的遊魂、冤鬼祢都為祂們伸張正義了嗎？
還是祢廟周遭的遊魂、冤鬼都是該死的？所以不需要辦呢？
千里迢迢跑到與祢無關的人那賜黑令旗？這也是在蹭吧？
世界上遊魂、冤鬼無數，哪個不可憐，但為什麼大神大佛都不出手，總不是小廟的神比較慈悲吧
在靈界，辦事不合邏輯，連鬼都會唾棄你，因為根本不會有任何改變
同時，即便是真的黑令旗，也不代表一定能抓到兇手，將其繩之以法
黑令旗是靈界之物，就像拿台灣的判決要到美國執行一樣，也要看美國的法律
陰陽相隔，條件不同，自然沒有什麼好高調周知的

黑令旗，相傳是能索命的靈界法寶，但我也沒見過啦～
我只見過闢邪助壽的紅令旗
原則上，旗根本不是一般靈可以執取之物，枉死或冤死之人不是都死沒多久嗎？真有這麼高的修為能夠掌握旗的能力嗎？
手下統領2～3萬鬼眾的小鬼王，尚無旗類的法寶可用，初生的冤鬼根本什麼都不會

再說，逝者已矣，與陽世間對待活人的角度不太一樣
不管是什麼鬼，我總是勸祂放下，到更好的靈界去修行，而不是給祂黑令旗讓祂帶著怨恨在人間停留
那祂之前的委屈怎麼辦？
我都是幫祂寫成申冤信，送給加害者
1）請靈界儘早執行，扣壞人的好運，斷手、斷腳、得癌症受厄運等等
2）不然就要等加害者死後，再一起討了，地獄怎麼可能只有18層，太小看靈界了

而陽世間的事，有其他很多的人為因素，本來就不是都可以立竿見影的工作，執著在此也不一定是最好的選擇，這就是人生的智慧了

最後，在靈界的衡量裡，高中生不一定全無責任喔！祂只是受到死亡這個最嚴厲的結果而已。
沒有經驗、誤信賊人、或有其他未知原因",
216,2023/07/11 15:51:56,【神知鬼識】,"【神知鬼識】
#送肉粽
#送鬼
#解煞
#遊行
#拘捕令

你看過電影「粽邪」嗎？
它來自一個送肉粽的民俗儀式

好啦～
我基本上都不會看這種電影
因為人類懂靈界的真的很少
會寫這篇是因為那天客人問了我「送肉粽在幹嘛？有效嗎？」

剛剛查了一下網路資訊
肉粽是指吊死的人，因為脖子綁在繩子上，與肉粽相似，所以取名送肉粽
可以把這具屍首送到海邊或是公墓，然後火化，有沒有安葬我就沒看了
因為在法事邏輯上，真的很違背！！

鬼魂或煞氣何以跟著你離開當地，到遙遠的海邊或是公墓？
煞氣大多是聚陰之地，終年不散導致的結果，本身有地縛靈的特性，又要如何跟著移動？
若煞氣可移？那不就可以移去討厭的人家裡，當作武器使用了嗎？
鬼亦有人性，這個大家應該能理解吧
抓通緝犯都這麼難抓了，押解一屢鬼魂，走上幾里路，這是在趕屍嗎？也不合邏輯
同時，如同壞人遇到警察會跑一樣，鬼看到神也會跑啊，又怎麼會乖乖跟著走呢？
應該更常聽到正神駕到，陰鬼四散避風頭的情節吧

若有能力度鬼，什麼地方都可以度
如果能在海邊送走祂，那原地也送得走
原地送不走，在海邊也應該送不走
到底哪一個鬼會陪隊伍遊街？
若真能叫鬼陪遊街，那就直接叫祂去報到就好了，何須一干人陪走這段路

至於煞氣，在法術的邏輯上
就是在地解開煞氣就好
氣既解開，自然漸漸消散，因為當初也是長年聚陰所成
就像頑強污垢一樣當地清潔，怎麼會把地挖起來，換去海邊洗？
當下洗不了，去海邊也洗不了啦～

對懂法術的人來說
這種儀式就是一群瞎子在走路而已
不過走完這趟路還是有可能有效果喔！

因為他們一樣會有祭祀的儀式，燒化一些紙錢等等
拿錢辦事這邏輯陰陽兩界通用
只是這錢給到什麼程度？這鬼的事辦到什麼程度？就都不一定了
畢竟大家都是用猜的在處理

像我在送鬼
首先寫下鬼魂的拘捕令，善意解讀就是通知信
然後調出鬼魂的魂魄，正式宣告「祢，將在某日被送往某處」
接著等我的拘捕令通達各靈界，讓眾界知曉準備接鬼

儀式當天
執事神官會唱誦每一個鬼魂的名字
會不會有人不到場？！也是會！！
那怎麼辦？？

未到場者
令開出後會搜尋祂一段時間，大約一個月
一個月內這鬼還不來領令或因故沒辦法來領
那這個令就會插在那裡
哪裡？？
看是纏上了人還是纏上了房子
纏上了人的沒看過沒到場的
纏上了房子的一直不來就會在房子插上靈界告示
只要祂敢回來⋯⋯⋯嘿嘿！
會被傳送走，去原本說好的地方或是改入低階靈界或地獄
不然其他配合的鬼是笨蛋嗎？！

我今天看了10秒其他法師在廟裡作法的影片
然後我確定那個影片裡的法師也是看不見的
下次再來教大家怎麼看😂",
215,2023/07/06 15:00:06,【神來也篇】,"【神來也篇】
#擲筊
#武財神
#改好運
#發財源
#守財庫
#笑杯
#聖杯
#蓋杯

你擲過筊嗎？
你知道笑杯是什麼意思嗎？

那天帶客人去拜武財神
雖然武財神很厲害但還是會有拜了沒效的人
因為人拜神本來就不一定求得到神
但我也不會狂推客人要叫我帶他去啦～

如果你是自己去拜財神
真的就是記得有空就可以去走走
然後回家請好好努力上進
因為神的邏輯都是一樣的，只幫助上進的人
所以除非你有其他問題，不然自己拜拜就好

那找我去到底有什麼意義呢？
當然就是要增加效果！！
怎麼增加效果？！

通常我都會帶著客人先拜一趟財神廟
然後開始等財神降駕，是空氣狀態的降駕，所以要看得見的人才知道
還有一個前提是要叫得動祂～

當財神臨壇後
我會叫客人再拜一次，這時讓客人自己向財神訴說心願
我不是財神，所以願望跟我說沒用
同時，我會跟財神說：「這個是我的客人喔！請多幫忙！」
幫忙什麼？？
依照財神的屬性，有改好運、發財源和守財庫等等的不同
就看今天求的是什麼

現在各大廟宇都有各式各樣的行銷活動
如果廟賣的東西是我覺得有意義的，我就不會阻擋客人購買
當然在我面前買也是有加分啦～
畢竟我會看神給了客人什麼

那天客人想求一個招財信物，雖然非必要，但因為不是廢物，所以我同意了
同行的客人母親原本說不要，結果也是跟著求，我想求財就是人類的基本需求吧
不過依照廟方的規定，求取信物是需要擲筊的
雖然只要ㄧ個聖杯，但我也有其他客人擲不到，然後拿了一個空信物回家

就在客人準備擲筊時⋯⋯⋯
因為他什麼都不懂
好！從拿筊開始教，突然變成民俗小老師的我😂
教完後，客人準備上場了
此時，我看著財神神龕裡，武財神已派出了一位分靈等在壇前
這位就是要給我客人請回去的神靈，雖然客人不是請神尊，但我的客人基本都可以配到財神，只是看以哪個方式而已

客人跟他母親都要求信物
因為我看武財神已派出神靈，所以客人是一定求得到啦～
只是會是誰求到呢？這就不是我能決定的了
結果客人擲出的第一個筊就是「笑杯」
哈哈哈～跟著內心大笑的我
武財神很喜歡在緊張時刻給你一個微笑😊
像是緩和情緒一樣？！
不過對人類來說真的是很緊張的事
我跟客人說：「再擲一個。」
第二筊就是聖杯了
客人開心的去櫃檯付錢了

輪到客人的母親
第一筊又是「笑杯」！！
武財神真的是⋯⋯⋯
第二筊就是蓋杯了
給客人母親拍拍，沒關係啦～
雖然沒有求到，但剛剛武財神已經翻閱過他們的命書，只要照著我的方法做，命一定是越改越好的
就等時間來証明了",
214,2023/07/04 15:00:23,【神來也篇】,"【神來也篇】
#美國鬼
#鬼回頭
#驚堂木
#超額奉送
#陰德
#等車的鬼
#從優撫恤
#改送地獄

你覺得美國鬼會比英國鬼厲害嗎？
我是覺得鬼都差不多，只是差在有沒有什麼特色

當初為送走英國鬼，仙官連續唱名1.5小時的狀況歷歷在目
因此我也很期待美國鬼能玩出什麼花招

由於美國鬼一次纏上了兩個人
所以我就決定幫祂們做兩場法事，一層一層的剝開祂們
第一場法事我點到了23個鬼頭，然後竟然留下了「鬼會再找我」的訊息
找我幹嘛？？我才不想理祢們
我從不跟鬼溝通的喔！！
下次再說一下，那我怎麼跟鬼溝通

因為第一批美國鬼留下了恐嚇信
所以第一場法事後兩天
我馬上開啟第二壇，就是一個趕件丟垃圾的概念
ㄆㄧㄚ！ㄆㄧㄚ！ㄆㄧㄚ！像驚堂木的敲擊聲一樣，我超快速的完成了第二場法事
不過這場來了30個，超過原本預計的50位
當然是大方的一次都送走，不額外收費
畢竟做這種事是很需要陰德的

第二場法事後，師傅跟我說：「以後一起做就好。」
嘿嘿～原來是因為我太守規矩
分兩趟做，鬼鬼們也是互等，所以未來我就一次把祂們都送走就好

法事做完後
美國客人超在意「祂們」何時要走？？
我向客人說：「不要擔心，等車子來祂們就會走了。」
客人好奇的問我：「那祂們還沒走，不會再作怪嗎？」
我則跟客人說：「再作怪？！那祂的車票目的地可能會改成地獄，不怕就試試看。」
但事實上沒鬼會放棄我幫祂談的目的地啦～
因為都從優撫恤😂

幾天前我遇到美國客人的哥哥
事實上我也沒見過美國客人，是他哥介紹我們聯繫的
他哥說：「我前兩天問我妹說狀況怎麼樣？我妹說不錯欸，蠻好的！」
我心想當然！！

不過上次看美國鬼的車票時
有個鬼的車票要等一個月才會有車子來載祂
算起來大概還有一週的時間，我會再幫美國客人看看祂上車了沒
有始有終是我辦法事的堅持，所以鬼鬼也會很想給我辦

因為送鬼對我來說沒有敗率
只要這個客人有遇見鬼，我就有100%的把握讓客人好轉
就差在要怎麼做而已，這才是法事的關鍵
只要阻礙人的鬼走了，人的一切馬上會開始好轉，回到正常的軌道上

那種沒遇到鬼，跟我說想讓人生變好的客人，才是有難度的
因為沒遇到鬼卻人生不順，很可能就是天賦跟選擇的問題
請神來指引也不是指個大方向就結束了，還有一大堆細節要再確認
不過幾乎80%的客人都會加購「改變人生」的服務
下次來寫那天武財神做了什麼",
213,2023/06/29 16:28:13,【公告】,"我剛算完一個案子的費用

因為好多事要做，我覺得害怕了

然後沒有辦法收比較多錢😱",
212,2023/06/29 15:00:44,【神來也篇】,"【神來也篇】
#佛緣
#神令
#好日子
#陣眼
#百合

你覺得神明會欺負人嗎？
我今天被神明凹了

有一位「祭太歲」的客戶，不知道還有沒有人記得他的故事
他是目前為止，我遇過唯一一位佛緣客戶
佛祖說因為他父母的因緣，所以佛祖要到他家給他們拜
但因為客人事務繁忙，一直排不定時間到他家安神

前陣子因為客人母親的身體微恙，所以佛祖遲遲排不到時間上座
所以我請師傅開了一道神令，讓佛祖可以先駐於客人家的佛桌之上
原則上能力夠的通靈人，可以以任何方便之法，讓神靈常駐於特定之處
雖然不是任何地方都可以駐神，但神自己會說如何把祂駐上

昨晚客人臨時跟我說今天是一個絕佳的安神時機
原本我是有事的啦～
但想想答應了就要盡力幫別人做好，所以我硬喬了一下時間，準備按時赴約

至於今日的日子，當然是沒看農民曆
畢竟農民曆是給凡人看的
神佛出行、執事或解厄根本不受「好日子」與否的影響
如果不是好日子就這不能做、那不能做，這樣的神真的能力不怎麼好
這兩天又看到「天赦日」的廣告，真的覺得打廣告的很廢

照著時間來到了客人家，再次看了看房子
之前送走的鬼都走光了
但是鬼真的很人性化！
只要是鬼住過的地方，都留下很多鬼氣，像是廢棄物一樣放在房子裡
所以認真的清點了一下需要淨化的空間，還有需要做的程序，真的好多～

多到完全超過原本的預期，但靈界的事務就是這樣，原本算少了，也得做完整
人類都認為神有神通，可以知道很多之後的事
但收錢的通靈人是人，平凡的我只能看到當時看到要做的內容
神只有在執事當天會來協行儀式，然後現場改我的程序跟內容
所以我永遠都在多做給客人，但這就是自己要不要履行當年與靈界的承諾了
我認真完成一切神佛指定的事情，祂們應該會保佑我一輩子有飯吃吧？

總之，就這麼開始了法事
一樣從淨宅開始⋯⋯⋯
大門鎮宅，關住幸福，擋下惡氣
四方守護，如燈塔般照護四周，趨惡納祥
轉地靈氣，十二宮輪轉蘊藏，把壞東西都搖走
不過客人家真的太大了，好像80坪左右
十二宮不夠用⋯⋯⋯
師傅說直接改成開法陣，最後偷偷放一個陣眼就好

完成淨宅後，才能開始準備安神
雖然時間不太夠，但一樣該做的都不能少
客人很直覺的問我大約還要多久？我說⋯⋯⋯
先淨神桌、清神位，淨法壇、光神彩
然後安神、再請祖先靈識
差不多再一小時左右吧⋯⋯⋯
原本今天總工作時數只有兩小時😓
趕趕看囉～

因為時間有限，所以只能做重點
剩下怎麼辦？再脫靈來補囉～

就在要幫佛祖的金身開光時
依照自然法的邏輯先開靈識，然後就⋯⋯⋯秘密
結果就在我進行下一步時，客人家的佛祖溫柔而「堅定」的牽著我的手回到金身頭頂
從頭開始，完整的開始點起金身上的每一個關節⋯⋯⋯⋯我內心直接爆哭😂
這樣要多很多時間欸，佛祖完全不看時間的欸！！
祂要用的，請我點好點滿～

不過因為祂是我師傅的朋友，我只能默默接受了
突然有一種被「大人」欺負的感覺⋯⋯⋯
完成後，客人家的佛祖說：「三支香百合。」
原本有事的客人也大改行程，直接跑去買花了
真的是任性的靈界貴族🫅
不過離開前，看了一下成果，還不錯喔！今天動作特別快
神桌已經開始運氣了，不過是四方形的，過陣子就會變成半圓形了

雖然趕得要死
但我準時14:30抵達下一個目的地
這算是佛祖的保佑嗎？",
211,2023/06/27 15:00:07,【公告】,"今天帶客人求財💰

客人沒有迎請分靈神尊

但武財神一樣派了一位神靈陪客人回家賺錢

因為我坐了7小時的車子

所以今天一樣任性不寫文章分享

我要耍廢了🛏️🤗",
210,2023/06/24 15:00:16,【公告】,"我的心還在放連假🥰

所以請大家多吃肉粽，胖胖的比較有福氣🧧

我們下週見🥳",
209,2023/06/17 15:00:33,【神知鬼識】,"【神知鬼識】
#通靈
#繼承
#MeToo
#世襲
#公器
#道統

你覺得通靈人的能力可以繼承嗎？
爸爸通靈孩子就能跟著通靈嗎？

大約十年前
那時家裡拜了一位另外的神明
祂來自南部地區，自然祂聖誕時，我也有一起參與活動

很深刻的記得當天是下午到廟的
熙熙攘攘的人群是廟會的基本配備
當時的宮主同時身兼祭司的角色，聽說是問事很靈驗的那種乩身
沒過多久他就在台上宣布，神已指定了他的女兒為下一屆繼承人
我當時的想法是⋯⋯⋯你女兒看起來什麼都不會欸，就是個大學剛畢業的小妹妹

我內心的OS是⋯⋯⋯「聽你在屁！」
不過我當時也算是看起來什麼都不會啦～
但路遙知馬力⋯⋯⋯
沒幾年我就沒再去拜拜了
再幾年那位宮主上了社會版新聞「性侵信徒」
想不到剛好搭上最近的MeToo風來回憶一下

基本上我是不相信通靈能力可以世襲的
不過當然有變通的方法
當年陳老師也曾努力想扶持過一個人
不過終究是沒有靈緣，很快就打回凡胎了
因為陳老師很會跟神靈談條件喔！
他當時分一條自己的靈魂掛在那個人身上，然後再請神靈要附和那個人的執事作為

原則上這件事情，我現在也做得到
如同我之前說我想收徒弟跟開分店一樣
也是類似的邏輯跟操作
不過這都是源自於陳老師和我這種自己能夠執事的人的能力
如果分到靈能力的人沒有在陳老師或我死亡前，靠自己的力量和神靈達成契約，那當陳老師和我ㄧ斷氣，這個本來就沒靈能力的人就會馬上被打回凡人階級

原則上我和陳老師沒有任何血緣親戚關係
而我的接班人也已經出世了，他就在台灣的某個地方，但我不確定未來我是否能遇見他
我想通靈也算是一種異能
「異能」在靈界還是比較屬於「公器」的一種
因此，能讓一脈人持續相傳的機率幾乎沒有
因為靈界公平的點可是很嚴格的
祂們不會認同「公器」一直掌握在同一群人手裡

這時不得不說一下道教「張天師」的睿智了
祂以道教的架構網羅天下人才
事實上就有機會能讓天師ㄧ脈遠遠相傳
不過事實上也是很多天師都看不見也沒法力的啦～
畢竟跟教宗一樣，是一個人為可以決定的位子
不過某幾代天師真的是道行很高的通靈人
但也就那幾代

張天師一派作為中華道統的第一把交椅尚且無法每代天師都出類拔萃，真的通
各何況一些小宮小派，以世襲制度來曲解靈界的邏輯
如果有人跟你說他通靈是自古相傳而來的能力，真的要小心他是通什麼
不要到最後也是通身體而已，又一件MeToo慘案？！",
208,2023/06/15 15:00:51,【鬼扣應篇】,"【鬼扣應篇】
#神經失調
#雞皮疙瘩
#工作不順
#失業
#破產
#得癌症
#道觀
#兵符

你也有「神經失調」過嗎？
如果有，可能要小心了

那天下午B先生跟我通過話後
當晚從他回家到午夜00:36分，雞皮疙瘩都沒停過
所以A先生就問我是否可以跟B先生聯繫一下

再次和B先生通話話後
B先生說：「我從回家到現在都在雞皮疙瘩，是不是祂在弄我？」
我說：「對啊，祂想跟你說，祂真的是鬼，而且就在你家。」
B先生說：「你可以叫祂停一下嗎？我就知道了啊～」
我說：「嗯⋯⋯⋯是可以，但是那你只能找我處理了喔！如果換人可能會出事。」
B先生說：「我本來就會找你啊～沒問題！」
我則說：「那你等下掛電話後就說⋯⋯⋯⋯，沒事就不用再跟我說了。」
然後B先生就沒再打給我了

後來跟B先生聊了一下Line 
他說：「大約是6年前開始遇上鬼的⋯⋯⋯」
我真好奇他怎麼能記得這麼清楚
他說當時嚴重到自律神經失調，治療四個月後就斷斷續續感覺到有雙眼睛在看他
我說：「這種鬼通常會影響工作不順。」
B先生說：「那時候真的工作超慘，是這兩三年才開始變好的。」
我則說：「但同時，你也確定被祂跟上了！」

這是第二個神經失調的真實案例
上一個是顏面神經失調，然後一樣失業
不過這路數的鬼好像比較小眾
大部分的鬼都是「破產跟得癌症」

因為B先生家也有供奉神明和祖先
隔天我就和B先生先要了神明廳的照片看看有沒有什麼問題
結果看起來神明還在桌上座啊～～～
B先生說：「那為什麼我會遇見鬼？」
我說：「不是全部的神都能管鬼，就像不是全部的警察都敢抓壞人一樣。」

B先生接著說：「我阿嬤有認識一個阿姨，開道觀的，她也講過類似的話，那是不是要去請兵符回來？」
我則說：「你拜神都沒用了，還要請兵符嗎？你怎麼知道請的兵符不是鬼？」
B先生說：「X！真的，我看不到。」",
207,2023/06/13 15:00:09,【鬼扣應篇】,"【鬼扣應篇】
#鬼纏身
#午睡
#鬼抓腳
#極陽之位
#罵鬼
#八字

你在一個鬼纏身的人的辦公室午睡，然後被鬼抓腳？
你覺得抓你腳的鬼是誰？

A先生被鬼纏身多年，在遇到我後才跟我說，因為有家人的問題，所以尚未排程處理
之前順路去幫A先生看過辦公室，A先生是主管所以有一間自己的房間，為避免影響A先生的工作，我幫他排了一個極陽之位，就是有鬼也不敢靠近的位子
幾週後，A先生跟我說：「B先生在他辦公室裡的沙發睡覺被鬼抓腳，A先生問我是他身後的鬼抓的嗎？因為A先生說他公司有一個自稱看得見鬼的人，說是A先生的鬼抓了B先生的腳。」
我說：「不可能吧，B先生自己有問題吧！不是你的問題。」

今天下午A先生在B先生的車上打電話給我，A先生跟我說：「B先生覺得自己家有問題，而且最近家裡不太順，問我是不是真的？」
我說：「對啊，但不是最近吧？！應該好一陣子了。」
開擴音後，B說：「 對啦，好像一直都不太順，我還想說是不是要搬出去住。」

我說：「搬也不一定有用，但從盈利的角度來說，應該建議你先搬，這樣我可以收兩次錢。不過如果你有處理就這個家繼續住就好，但如果你找别人處理那就不知道了。」
B先生說：「這麼肯定，不過我要也會找你啦～」
A先生說：「驕傲這種事，鬼磕頭真的沒在客氣的。」
我就真的看得見，客氣什麼🤔️

B先生接著跟我說：「他常從家裡自己房間去上廁所時，有被監視的感覺。」
我跟B先生說：「對啊，鬼說就是祂在看你。」
B先生似乎頓時有了什麼感應，大聲罵道：「逼⋯⋯（自動消音）」
我說：「鬼說你常罵祂，祂不開心，祂覺得為什麼你一直罵祂，卻不幫忙祂。」
B說：「我真的有時候覺得被監視就罵祂！而且我哪知道祂在。」
我說：「哪有人像你反應這麼慢的，都不找人問。這就像有人腳痛了好幾年，明明兩天痛一次，但就是覺得沒有天天痛，所以不用看醫生。」

A先生又說：「那B先生要先給你八字嗎？」
我說：「不用吧，他又不是要排命盤，或是看方位，只能去他家看看。」
A先生再說：「那不用先看什麼嗎？」
我說：「如果不去現場看怎麼處理，這樣問有什麼意義？這就像你今日確知自己被鬼纏身，然後就寫在日記裡做紀錄嗎？」

事實上每個鬼找上每個人都算是萬中選一，沒必要不會換對象
當鬼要纏人時，如果這個人本來就已經被另一個鬼纏上了，除非後鬼超能前鬼很多，不然祂也無法同時駕馭前鬼纏上同一個人
所以如果你也在任何地方被鬼抓腳了，請看看自己，祂只是換一個地方顯化給你知道而已

還有像一開始說的那種自稱「看得見鬼很久了，但沒能力處理的人」真的可以少說話
先搞懂靈界的架構，再學會跟鬼談判，然後才到處說三道四吧⋯⋯",
206,2023/06/10 15:00:07,【公告】,"暴雨天☔️
睡覺天🛏️
三批鬼站門口等著我處理
但我約了人喝一杯🍺
所以休刊一晚，大家一起喝一杯？！",
205,2023/06/08 15:00:36,【鬼扣應篇】,"【鬼扣應篇】
#鬼纏身
#飯店
#乾濕分離
#鬼叫床
#當機
#捲髮
#斬首
#飛頭降

通常我們知道的都是人被鬼纏身
你相信鬼也會被鬼纏身嗎？

上次去高雄客戶家時，因為貪玩就想說多住一晚遊玩一下
事實上我很不愛住飯店，因為總是有滿滿的鬼在等我
我不是很怕遇見祂們，只是祂們會講整晚的話，影響我的睡眠品質

但生性節儉的我總是以價錢挑飯店
通常客人找我看旅館時，我都會看有沒有鬼，然後再建議他入住，但我自己就不太做這些事前準備
反正船到橋頭自然直

訂了一間台北也有的連鎖飯店，想不到高雄只要一半的價錢，這種看似高CP值的，我很容易就會被打中
開開心心的辦理入住手續後，一打開房門我就後悔了
是友善殘障人士的衛浴設備，沒有乾濕分離的設備
猶豫了半小時後，我還是決定退房了
不是歧視身障人士，而是我更愛乾濕分離

通常這種入住不順的狀況，我馬上就會覺得今晚一定沒好事
因為決定退房的時間是18:30，我急忙請客人幫我再訂了一間旅館
還好在高雄火車站旁訂到了最後一間的旅社
接著就是開心的夜市之旅，整個逛到午夜才回房間休息

就在我梳洗完後大約已經深夜一點多了
躺在床上，開始進入夢鄉，感覺過了一會兒後⋯⋯⋯⋯
突然間我睜開了雙眼，看了一下天花板，再看了一下梳妝台，看看時間是半夜3:15
通常這個時段就是鬼魂最常出沒的時間，而睜開雙眼的我可能是遇上了「鬼叫床」
鬼叫床不是鬼在做愛發出的聲音，而是鬼打斷人類睡眠的方法
我在美國時，連續一週都在3:20被鬼叫床，不過那個鬼直到退房都沒有來跟我相認

就在我半夢半醒快要睡著之際
一個胖女人出現在我床前，她穿著大格橫條紋的T恤，眼神呆滯的看著我
我覺得她真的長的很像資源班的同學，接著她開口說話了
她說：「鬼磕頭我被鬼纏身，可以幫我嗎？我根本不認識祂啊？！」

因為實在太想睡覺了
我思考了好幾秒，然後跟胖女人說：「但我覺得祢是鬼欸！！」
胖女鬼依然重複著同樣的一句話，同時在祂的頭後方出現了另一個人的頭
後面的這個人燙著捲捲的長髮，所以一開始只看見她蓬鬆的頭髮

因為胖女鬼只會一直重複同一句話，根本是當機的狀態
所以我一把手將胖女鬼往右推開，正面見到捲髮人時，我瞪的嚇了一跳，停頓了0.5秒
因為這個捲髮人，只有頭，正漂浮在半空中

恢復鎮定後，我抓著捲髮鬼的長髮，將祂稍微往下拉了一點
面對面著跟祂說：「我跟祢說，不要吵我睡覺⋯⋯⋯⋯」
事實上我才不想管這些遊魂的事，滿天神佛都不管了，與我何干
接下來捲髮鬼飄過來一直跟我碎碎唸，但我一句都不想聽
胖女鬼一樣當機繼續在講同一個句子
床板後，另外30個沒有現身的黑影，吱吱喳喳的呢喃著

就這樣飄著的、坐著的站著的都不睡覺，我隱隱約約的聽了一整晚的廢話
早上10:00起床準備退房時，祂們已經都不見了
我睡眼惺忪的收拾著行李，然後傳Line 奉勸客人，這間鬧鬼，沒事少來住

有人知道高雄車站附近曾當過斬首刑場嗎？那個捲髮鬼實在太像被斬首的人了
不過也蠻像飛頭降的😂",
204,2023/06/06 15:00:42,【神知鬼識】,"【神知鬼識】
#擲筊
#通靈人
#乩童
#矛盾
#讓我想想

你有擲筊的經驗嗎？
你覺得通靈人需要擲筊嗎？

因為朋友的朋友很多乩童😂
所以之前聽到一個很妙的問題
就是有的乩童在沒起乩的狀態下會說聽見神明說什麼，但是有時候某些事又要擲筊，這樣是否有所矛盾呢？

依據基本的分類
乩童是借肉體給神明的意思，因此執事應當是起乩時才有效果
而通靈人大多是靈乩，是該人的靈體借予神明使用，所以執事時並沒有起乩的徵狀

根據基本分類來看
我是不會聽沒起乩的乩童講的話啦～
因為這個狀態本來就不是他的主場
他能說出什麼有意義的話，我是很懷疑

至於通靈人就處在一個尷尬的狀態
因為外觀上沒有任何的變化，一般人無法分辨現在到底是什麼狀態

上次客人問我說：「你這麼多客人，怎麼記得每個客人的狀態？」
我就說：「看今天問到誰，神就會翻資料夾跟我說，這個客人辦到哪⋯⋯⋯」
事實上這是個簡略的敘述
真實的狀況大概是這樣⋯⋯⋯

但我也只知道自己門派的狀態啦～
所以只能說自己是怎麼做的

原則上我的魂魄連著師傅的神靈
但師傅不會永遠有空
所以祂開通了我的靈魂和我之間的聯絡管道
畢竟我沒投胎前也是靈界公務員，小小的法術還是會的

所以當我的肉體聽到人間的問題時
不管問題是客人講的，鬼講的還是我講的
我的靈魂就會開始動作

或許是從我腦袋接條線，拉出資料夾，開始翻這個客人的資料，然後告訴我怎麼了
或是這件事要問一下師傅，祂就開始寫信，以電報的方式傳去靈界給師傅，等師傅回電再跟我說
或是到某個客人家，客人家供奉的神明有事就會跟我的靈魂說，然後我的靈魂再跟我說，我再跟客人說

所以有時候客人問我問題時，我會說：「讓我想想。」
事實上我就是等我的靈魂去工作啦～
祂沒拿回資料我也不知道
不過這有一個好處，就是我幾乎不做客戶檔案，因為每個客人每個時候能做什麼需要做什麼，都直接讓靈魂去查
再依照查詢得到的結果來處理，所以有時候會有一個狀況，今天問跟幾天後問我得到不一樣的答案
這個部分我只能跟客人們說聲抱歉，不是我改的齁，是靈界改的

回到今天的問題
所以原則上通靈人是不會擲筊的
因為答案會在靈界確認後決定，擲筊也沒意義
至於乩童擲筊能不能信⋯⋯⋯
只能說就看你願意相信誰了，這個沒有標準答案",
203,2023/06/03 15:00:19,【神知鬼識】,"【神知鬼識】
#尺
#開光
#廣澤尊王
#緣份
#分靈
#古廟
#黃太尉
#陳欽差

你聽過神尊不能拿尺量嗎？
這種民間習俗是真的嗎？

相較於瞎子的開光儀式
讓我來介紹我的開光儀軌
客人拜的是我此生無緣的「廣澤尊王」
為什麼說此生無緣呢？
因為我家要挑神尊時有問過師傅，師傅沒要找祂

然後客人所指定的分靈祖廟又是我沒有特別緣份的古廟
如果是有緣份的廟在我第一次進廟時，該廟的神靈就會出龕相迎
不過因為師傅人緣很好，所以我會在開光前三天上香請師傅安排一下
大約上香一小時後，就能知道是不是已經預約好要請入的神靈

開光當天時辰一到，先上香請神
ㄧ請師傅做主，二請原奉神靈照旨行事

依據法之要求先淨神桌
然後請奉上神安坐於神桌後貼
再將客人要供奉的「廣澤尊王」聖號請上神桌，這樣這張神桌就不會讓外神上座了
最後引地氣來到神桌之下，如法泉湧動般護持神桌周遭

接著將神像從頭到腳整理一翻
從腦開始點，點到神像的腳趾
這時候師傅和要被供奉的神靈通常都會在桌旁監看儀軌的進行
依照所奉神靈與神像的不同，隨時會有要加點的地方
沒點到有什麼差？少點到一個點，之後這位上座的神靈就少通一點
若是一般看不見的人大多只點幾個點，說真的點這麼少點，根本是在點草人
神靈跟草人可是天差地的不同，自然不可能「簡單」處理
少點到的地方，師傅或是當事神靈都會要求補點，因為這身是祂要用的，千萬不能馬虎

這次客人除了供奉廣澤尊王外，還拜了祂的侍從二神，黃太尉和陳欽差
從神怎麼點？跟主神一樣！！沒有那種從神簡單點的齁～
真的看很多主神簡單點，從神直接隨便點🙄️
你這麼隨便，請得到誰來幫忙？

神桌跟神像都準備好後
神爐也是非常重要的一個物件
不論你拜幾尊，神爐都是五道神令起跳
因為人會求的都要準備得到
1.上神顧未來
2.主神護主家
3.財神助運進
4.兵將保平安
5.爐主佑興旺

每當我挖開神爐看到一大坨燒過的紙錢，都很想說：「這又不是放在地上給人跨的！」
然後還有放一堆奇怪東西的，像八卦、葫蘆、塑膠五行道具？
這是神爐！不是辦家家酒的道具
爐花種進去才是重點！
買一堆給人看的道具，到底在做什麼？

另外，神尊跟神爐哪個重要？！
我看過有人說爐更重要的，有事嗎？
神尊絕對是最重要的
爐只是神的辦公桌！！

最後把開光好的神像跟神爐放上神桌
因為客人拜的是拖椅神像
所以一開始我們怎麼看都排不正
客人問：「不能請聖王看怎麼擺嗎？」
我則說：「這是我們人要看的東西，祂不一定會幫忙看。」
不過我也遇過很堅持要擺什麼角度的神靈，當然另當別論

然後我們開始討論金身跟椅子的角度問題
為求準確我拿了尺來取中間點
客人看我拿捲尺直接量上神像，他馬上問：「可以拿尺直接量嗎？」
我則說：「當然可以啊！」
老實說看得見，就幾乎百無禁忌
如同深夜過馬路的人一樣，車水馬龍當然要看紅綠燈，但整條路都沒車，自然就過啦～
只有瞎子才看不見狀況

最後一切都喬好了
事實上啟靈前，神靈都尚未上座，即便神像已經上神桌
看過古裝劇吧？！皇帝出場前，宦官會喊：「聖上駕到～」
然後，皇帝才徐徐走來

當一切都安置好後
我會奉香恭請神靈上座，此時神靈才會正式啟動，我稱它啟靈
那種老師在廟裡開光後，讓信眾自己請神像回家的作法，我只能說或有風險
因為很多大廟都這樣做，所以那些老師就跟著這樣做
但你知道大廟的主神派了多少兵將陪同分靈神尊回信徒家做好上述我說的事嗎？",
202,2023/06/02 12:48:08,【公告】,"算一算
每個晚上都要辦事
我的假日又不見了🥲",
201,2023/06/01 15:00:16,【神來也篇】,"【神來也篇】
#開光
#北管
#雲林
#王爺廟
#傳統儀式
#安座啟靈

朋友約了半年的「開光」活動
終於在今天要出發了
原本朋友是找我要去幫忙出北管
不過後來有人寄附一團北管
所以我就變成了閒人
閒到我懷疑人生的那種
而且我們要當天來回雲林
真的超瘋的

因為已經見過朋友找的道士
所以對開光過程就是抱著一個看熱鬧的心態去
聽說一大早我們出發就慢了
浩浩蕩蕩的來到雲林
看一下時間大約是10:30左右
聽說我們已經遲到了？！
原本神明好像是說幾點要開始的樣子
總之是一個謎樣的行程
一陣兵慌馬亂後終於在後殿開始了開光儀式

看著道士們開始奏樂跳舞
我跟其他朋友就像吃瓜群眾一樣圍著整圈在觀禮
突然有個朋友太無聊了，問我說：「欸，大殿裡王爺在嗎？你覺得我可以去大殿問事嗎？」
我則跟朋友說：「我們剛拜拜時只有兵將在欸。要問這裡問。」
無聊的朋友說：「為什麼？」
我說：「因為現在有王爺在等開光入靈，照位階來說，問這個比較有意義。」
然後無聊的朋友就晃去旁邊發呆了

過了一會兒
大約儀式開始30分鐘後
哇～
正殿的大王爺來了欸！
不過道士們還在唱歌跳舞？！好像還沒到開光的階段
我是覺得應該要大王爺來時就讓大王爺當見證人比較好
像是人類世界找到公司負責人來授證一樣
不過道士們都看不見只能給大王爺一直等了

又一陣子後
大王爺走了
換來了中王爺，也終於開始了開光儀式
因為站得有點腳酸，所以我就去跟無聊的朋友坐在一起
中王爺派了一個小官跟著我來到旁邊休息
真正的靈界就是這樣好禮數
只要同為靈界中人，大家都會官官相護，不會裝瘋賣傻

再一陣子後
中王爺走了
來了一個小王爺，然後開光儀式還沒用完🙄️
只能說能做事的都走光了，還在拜！！
中午12:00多終於拜完了
我們在香客大樓簡單的吃了個桌菜後

聽說道士還要辦什麼法會？！
好像是什麼謝神的意思？？
我就看還有什麼神會來，結果什麼神都沒有，道士們真的是唱給人看的了
我就一直東晃西晃直到上車

接著主家朋友說又要去一間他父母以前信奉的廟拜拜
基本上幾年前也一起去過，就是一間不值得去的廟
而且裡面的師兄會用奇怪的大旗子在一群人身上揮舞
基本上是沒有任何靈力啦～
就是一個傳統儀式

所以我這次就不想去被揮了
我自願當公差去幫大家買飲料
結果竟然等我回去才要開始揮
所以我直接使用尿遁之術逃離現場
後來聽其他朋友們說：「師兄說不能在廟外！」
好像是會被掃出的惡氣傷到？！
我整個傻眼到天上
哪有法術外推後還噴惡氣給別人的？！
這樣真的算有解到嗎？？
總之傳統儀式真的讓我不能苟同

晚上我們回到台北
道士們先下了遊覽車
主家朋友自己把開光的神明請回家
真的覺得超不合邏輯，竟然不用安座啟靈？！
不過我朋友也不在意，㊗️朋友家神威顯赫，大王爺多保佑🙏",
200,2023/05/30 15:00:31,【神來也篇】,"【神來也篇】
#聖經
#七龍珠
#那美克星
#美國耶穌
#原罪

前陣子付了一點廣告費試了試水溫
然後來了一個貼聖經的人

最近因緣際會下接到一個美國的案子
突然燃起了搜集的興趣
希望趕快集滿七大（ㄌㄨㄥˊ）洲（ㄓㄨ）
然後就可以接外（ㄋㄚˋㄇㄟˇㄎㄜˋ）星人的案子了

通常遇見鬼的人要嘛很積極的想趕快處理
要嘛拖拖拉拉過一天是一天
基本上沒有對錯啦～
因為都是自己的人生

剛好美國的客人很積極
我記得他曾跟我說過：「那就趕快該做的都做一做，反正都要做。」
然後就是我百般推託的藉口了
因為跟靈界溝通事實上也是有節奏跟時間限制的

當鬼選擇了正常的A反應，我就可以接著做B
但如果祂突然停止回應了，那就要等神明去戳祂😂
有些時候會覺得神明真是老謀深算的小調皮
畢竟祂們都擁有永生的生命
搭配運行的自然和變化的人事，縫就這樣出現了👇

就在美國客人給了我調查費後的第三天早上8:30分左右
我坐在客廳裡吃著早餐的麵包
突然間來了一個神⋯⋯⋯⋯
祂說：「聽菩薩說你找我？」
我說：「哇～美國耶穌不同人欸，而且比英國的黑！」
所以英國耶穌跟美國耶穌不同人啊～
而且美國耶穌黝黑很多欸，是健康膚色
英國的耶穌皮膚比較白皙

重點是
祂們都沒有裸體喔！不過都穿著古老的華麗服飾
跟教宗穿的那件有點同風格
不過是短袖跟短褲，繡著金絲的白色綢緞

我傻傻的查了兩天基督教的「原罪說」
不過好像跟穿衣服沒什麼直接關係
穿衣服比較像是間接產生的結果
但以前我一直以為原罪說對應的是人類穿上了衣服

總之
沒有神明是裸體的啦～
穿最少的都有遮點喔！！
天體營就只是自己愛裸，不要再到處渲染了
連鬼都有穿衣服了齁～

就這樣美國神祇隊伍成立了
美國耶穌
美國耶穌的聖母瑪麗亞
十二星座
不知道下次去美國會不會有天使來找我😄",
199,2023/05/29 16:03:23,【公告】,"結果昨晚去看離我家3公里的地獄入口🕳️
每秒約有10個鬼魂一直往地下送
然後我站在入口旁觀禮
要被送入地獄的鬼魂竟然偷偷伸手抓我，是以為抓到浮木🪵嗎？
然後我就像打蚊子🦟一樣，打這些伸出來的鬼手
就在第五隻鬼手又伸過來時，我生氣了😤
這是什麼無聊的行程？！
呼的一聲，使用「遁氣術」直接跳到下一個靈界去聊天🍵",
198,2023/05/28 09:36:57,【公告】,"去年偷懶，終於在今天補足了功課
一種滿滿的充實感🍔
希望今晚可以玩翻靈界🎠",
197,2023/05/27 17:50:25,【公告】,"剛完成了第一位取「姓」名的工作
事實上「姓」是師傅選的
感覺好像古裝劇中賜姓的概念
然後我大半夜吃了一塊麵包
加班跟增肥真的是好朋友👫",
196,2023/05/27 15:00:49,【神知鬼識】,"【神知鬼識】
#替身法術法
#主身
#轉運
#護法身
#路上小心
#天上小心
#活火燈法
#靈魂食品

你知道「替身法術法的」嗎？
最近客人們都蠻會問問題的，都問的好有水準

某天客人說：字義上我了解「替身」，但真正用意或作用是什麼，可否請你說明一下？ 

說明開始😂
替身，顧名思義是「代替主身的概念」

替身能將自己的能量依附於主身之上，當主身有厄時，則先犧牲自己，讓主身逃過一劫

對於有厄運相伴的人，若能護住該人的靈力，讓他靈力不墜。依照命運的邏輯，當厄運到臨，只要能撐過即有轉運的可能

如同一句老話所說「大難不死，必有後福。」就是轉運的概念

替身上場代替主身，對靈界也算有所交代，畢竟有一個替身去服厄了

替身是一種沒有副作用的光明法術，像鬼附身一樣連著主身，不過它只會挺主身，當它的靈力消耗殆盡，就會在虛空中消散

許多護法型神祇都有修煉這道法術，除了可以讓自身的靈力永遠不墜，還可以無限循環一直弄死對面的惡靈
說明結束⛔️

最近英國客人開始化療，所以我多派了一組替身給他用
因為英國實在太遠了，所以一組有36個替身
每次出發前，我都會跟它們說：「天上小心，互相幫忙，有事記得回來跟我說。」

今天是第一次為化療出行
我便於當晚同時脫靈跟它們一起去英國

只見抵達英國後
36位替身其中1身化做法壇，其餘35身化做35盞油燈，在虛空之中，燃燒自己的靈力守護英國的客人

化做油燈的替身，事實上有點太全自動了
因為「活火燈法」是另一道法術
是能讓火焰的熱轉化成靈力守護他人的法術
類似物理現象轉為法術的概念
這些小替身真的很貼心☺️

當化作法壇的替身消散後
其他尚未被使用的油燈替身，會像食物般被主身魂魄吸收
被吸收後的替身，會化作單純的靈力供給主身
所以最後客人問我說：「能知道用掉幾個替身嗎？」
答案是：「我也不知道，它們就想營養素一樣存在靈魂裡，之後就是靈魂自己調節使用了。」",
195,2023/05/27 02:42:33,【公告】,"客人尺寸都量「差不多」📐
排辦公桌排到遲到🙄️
下一個客人跟一堆鬼在等☕️",
194,2023/05/26 17:14:02,【公告】,"我現在在超度😇
因為我剛喝完酒回家🍷
但我答應祂今晚送祂回靈界🌑",
193,2023/05/25 15:00:37,【鬼扣應篇】,"【鬼扣應篇】
#靈魂
#覺魂
#生魂
#盜汗
#惡靈之食
#魔法啟動的物理攻擊
#魯班尺
#制煞之法
#陰陽之力

你知道人有三魂吧？！
那你知道其中兩魂都可能為惡靈的食物嗎？

就在英國客人剛開始擺脫邪靈糾纏時
沒幾週的時間便開始了「盜汗」的症狀
因為之前就處理過鬼魂引發的盜汗之症
所以這次英國客人一跟我反應時，我便提高了警覺
無奈我遠在千里，只能先觀察一下

直到盜汗的第五天
好啦～鬼鬼們不用裝了
因為盜汗之症汲取的是人類的生命之力
算是黑魔法啟動的物理攻擊的概念
所以沒辦法直接以法術探知
還好有經驗告訴我該出手了

馬上跟客人要了全家人的生辰
在求取每個人的本命後
以自然的方位引地氣護持本命
再拿魯班尺以生化之術化解惡靈的黑魔法
沒錯！是「魯班尺」！

魯班尺雖然是東方的產物
但上天有好生之德的邏輯同在
只要是制煞之法皆有所用
就這樣⋯⋯⋯
在客人照我指定的方位放好床位之後的第三天
盜汗之症就停止了

人有靈魂、覺魂和生魂
靈魂的陽氣
和
生魂的生氣
分別代表了陰陽調和的平衡
能解陰之力固然重要
但解陽之力一樣重要

我常覺得自己比較像是陰陽家
以印制陽，以陽破陰
就這樣西方的鬼似乎也沒有更厲害的把戲
所以我發荒了好幾個月
希望人生能有更多的變化，讓我體驗活著的意義",
192,2023/05/23 15:15:40,【神來也篇】,"https://youtu.be/x0xraYJgbw4
【神來也篇】
#東西差異
#地球是圓的
#二十八星宿
#黃道白道
#十二星座
#星辰之眼
#星辰法典
#平均餘命

小時候看的一部卡通
雖然我不太記得它在演什麼，但能在法術的世界裡再遇到它們還真特別

英國客人的原位癌受到了控制
但同時也轉移了😰
為了求取更好的未來，英國客人請我幫他進行祭太歲的儀式
如同上一位客人一樣大家都希望能有更好的機會
但是法術終究只能給予人們好運，佔人生50%的比例
另外一半要靠自己努力才能逢運化厄了

但是英國人又沒有太歲信仰，太歲會願意幫忙嗎？！
翻閱法典後
師傅說：「請二十八星宿。」
事實上我的天文知識趨近於零，更不理解二十八星宿的職掌
查詢了二十八星宿的來歷後
原來它們是基於黃道和白道所組建的一套星辰系統
依照星辰監管制度的概念

在東方它們叫做二十八星宿
在西方它們叫做十二星座
總之就是一個以相應的邏輯轉換東西兩方的法術
如同在東方叫觀音，在西方請耶穌一樣

神奇的二十八星宿，掌管了人生許多的變數
因為要充篇幅，所以我就照抄一下法典好了

牢獄、貧窮、婚配、僧尼、五蘊、道士、饑荒
六塵、未來、仕途、時辰、橫禍、元辰、儒生
本年、日月、家居、乘船、農傷、生瘡、兒女
出征、冤孽、天狗、白虎、宿業、五鬼、手術

這是星辰法典的第二篇
註釋寫著：「適用全地球的人類。」
還有星辰法典第三篇
註釋寫著：「適用全宇宙的人類。」
難道我有機會收到外星球客人嗎？

有人會問我有沒有什麼小說裡才出現的人種，像是外星人
雖然還沒見過外星人，不過外星人鬼是見過了
如果有一天接到了外星人的委託，應該是美金計價吧？！
想到做夢都會笑😂

朋友快每週問我哪時要再貼文了
因為前陣子忙完英國客人的案子後，突然覺得人生出現了瓶頸
感覺地球上的法術大概就這樣了
小時候都聽說高處不勝寒，現在真的覺得有點寒了

接下來我的人生就是一直做這些一樣的事情欸
看看平均餘命我還要再做40年😱
聽說陳老師要90歲了，我如果活一樣久就還有50年
當人類知道自己的人生後，真的是會覺得很無聊的無力
不過死後回去當公務員更無聊吧？！

希望寫完這篇，我可以開始好好做回小編的工作",
191,2023/04/15 15:00:24,【鬼扣應篇】,"【鬼扣應篇】
#死相 最終話
#跌倒
#鬼相
#昏迷
#插管
#引魂
#度厄
#加護病房
#無聲之聲
#清明節
#驚嚇之相

你知道跌倒是一件多可怕的事嗎？
被鬼嚇到的人，真的都有同樣的鬼相嗎？

在我剛開始學法術時
我就曾接到一位昏迷的客人
他是我朋友的乾媽，雖然年紀有點大然後有點發福，但一直還算健康的她，某天卻在家裡跌倒了
跌倒後乾媽就被送到了醫院，但當時似乎就已昏迷同時插管
聽說乾媽的家人也曾求神問卜，得到的指引說是「魂飛了」，所以要把魂引回來

就這樣
大約事發一個月內我知道了這件事
接受了乾媽家人的委託後開始了追魂工作

第一次見到乾媽時
她正無助的躺在病床上給醫護人員抽痰拍背
由於乾媽完全沒有意識
除了抽痰時，因管線插到器官的肉，痛到她自然的大咳以外，基本上她就是一直在睡覺的狀態
先為乾媽做了一場度厄儀式，希望能找到她魂魄的方向

再幾週後
乾媽不知是何緣故，被轉入了加護病房
我又再次到了加護病房裡看她
看著她的肉身似乎比上一次更加衰退了
為了強制留著乾媽的魂引
我開始了這輩子最辛苦的儀式

我每天早上都花一個小時左右的時間
壓著我能賴的神祇找乾媽的魂魄
然後找了整整兩個月
我頓時覺得我都快被自己逼瘋了
不過當然沒瘋啦～
好在得到了有用的線索

聽神祇的回報中提到
乾媽的魂魄在她跌倒的地方左邊？！
聽說乾媽是在自己的房間跌倒的
難道房間的左邊有什麼嗎？
於是我和乾媽家人約了一天到她家去看看

來到乾媽家
原來乾爸也還活著，不過不能說話了
我來到乾媽的房間
原來乾媽住在樓中樓的二樓樓閣裡
房間裡看起來蠻正常的
聽說乾媽在房間跌倒，跌出了房門倒在閣樓下，被發現時就昏迷了
看著平凡無奇的房間和擺設，我困惑著神祇到底要提示什麼呢？

突然間
幹爸捧著茶壺來到房間要倒茶給我喝
就在我正視乾爸的一瞬間
滿盈的惡邪之氣從乾爸的面容中竄出，同時說了一句無聲之聲：「我推的！」
乾爸推了乾媽？！

後來我詢問了乾媽的家人，乾爸怎麼了？
乾媽家人表示：「某年清明節去掃墓，乾爸在墳地不知為何跌倒了，送醫後雖然恢復活動力和意識，但從此喪失了語言能力，嘴巴就這樣一直張著。」
在我看來乾爸張著嘴的相貌，就是他的驚嚇之貌
一種被鬼魂纏上的驚嚇之貌
雖然鬼魂沒有奪走乾爸的生命，但也就此纏上了乾爸

乾爸自從不能講話後到乾媽跌倒大約4、5年的時間
因為一直是由乾媽照顧不能言語的乾爸
但鬼魂也一天天的侵蝕著乾爸的肉身
最終惡鬼藉乾爸之手推了乾媽，同時勾走乾媽的魂魄

因此我向乾媽家人說：「若要救乾媽，要再從乾爸下手。」
不過後來乾媽家人沒有再委託我繼續處理下去
所以我也不知道是否真有可能救回乾媽的魂魄

之後，某天和陳老師聊天時，也聊到了這個狀況
陳老師很肯定的跟我說：「昏迷7天以上的，我都不救。第一，魂很難找了。第二，客人付不起。」
好吧～
反正我的兩個月儀式，也是自我實現的一部分

乾爸之後長年所現的驚嚇之相，如果是100%的鬼相
那我親戚的死相該算是30%的鬼相
類似的韻味，不同的過程，一樣的結果

乾爸被嚇跑了一條能說話的魂魄
久了之後延伸到乾媽也意外了
乾媽大約在一年前走了，算算她也臥床將近十年了

事實上許多人生遭遇，都是事出必有因，就看人們在出事時，是否有心了解而已",
190,2023/04/01 15:00:06,【鬼扣應篇】,"【鬼扣應篇】
#死相 第1話
#告別式
#殯儀館
#發洩
#相
#靈眼
#神通
#殮容
#封棺
#沖煞

你好死相？！
一句充滿愛意的話語
那人的死相呢？

那天參加了我之前說過被鬼跟上的親戚的告別式

還記得那天急匆匆的來到殯儀館
因為早上總是喝很多水才出門
趕緊跑去廁所解放一下
就在等待同行家人如廁時
我看見一具屍體正在被推入靈堂

喪家很是用心的在遺體前請了兩位樂手吹著笛子
但我看亡者並不在屍身上
那只是具空遺體吧？！
反正也不關我的事
等家人到齊我們就要前往親戚的靈堂了

結果⋯⋯我剛剛看到的那具遺體就是我親戚！！
因為我們剛去上的廁所就在這個靈堂的背面
所以我的親戚魂魄真的沒跟著遺體來嗎？

我覺得通靈後真的會更「沒血沒淚」
我本來就是理性大於感性的人
再更了解靈界後我真的覺得祂們只是以靈魂的方式活在另一個世界
所以整場告別式我都在發呆

好奇的看著禮儀公司的程序
看著自己也不知道在做什麼的法師
我稍微可以體會鬼魂討厭騙子法師的情緒
因為儀式裡沒有太多顧慮到往者的地方
只是一場活人的發洩大會？

最後終於要讓大家瞻仰遺容了
這個我期待已久的程序
任何靈都一樣「相」是非常重要的一個表徵
能吐露很多資訊
那電視裡披頭散髮的白袍鬼看不見相怎麼辦呢？
這時候就要用「靈眼」或是「神通」觀相
類似讀心術的感覺，通靈人就一樣可以知道發生了什麼事

來到了靈堂後面
有一個女人瘋狂的哭泣著，但我完全不知道她是誰，可見我跟親戚有多不熟
好想跟那個女人說：「伯父又不在，不用哭給我們看🤣」
不過我當然沒講，因為我社會化了

看到親戚的死相後⋯⋯⋯
讓我想起了我好久前的一個客人
看起來被鬼纏身的人，不論死活，都可以有同樣的死相，真是一個很有意義的驗證
我親戚的魂魄看起來應該也被惡鬼帶走了
微微張開的嘴巴，看似遺體的自然反應，實際上是生魂最後的吶喊
無奈一般人都覺得這沒什麼

看完遺容後
我們再來到靈堂前進行封棺儀式
傳說中「殮容」和「封棺」是最邪氣的兩個步驟了
所以我又好期待的看著法師執行儀軌

不過認真覺得依照親戚本魂不在現場的狀況
一切都很平和
真的不用太擔心有什麼煞到、沖到的可能
因為沖、煞也是靈力的一種
往者不在現場
惡鬼也沒跟來
這場告別式事實上沒什麼看頭

不過被盯上的下一個人
身上已經有一點反應的樣子了
等他們家再有什麼消息，我再分享給有緣人，一起趨吉避凶

未完待續⋯⋯⋯",
189,2023/03/30 15:00:50,【鬼扣應篇】,"【鬼扣應篇】
#拜神
#氣色
#原木神桌
#形象照
#悲觀
#憂鬱
#孝順

你家也有拜神嗎？
那你家有越拜越順嗎？還是越拜越衰？

兩週前我爸跟我說：「A先生說他媽卡陰，而且我今天看他氣色很不好，你能幫他看一下他媽真的有卡陰嗎？」
我思考了兩個禮拜，什麼都沒做
因為我明明跟他聊聊天就知道了，真的是懶得先調查他媽的狀況

事實上大約五、六年前我就去過A先生家了
他家住在市郊的山上，家中有一張高級原木神桌，神桌上供著好幾尊神像
當下他家已有狀況，他爸病苦纏身，他媽專職照顧他爸，A先生則事業平平
那時A先生還有能力想搞點事業，所以也不是太理會我的話
我記得沒幾天他家神桌上供的神就來找我了
他家桌上雖然有五尊神像和祖先牌位
但來找我的大概10幾個神靈，神桌不夠坐都坐到地上了
而且這些神靈都不是多高等的神靈，基本上拜什麼神靈是有差的，但絕不是什麼神像的姿態或是穿著打扮的問題

那種會說別人家神像拿刀子有問題、土地公拿龍拐不能在家拜的老師，真的聽聽就好
神像的姿態就像是我們人類的形象照
請問誰天天打扮得跟形象照一模一樣？
重點是神像裡裝了什麼
可以是天神、地神、冥神和鬼

今天早上我跟爸爸說：「等一下A先生來，您跟他說我要跟他聊聊天，看他自己的選擇，不要也沒差。」
後來A先生當然是有找我聊天啦～

他一直困惑著自己家怎麼了，而且他覺得他媽媽在父親死後一個月，突然變得悲觀又憂鬱，家裡也髒亂不堪，他都不想陪伴媽媽了
我則跟他說：「你家原本拜這麼多神，知道自己在拜什麼嗎？祂們有問題你們知道嗎？祂們原本纏你爸，你爸被纏死了，祂們換找你媽。我建議你要去處理祂們，不然你媽死了，你就是下一個。」
A先生滿臉疑惑的問我說：「祂們怎麼不找我哥呢？我是小弟，他才是大哥。」
我則跟他說：「找不孝的有用嗎？祂們當然知道要找孝順的。」

然後A先生接著說：「當初爸、媽和我把神像請去了大廟，祖先牌位請去塔位。現在神桌還留在儲藏室，媽媽想說以後哪一天家裡比較好了，可以繼續拜。」
我傻眼的看著他說：「你們只丟神像，有跟神靈說不要拜了嗎？神桌還留著，有辦法事潔淨神桌嗎？祂們都還坐在桌上，你們怎麼可以說不拜就不拜？」

最後A先生說：「現在我媽住的房子是和爸爸生前一起租的，因為現在媽媽精神狀況不好，房子用的很髒亂，同時為了避免媽媽觸景傷情，準備在月底搬家，那我該先找你去看現在租的房子嗎？」
我語重心長的告訴他說：「最好在這間房子做個了斷，先搬下一間，這間出現的問題只是再換一間，問題越攪越多，那就更多變數了。」

人類總是容易便宜行事、貪小便宜
然後事後又說自己是好人，為什麼命這麼苦
沒有人的現在不是自己造成的
再不回頭，水只會越淹越高",
188,2023/03/23 17:00:16,【神知鬼識】,"【神知鬼識】
#天命之人 最終話
#貶入凡間
#神仙投胎
#佛緣
#往生淨土神咒
#心血管疾病
#法眼
#加官晉爵

你覺得天界下凡的人是被貶入凡間嗎？
為什麼凡人投胎是福報，神仙投胎就不是福報？

我弟弟出生後，每天晚上都不睡覺，笑到天亮，像是有人在陪他玩樂一樣
當時我還是什麼都不會的凡人，然後爸媽就帶著弟弟去問事了
聽靈媒說：「我弟有佛緣還什麼的，所以晚上會有靈界的人來找他玩？然後幾歲前不可以去宮廟，也不要遇見喪事。」
還記得小時候我跟弟弟還有伯父一家人一起出遊，在車陣中遇上了出殯的隊伍，我和堂姊們狂唸往生淨土神咒的趣事，自以為可以讓亡者遠離我們

長大後，弟弟是正常的上班族，我則一步步成為一個完整的通靈人
我想說的是，小時候胖不是胖，問事也不一定問得出什麼

在我大約25、26歲時
我認識了第二個職業的通靈人，她是一位女性，不同於陳老師的存在
這位女通靈人說她供奉的菩薩和我師傅認識同修過，因此與我投緣，曾經一度我還跟她熱切的往來過一陣子

不過當我在和這位女通靈人聊天時
我懷疑她所供奉的菩薩與我師傅認識同修過
因為她所供奉的菩薩能力不怎麼樣，這位女通靈人也很避鬼的樣子
不過因為當時的我還小，也就把這事放在心裡而已

但她竟然有一天脫靈來查我的仙籍
我記得她仔細的觸碰著我的頭骨，從天靈蓋一直往下摸去
最後她說：「什麼都沒有，跟凡人無異。」
就這樣我被白摸了一個晚上🙄️
後來我問師傅說：「原來我是凡人嗎？」
師傅則跟我說：「誰說神仙就要不一樣。」

後來這位通靈人在50歲左右就中風延誤就醫往生了
雖然她的死讓我們錯愕，但心血管疾病對靈界來說真的是輕而易舉的事情
也讓我更加懷疑她的能力

當年在陳老師身邊包含我在內一共有四位仙界通靈人
另外三位都是法眼比我強10倍以上的人
如果我所看見的是10%那他們看見的應該是40%
不過目前只剩我和其中一個人活著，另外兩位已經死了

死了的這兩位在現世中還是姐弟
他們從靈界就是姐弟，一起投胎到同一個家庭
在陳老師這裡看見我師傅，接引出自己原本的使命
當時他們倆也都只有20多歲
不過就在30歲左右前後離世

聽陳老師說，他們接引了自己的天命後
因為現世家人的反對與自己的執念，最終受惡鬼牽引，提早結束人生
事後陳老師路過他們出車禍的路段時，還看見祂們依然站在路邊

每個人投胎到這個世上都有自己的任務
即便是仙界下凡的人，對我們事實上也是千載難逢的大好機會
靈界原則上是階級不太流動的世界，位階、能力和生活近乎都一層不變
出世為人可以給予一切靈，實踐自己抱負的機會
仙人入凡，死後一樣再受評比，做得好的加官晉爵，做不好的才真的會被降罪貶職",
187,2023/03/21 15:00:16,【神來也篇】,"【神來也篇】後段是鬼故事😂
#進香
#松山媽祖
#新港媽祖
#北港媽祖
#旅館鬧鬼
#床陷落
#鬼壓床

你喜歡去進香嗎？
事實上我不是很喜歡，但因為要陪別人去，所以我答應了

這是我第二次跟松山媽祖回北港進香
因為行程都一樣，我真的覺得沒啥興致
但錢繳了就去吧～
話說我小時候也是松山媽的乾孫子，不過後來我們沒什麼聯絡了，我也把這當作是一種人情世故的變化

隊伍浩浩蕩蕩的來到了新港奉天宮
我記得上次來的時候新港媽完全沒鳥我喔～
所以我對這站非常不感興趣
不過因為想借廁所，所以下車後還是跑第一個進廟
我要進廟時陣頭還在表演，松山媽的轎子也還在很遠的地方
由於上次的經驗，上完廁所後，我朋友在拜拜我也不想拿香，反正是薄緣的神明，然後我們就一起出廟，準備逛街逛回遊覽車上

當我們來到廟門口時
松山三媽的神轎正準備入廟
奉天宮便點燃第一輪的鞭炮要恭迎三媽
一陣大炸之後
我看見和奉天宮一樣大的媽祖站在廟門口迎接正要入廟坐在轎裡的三媽娘娘
原來新港媽是這個水準

因為我朋友已經開始逛了
我們便漸漸的往遊覽車走去
我朋友先買了綠色花椰菜🥦
然後又買了聖女番茄
最後還買了紅豆🫘

就在我朋友要付紅豆的錢時
松山大媽的神轎已經經過我們約100公尺
我看見大媽在轎子上跟我招手說：「一起進來坐坐？！」
我看著緩緩遠離的神轎和大媽溫暖的靈氣
還是回遊覽車上吧！！（累🥱
有時候真不理解自己的重點在哪

晚上朋友貼心的幫我訂了飯店
就是朝天宮旁邊的高級飯店
相對香客大樓和旅社真的是非常高級
我們是住兩張雙人床的四人房，時尚設計還可以選擇是否要看誰在洗澡🛁，或許來進香的人也有情趣需求吧？！
不過在我們進門放行李10分鐘後，就有8個鬼來到房門口站在廁所旁看著我們
反正也不是第一次見鬼，我什麼也沒說就離開飯店去香客大樓吃晚餐了

晚餐後，我們一行人在飯店裡喝威士忌配肉乾到午夜時分才上床睡覺
因為我們只有三個人，朋友又貼心的讓我一個人睡雙人床
不過事實上我差不多整晚都沒睡
除了他們兩個輪流打呼外，傍晚的鬼整晚都在看我睡覺🙄️

我一個人睡在靠近窗邊的位子
空一個床位再隔走道後是朋友兩人睡的雙人床
因為我喜歡側睡，所以我背對著朋友們舒坦的睡著
其中一位朋友因為太累沒洗澡就睡了
半夜2:00左右他起床洗澡，我有聽到他洗好吹好頭髮放吹風機的聲音
然後就在我快要睡著時，我感覺到有人爬上了我的床，一手撐在我背後的空位上，難道朋友要換睡我這床？？

也不知道撐了多久，反正床一直陷下去一塊的感覺，我轉過身去看，沒人？？
然後我又轉回來睡，沒多久，又有人上床了，然後床又陷下去了🙄️
感覺就像是一個人撐著手在看另一個側睡的人
整個晚上就這樣撐著看，轉過去看沒人？又撐著看，轉過去又沒人？
好煩人的一個晚上，我原本以為祂的下一步是鬼壓床
不過就只是一直讓床陷下去，沒了

回台北後，我朋友問我說，北港媽不夠力嗎？
我跟他說：「旅館又不是北港媽的，祂才不管。」",
186,2023/03/18 15:37:48,【神知鬼識】,"【神知鬼識】
#天命之人 第1話
#宮廟
#三把刀
#鬼話連篇
#得道大師
#轉世
#靈器法寶
#實名制
#開悟

你聽過有人小時候幾歲前要盡量避免去宮廟嗎？
讓我從靈界的角度來跟你分享這件事的真相

上次和朋友聚會
朋友跟我說他認識一位知名通靈人
然後這位通靈人幫另一位小朋友看了之後說了以下幾個點：
1.小孩是某得道大師轉世
2.身負三把刀或是什麼的（九把刀可以嗎？！
3.好像是三歲前要少去宮廟
4.不然可能會影響小孩子的未來，不是大好就是大壞
或許還有其他細節，但我只能說超像「鬼話連篇」

如果真是得道大師轉世，祂既轉世，自有任務，絕非父母可以左右，你聽過哪一個父母改變哪位大師的未來嗎？
如果沒有靈力的父母家人也能改變得道大師的人生，那靈界真的沒有比人界高多少

身負三把刀？？
我聽過無數種這個說法，有的是劍或箭，也有什麼旗子的
如果是先天法寶，不到重要關頭法寶是不會自動出竅的
在靈界所有的法寶都是實名制，只有物主可以駕馭，你即便偷走了寶物，除非你能力比原物主強，否則法寶根本不會為你所用，因為法寶在跟上主人前都經過授證儀式，絕不是簡單的外力可以影響的
以我目前看過的寶，有的根本是陰器，是一種類似詛咒的邏輯，只要拔除後，這小孩就沒有這個問題了

因帶寶而不能入宮廟？？
首先若真的是寶，神佛皆看在眼裡
沒有什麼不敬或是會被神佛討厭的可能
因為靈界非常井然有序
低階見高階必定行禮，也不會因為這個凡胎才幾歲，神就看不起他
因為靈界的修為無法造假，技不如人自當認份
如果你去的宮廟所拜的神會因為技不如一個孩子而生氣，這個神的修為非常可議，還是少去為妙
一般大廟，龍山寺、朝天宮這種廟裡的神水準都很夠，你就算帶100支法寶，祂也不一定鳥你
請記得，所有仙佛所修之法出自同源，一切法寶都是同一個頻率的聖器，只有日月同輝的可能
畢竟大家都是脫仙入世，沒有什麼天大的事不會兵戎相見，除非身上帶的是陰器
如果你帶的陰器，這間廟的神佛無法抵抗或是識破，那這間廟也沒什麼值得拜的點了

若帶去宮廟，可能影響孩子的未來？？可能大好或是大壞
「可能大好或是大壞」基本上是一句廢話，我真的很無言一個知名的通靈人能說出這種結論，跟沒講一樣
如同我之前所說過的，每個神仙在下凡前都身負任務，同時開悟時間都已訂下，絕不是在他年幼時就能改變的
人間有遲到誤點的可能，但靈界沒有喔！
所有的神都無敵準時，因為祂們隨時可以瞬間移動
萬分之一秒的差別，只有在大神間存在，人間的一秒真的太長了
就我所見過的鬼，一秒來回100公里都不是問題，更別說神了
在人間開悟前，靈界會派下各種神祇告訴當事人，祢來自哪裡，方向為何
等開悟時間一到，即開始承受天命，自然有屬於自己的業務出現

未完待續⋯⋯⋯",
185,2023/03/16 15:30:07,【鬼扣應篇】,"【鬼扣應篇】
#吃牛肉
#算命
#藏壽司
#業績
#青鬼頭
#太上老君
#青牛
#心齋

你有吃牛肉嗎？
你有吃豬肉嗎？
你有吃葷食嗎？
你有在喝酒嗎？
如果你信算命，是否也因此調整過自己的飲食模式？

某天一位客人跟我說他覺得我們的共同朋友可能需要我的幫忙
因為我跟共同朋友沒有太多的交集，所以大概約了三個月吧？！
那天我們終於約好要去吃「藏壽司」⋯⋯⋯

因為只有我們倆人，所以我們就對視而坐
由於他從事業務工作，我們便天南地北的聊開了
在我點了牛肉握壽司後
他說到他相信的算命老師建議他不要吃牛肉
然後舉了種種吃過牛肉後業績變差的故事
所以他已經好多年沒吃牛肉了

基本上我對他要吃什麼不吃什麼沒什麼想法
但對他說過的故事很有看法
片面知道的訊息是他談了許久的大單
客戶終於敲好時間和女兒一起來簽約
但因為朋友吃了牛肉，結果客戶女兒簽約前竟然高跟鞋壞掉，摔斷了腳趾，緊急送醫，大單飛了
我不能理解的是怎麼會相信自己吃了牛肉，能間接影響要簽約的客戶意外送醫的邏輯
我覺得最可怕的是穿鑿附會的心，而不是平白無故的兩件事

然後共同朋友最近手上長出了一點點奇怪的泡泡，經過醫生的檢查，尚未查出是什麼問題，但他也沒有任何痛覺，只是看起來怪怪的
接著他提到了他身體不適的母親，看似平常的症狀，他母親卻全身虛弱的不得了
就在他講這三句話時，對坐著的我看到他交叉的雙手間，探出了兩顆青色的鬼頭
這兩顆青色的鬼頭看了我一眼後，便再縮回朋友交差的雙手裡了

事後，我輕輕的點了一下朋友他媽媽的事，勸他要去處理，處理不好可以再回來找我😂
俗話說的好「說人人到，說鬼鬼到。」
這兩個鬼頭雖然在提到朋友媽媽的三句話中現身，但可能也看上我朋友了
不過到目前為止，我朋友似乎更在乎不能吃牛肉的現實生活

我學的是法術，我只在意真正的靈界活動
穿鑿附會的邏輯，算命說的禁忌，真的聽聽就好
忽視自己沖犯的靈界，才會讓你越活越差，生不如死

小時候我爸媽也帶我去算過命
我好像也是不能吃牛肉的命
但我吃習慣了，我不想少吃一樣美食，我也很愛日本生牛肉
我見過太上老君，祂也沒叫我要禁吃牛尊重祂的坐騎
我超想問世人：「你真的覺得太上老君騎的是牛嗎？」
人類往往陷於表象的困境，而無法看見事情的真諦

我的兩位師傅都是佛教的神仙
但我沒吃過一天素，陪別人吃一餐素是沒問題啦～
我跟陳老師討論過這件事，因為他也是什麼都吃，只不吃毛
我覺得陳老師說的很好「心吃素比較重要」
正如我喜歡的哲學家莊子所說的「心齋」
到目前為止我師傅也沒叫我吃過一天素，但我的法術也是一直學下去
人類往往在意看得見的規矩，卻忘了規範自己的心，那又算得上是什麼規矩呢？",
184,2023/03/14 15:01:00,【神來也篇】,"【神來也篇】
#法器
#喝酒宿醉
#蹬牆鬼
#深夜異音
#戶愚呂兄
#福音戰士初號機
#使徒
#錄音帶磁帶
#伏妖囊

你知道為什麼大神都沒有拿法器嗎？
難道祂不需要降妖伏魔嗎？

上週六我跑去喝酒，喝到忘了貼文
想說有經典賽陪伴大家，應該還說得過去吧？！
就在我喝到宿醉清醒之後⋯⋯⋯

我家附近住著一個蹬牆鬼
祂總是在深夜時刻大力的蹬著地板，像是有重物在立定跳遠的感覺
有時候祂蹬的離我太近吵到我睡覺時，我會跟祂說：「去別的地方蹬！」
因為我住六樓，通常祂聽到我在說後，祂就會去二樓或三樓蹬
所以我家其他住戶常在深夜聽見異音，但我也不會跟他們說是鬼在吵
你家半夜也常有異音嗎？建議你可以找人去看看

那晚就在我即將睡著時，我聽見了一聲蹬牆聲，祂好像蹬在我房門口？！
但我真的太累了，直接秒睡⋯⋯⋯
睡著後我以靈魂姿態再次醒了過來
成為魂魄狀態後超方便的，出門都不用開門😂
我靜靜的走到房門外，再來到陽台邊
我看見一個鬼魂正懸空站在我六樓的陽台外對著我的窗戶發呆？
鬼就是沒動時很像白癡的生物，祂們會停在任何地方，不管前面是否遮蔽視線，反正祂也不是用眼睛在看世界的

在我看到祂後，我便走向窗口暗示祂我看見祂了
不知道我是否有激怒到他？或是我讓祂覺得來者不善
祂轉過身向我直挺的飄了過來
噁～祂長的真醜
一般鬼魂的標準配備，黑色的披頭散髮和破舊的白袍，醜的是祂的臉
祂的臉像一個大蟻窩般腫脹變形，讓祂看起來更像個醜陋的禿頭
變形的臉龐上看不見清楚的五官，但感覺表皮已腫脹乾裂，五官應該藏在乾裂的縫隙之後

當祂直挺的飄向我後，就在祂靠近窗口時
我伸出我的右手一把抓住了祂的左手臂，將祂拉進我家陽台
因為我的手掌中存放了很多神明的記號，因此就在我抓住祂的臂膀後，我手中的印記便自然啟動神界的靈力快速侵蝕著祂的靈魂，同時卸除祂的陰氣，有種廢祂武功的感覺
當祂意識到這件事時，祂快速的舉起右手大力的揮向我的頭部，看似想要一擊將我擊倒
好在我順勢抬起左手後，便擋下了祂的奮力一擊
2秒後，祂就像幽遊白書裡的戶愚呂兄被我的右手侵蝕的像隨風飄曳的絲線
我像小時後收童軍繩般，把祂被榨乾的靈體對折、對折再對折，折成一個潛艇堡的大小
我只記得我像福音戰士裡的初號機吃使徒般，一口從祂的頭附近咬了下去，大口的咀嚼著祂的靈魂
祂的靈魂嚼起來像是小時候用的錄音帶中的磁帶，一點都不好吃，沒有味道，沒有營養，吃起來沒有開心的感覺，如果要評分一定是0分

雖然難吃，但我有點想順便發洩一下我在人間的怨氣
祂不是我第一個虐殺的鬼，在靈界高等靈欺負低等靈是很正常的，而且高等靈不一定有罪，因為即便祢（低等靈）去告狀，大神也會問：「那祢（低等靈）幹嘛去招惹祂（高等靈）？」
在確定嚼不爛祂的靈魂後，我選擇直接吞下有頭的這一口
然後一次把剩下的驅幹和四肢全部塞進嘴裡，大口的咀嚼著祂難吃的靈魂
最後囫圇吞棗的把祂全部吞進了嘴裡，我掀開衣服看著自己靈魂的胃
原來師傅把我的胃連結上了靈界的「伏妖囊」
淡藍色的靈氣圍繞著我的胃，胃壁上有紅色和金色的咒文，一閃一閃的固守著被收入的靈氣
剛剛那個醜陋的鬼魂在伏妖囊中，就像是日本便利商店給的塑膠袋一樣的輕薄，同時祂再也不會動了
鬼屬陰，祂將在伏妖囊中被藍、紅、金三色靈氣持續侵蝕，但祂不會死的，因為祂沒有死的能力了
當天起床後，我的嘴好酸哦！一定是昨晚咬太大力了

大神為什麼不用帶法器？
因為祂全身都是武器，只是我們不一定看得懂而已
我今天心情特別好，因為我得到了一個新的法器「伏妖囊」
我終於可以不用擔心消化的問題了😋",
183,2023/03/09 16:30:25,【神來也篇】,"【神來也篇】
#南無觀世音菩薩
#聖誕快樂
#普陀山
#一神論
#觀音大老闆
#補經臺
#宇宙大神

今天是南無觀世音菩薩的聖誕
大家拜拜了嗎？
因為剛好遇上了聖誕就來寫一下師傅的故事好了

觀音是非常廣泛被祭祀的一種神明
祂的形象很多元幾乎任何法相都曾經出現過
就我所知最大的那位觀音並不存在地球上給人膜拜
因此聽到要去普陀山之類的行程我都沒什麼興趣
說真的神不是動物園的觀賞動物，祂不會待在一個地方等你去找祂。
若有緣，祂會找機會與你相見。

各位應該知道每尊觀音像上的觀音神靈都不一樣吧？
我真的很常聽到有人說：「不是都一樣嗎？」
如果都一樣，那不就成了一神論了嗎？絕對不是

大約在我拜入師門後的第三個月的某天
師傅帶我見了觀音大老闆一面
也就是那位師傅說至高無上的觀音本靈
事實上見到祂也不是多輕鬆的事
當時的我剛拜入師門，連最簡單的過火法都還沒學會
但因為我師傅的理念是要和世界上的神仙當朋友，這樣有需要時才能要風得風，要雨得雨
因此，傻呼呼的我便請來了觀音大老闆
只記得當時祂開了一個如明月般大小的小洞在宇宙的另一邊看著我
洞口垂下到我的身邊的直線距離上，站滿了無數金剛和將軍神
當時的我正在桃園唸大學二年級
傻白萌的我唸誦著師傅教給我的祭文
只能說此生沒有壓力這麼大過，總覺得唸錯一個字隨時都有被處罰的可能

附近的靈界呢？
當時我住在小小的山坡上，平常總是17:30一到就到處站著的鬼魅們
那天那時一個都找不到
感覺此時就只剩下觀音大老闆、一堆脅侍和皮皮挫的我
我師傅呢？祂把祭文交給我後，就沒出現啦！！
剩下我一個人面對觀音大老闆「面試？」
當年的我每天會誦讀祭文16遍
在觀音祭文唸誦期間當然也是常唸錯字，我當時真的超怕死後會被罰到補經臺重唸
師傅後來跟我說：「大神都差不多這樣，別太意外。」
所以在地球上看到跟山一樣的大神，真的不用太讚嘆
因為還有一堆宇宙大神

我師傅從沒跟我說過什麼祂的個人資訊
大部分的資訊是之前提到的陳老師告訴我的
聽說師傅是觀音的第四個分身
除了觀音大老闆外，老二觀音和老三觀音我從沒見過
我覺得可能是因為師傅知道我只是此生當祂徒弟吧？！
死後我就會回去見我原本的師傅了

某些神明會自定自己的聖誕日
舉例某個觀音說自己的聖誕是農曆2/20
事實上這都是合理的，因為每個靈都有自己的意識，也有祂喜歡的日子
只是當這個靈還計較自己哪一天生日時，我會很懷疑祂是不是太「凡」了一點

因為觀音大老闆和師傅的關係
我現在在台灣島上認識了另外三位廟裡的觀音
當然祂們也都是過農曆2/19這天的聖誕
畢竟大廟嘛～還是很照習俗的
最後㊗️天下觀音都萬壽無疆，我要去吃師傅的蛋糕了🤪",pic\677866311009929.jpg
182,2023/03/07 15:01:03,【鬼扣應篇】,"【鬼扣應篇】
#道長
#煉丹
#醫術
#治病救命
#癌症
#靈力
#生氣
#惡氣
#藏主

小時候看道長的故事都會提到⋯⋯⋯道長擅長煉丹和醫術，一生以“治病救命、濟貧扶弱”為己任等等的故事
因為最近蠻常在體驗「治病」的法術
搞得我覺得自己也像是半個道士一樣
而且為什麼客人們一半以上都是癌症，一開始真的是有點壓力
不過反正法術只能護住人的一半另一半就要靠當事人自己了
這就是「命運」的真諦了

前幾天晚上，再次為生病的客人補氣
身負病厄的人通常靈力和運氣都比較差
因此我會看狀況請師傅將祂的靈力和我的生氣過給客人
收到神明靈力的人，會受到聖光的庇佑
收到他人生氣的人，會讓惡邪發現這個人有活人固守，然後就找活人算帳？

那天將氣過給客人後，我就躺床要去睡了
就在我躺下後的5分鐘左右
在我房間旁的廁所突然傳來有人用力把肥皂盒打翻，讓肥皂掉到地上的聲音
當我微微的睜開眼睛後，看見從靠廁所的牆面衝出一股凶惡之氣
接著開始在我六樓的外牆開始了奇怪的敲牆聲「扣⋯⋯⋯⋯⋯⋯扣⋯⋯⋯⋯⋯⋯」

我疲憊的將頭轉向左邊
看著什麼也沒看見的牆面，靜靜的等待下一個敲擊聲
我有點不耐的向惡鬼說：「可以不要敲了嗎？好吵😤」
但敲擊聲似乎沒有要停下來的意思
持續著「扣⋯⋯⋯⋯⋯⋯扣⋯⋯⋯⋯⋯⋯」

突然想到我的寶貝貓咪「藏主」
回頭看了一下冷靜的藏主
身為貓的本能基本上只要是活體牠都是直接站高高觀察敵情
不過因為牠也發現是鬼了吧！！
藏主若無其事的坐在我身旁，只呆呆的看著前方，像是什麼也沒發生一樣

因為關心藏主的狀況而有點清醒的我
再次望向窗邊的外牆說：「欸！這麼愛敲，那敲個節奏來聽，敲首流行歌來聽吧？！王心凌的愛你好了～」
我直接打起了愛你的副歌節奏
敲牆的扣扣聲也隨即加快了速度，不過只是變成「扣⋯⋯⋯扣⋯⋯⋯扣」連三聲而已

敲的真爛～
然後我就繼續閉著眼睡著了
大約30分鐘後吧？！
敲擊聲停了
惡鬼離開了
我的隨侍神官通知我說：「祂走了欸，你要起來看看嗎？」
我再次睜開雙眼，確定惡鬼走後，就再睡去了

真的好想跟愚蠢的鬼們說：「祢真的玩不過我的🤣，不過我還是歡迎下一位來玩。」",
181,2023/03/04 15:00:47,【神來也篇】,"【神來也篇】
#西方神鬼 再1話
#借花獻佛
#手漫陰氣
#基督教法
#耶穌之光
#自然法
#西方耶穌
#東方觀音
#日夜庇護

照片是英國客人送來感謝師傅的美麗花束
謝謝客人的信任讓我有機會學會更多特別的法術

就在該隱賜予我基督教法後大約兩週
客人的先生又再次無法順利睡著
在我和客人聊Line 時，我看見客人的丈夫自手臂上漫出絲絲陰氣
面對曾經被惡鬼纏身的客人一定要非常有耐心
一次次的解開新的惡氣魔法
愚昧的鬼魂總是在接受一次次的震撼教育後才會乖乖聽話

連基督教法都已經用過的我原本也沒有什麼頭緒
畢竟我們相隔半個地球
耶穌的話都不聽了，我還能怎麼辦呢？
就在探知手臂上的陰氣後，當日下午師傅給了我一個建議
既然耶穌的光芒也無法一直護持客人，那只能用自然的光芒來輔助了

我學的是師傅教的陰陽之術
而地球上因為有萬物的自然運行
因此除了陰陽之術之外，還有自然法可以運用
有些時候會覺得師傅好像教太多了
多到我無法記住每一種法術，然後A法術又可以跟B法術複合成C法術
這真的會是一個無窮無盡的法術世界
也謝謝惡鬼們的堅持
讓我一直學習全新的法術

師傅說：「既然單借耶穌之力無法打消惡鬼們的念頭，那就再請觀音之力。」
我好奇的問師傅：「不是說用基督教法治基督教鬼嗎？」
師傅則說：「自然凌駕於一切之上，沒有疆域的限制，只有顯像的不同。」
總之師傅怎麼說，我就怎麼做，只是施法前我真的覺得這個法術太奇妙了

來到台灣的深夜時分
只是因為我下班的晚，事實上施法沒有什麼白天夜晚的分別
只有方便的時間而已

我再次拿起三炷香奉請觀音作主請來耶穌
首先向耶穌說到：「請耶穌作主以西方的太陽為根，同星辰般照耀守護著我的客戶，庇護他不受惡邪之侵擾⋯⋯⋯⋯」
大概遲疑了2秒後
師傅跟我說：「你怎麼不接著說？」
我問師傅：「真的要說喔？！」
師傅堅定的告訴我說：「說了就有用了！」
我接著說到：「請觀音以東方的太陽之力，在西方沒有太陽的時候，將東方的太陽之力帶到西方，持續庇護我的客戶，使他日夜皆不受惡邪之影響。」
話語畢，我自己都懷疑我在說什麼🤔

不過客人的老公又可以好好睡覺了
所以客人從英國訂了花來送給師傅同時為我㊗️福
真是非常不好意思，會法術的接受不會法術的祝福🤣",pic\673928801403680.jpg
180,2023/03/02 15:00:01,【神來也篇】,"【神來也篇】
#料事如神 最終話
#小過年
#元宵節
#紅白禁忌
#財神級
#團報優惠
#調撥仙位
#一起過節

你是個溫暖又好客的人嗎？
我想師傅總是以非凡的角度刷新我的三觀

過了年我自然照著時程安排著客人家的事情
不過因為未過元宵，所以我一直在等待師傅的進一步指示
各位聽過一個古老的習俗嗎？
就是過了元宵才是過完年喔！
不論紅白事皆是如此，有機會再跟大家分享可怕的過年白事禁忌

事實上我覺得送神超輕鬆的
因為神仙大多住在遙遠的仙界之上，能跟仙人沾上邊是很不錯的際遇
在準備送客人家的玄天上帝回府時，我發現這位玄天上帝神靈事實上蠻棒的欸
祂降凡期間成功輔助一家人幸福快樂，如今修真功成，再返天界可以連升兩級
而且在分類上，祂算是財神級的玄天上帝，也就是除了一般的能力外，配備助人發財的神力
各位應該知道吧？！每位神靈都有祂自己額外專修的能力，像人可以有自己的第二專長一樣
當初發現這位玄天上帝是財神級時，我還想是不是應該找個有緣人助他一臂之力
但想想這樣又違背客人的心願了，最後當然是沒這麼做

同時我也開始準備客人家眾先祖的超度紙錢
並為祂們安排最好的前程
事實上一開始提到的「十個」是需要度化的祖先數量
而出現在我家神明廳的奇怪女子則是入侵的外靈
祖先需要回家，外靈也需要請走
如果照人頭算起來，我可是需要準備比玄天上帝多100倍的紙錢
但因為眾祖先們死亡的年代已久，有的人事實上只需要調撥仙位就可以
所以東折西扣大約準備了玄天上帝20倍的紙錢就可以了
雖然有申請到「團報優惠」，不過當天也是燒到我懷疑人生就是了

準備好大家的回返紙錢後
我就等著師傅安排好機位了
毫無意外的直到元宵節師傅都沒有派下班機
所以我只好騰出供桌先拜元宵了

就在我全家人進行元宵節祭祀時
師傅突然說：「玄天也在，請玄天一起吃湯圓過節。」
這時當然沒有我說話的份
玄天神靈瞬間降生，坐我家神桌上一起享用起了湯圓
同時，玄天又為客人家的祖先請命：「請賜族姓先祖一同過元宵吧！」
再次沒有我說話的餘地
客人家祖先瞬間聚集到，準備超度祂們的20倍紙錢之上，一同過起了元宵節
這是我家最熱鬧的一次元宵節，一群神仙一起吃湯圓，兩家祖先也一起吃湯圓，真榮幸可以看到這和樂融融的一幕
不過我家今年元宵煮超少，真的是很不好意思，還好靈界的人都是用看的最重要！",
179,2023/02/28 15:00:13,【神來也篇】,"【神來也篇】
#料事如神 第5話
#退神
#佛祖像
#移民
#玄天上帝
#過年停班

「退神」一個古老的儀式
人類因為種種原因而無法再行供奉神祇
透過法師將神靈請離祭祀形象的作為

前兩天跟朋友一起去了一個道士壇
閒聊之間談到了該道士多年前接受客人委託要退神的「佛祖像」
聽說該客戶因為舉家移民所以無法再行供奉
但道士說：「祂在我當道士前就被供奉了，我何德何能退祂神？所以我接著拜到了現在。」
我聽完立刻傻眼，這合理嗎？
如果客人當初就是跟神靈講好要退神呢？
反正也不關我的事，各位聽聽就好

雖然我看得見很多東西
但我並沒有到處跟人說的習慣
就像我說的，如果他沒有需要，你通靈關他什麼事
事實上我們在這個道士壇聊了很久，一共花了三小時左右
但大約聊了一小後，我就知道這位道士也是學學表面功夫而已
但因為我還沒跟我朋友說我看得見，所以我也不想干涉
我覺得單純的相信一件沒有風險的美好事物也是一種享受
不需要什麼都實事求是、認真負責
但處理法事時，我一定是實事求是、認真負責的

回到我的客人故事裡
客人的祖先牌位安好後就要過農曆年了
過年時，仙界也放假喔～
所以只能等年後再行處理了
還記得當初幫客人問他家玄天上帝有沒有被佛具店退好神？
得到玄天上帝的回覆卻是：「我會盡快來找人算帳！」
我好想去看佛具店是不是也把玄天上帝留下來自己拜了？

因為客人家不再拜神和祖先牌位了
所以在靈骨塔安奉好祖先牌位後
還有退神跟祖先超度等兩件事要處理
依照我的經驗祖先的超度是要先做的
不過我記得客人聽到他家玄天上帝的回覆後，很在意的要我先幫玄天上帝處理
但邏輯上，神因為位階比較高，而且神有病需要處理的機率微乎其微，所以當然是先救祖先比較重要喔！
但我想客人應該是以敬重之心，希望我趕快幫他家玄天上帝處理
不過因為遇上了過年，只能等到年後再行處理了

而且啊～
回靈界的班機是我師傅去預約的
所以我也是等師傅訂好機位才能有效處理
希望世界上的神都能好好被退神回到天界
不然人間以後除了有一堆回不了家的鬼，還會有一堆被人類耽誤的神

未完待續⋯⋯⋯",
178,2023/02/25 15:30:11,【鬼扣應篇】,"【鬼扣應篇】
#料事如神 第4話
#金剛經
#大悲咒
#心經
#靈乩法
#乩童法
#脫靈法

「一時，佛在舍衛國祇樹給孤獨園，與⋯⋯⋯」這是金剛經中的一個場景
我這輩子大概就看過「金剛經」、「大悲咒」和「心經」而已
所以能引經據典的機率應該是很有限
請大家不用擔心，沒有要開始洗腦

在幫客人安好靈骨塔中的祖先牌位後
為了慎重起見，我又選了一天脫靈再去現場看看
究竟脫靈有什麼意義呢？

通靈人事實上就是靈魂比一般人強大的意思
而我又是那種傳說中的「靈乩」
靈乩的意思就是，我的靈魂可以給其祂神明使用的概念
乩童大概就是，乩身可以給神明使用的概念
所以我是靈魂比肉體強而有力的一種人類

之前朋友問過我說：「為什麼你總是跟鬼說夢裡見。」
正因為我是靈魂強大的人
師傅帶我認識了祂的3000個朋友
所以我的靈魂就可以有3000種不同的樣貌
就看我今天請出了哪一位神仙來幫忙
由於靈界非常的廣大
以人的角度事實上無法透知靈界一切的事務
所以我在啟動靈乩狀態時並不需要任何的指定
我只要說出我的目標即可
依照當初和眾仙們所定的契約：「神權為引，無礙執事。」
所以神靈會應我所需，搭配我所需要的靈力，執行我要做的工作

這次的目的是「確認祖先牌位是否安好」
因此我便洗香香準備出發了

結果當晚我來到了塔中的一角
客人家中的祖先們圍繞在我的身邊，聽我說話
我只記得我說了好久，跟祂們交待靈界的規則還有接下來的安排
結束後，我的靈魂回到了我的軀體裡
我微微的張開了眼，看這天色才4:30吧？！
我便隨即闔眼再睡了去

想不到我又回到了塔中
這次我和塔裡的其他眾生進行了一次宣講
講什麼？？
講靈界的邏輯，生、老、病、死、輪迴
雖然我覺得祂們應該已經知道了
但祂們依然好認真的聽我講
我頓時覺得我好像佛經裡正在說法的大師
真是非常特別的體驗
早上8:20我疲憊的起床了
每天我大約需要花30分鐘的時間回魂
因為我每天都睡到忘記自己還活著

等魂魄們全回到身體後
我便可以開始繼續過「人」的一天了

未完待續⋯⋯⋯",
177,2023/02/23 15:01:01,【鬼扣應篇】,"【鬼扣應篇】
#料事如神 第3話
#地藏王
#土地公
#陰宅
#安祖先牌位法
#觀音彩
#安骨灰罈法
#冥神

你去靈骨塔祭拜先人時，會很認真拜地藏王跟土地公嗎？
通常我都隨便拜拜，因為大部分管陰宅的神都很廢

終於來到了要為客人重安祖先牌位的這天
出發前先確認過牌位會不會拿下來
結果客人果然沒有要拿下來了！！
可能拿下來要找管理員很麻煩吧～
反正法術本來就是懸空的藝術，有沒有拿在手上自然不是很重要
不過因為放在櫥窗裡，要稍微改變一下作法

大家都看過神桌上的後貼吧？！
70%是畫觀音菩薩的畫像叫觀音彩
這個放在櫥窗裡的祖先牌位就像是安奉一幅觀音彩一樣的邏輯
只不過現在變成請祖先而已

現在因為科技發達，所以很多儀式跟活動都有錄影的習慣
我就看過一個影片，片中道士穿著道袍正在淨壇或是開光，他拿著水和葉子到處點撥
正當他走到一幅道人相前時，道士一樣口唸咒語然後一直點撥淨水過去，影片中站在一旁的神靈向道士說：「那個相再點一下！」
但因為道士根本聽不見神靈說的話，同時可能也有咒語和步伐搭配的其他問題
道士就這樣像趕火車一樣的走掉了，那位神靈就這樣站在旁邊乾瞪眼

安祖先牌位跟開光事實上很類似
神靈會依照現場狀況隨時增加需要執行的項目
像這次的祖先牌位，即便它是放在一堆牌位的層架上
到了現場師傅還是說：「層架也要淨化。」
所以開始了瘋狂的淨化和引靈儀式
第一道淨化客人這個位子的層架
第二道淨化客人的祖先牌位
第三道引請客人家中的歷代祖先
第四道引請客人家中的萬世祖先，這道是要把那種夭折的，可能連名字都沒有取的祖先也都一起請過來
第五道請神靈固守牌位不受其它陰邪的侵擾
最後啟靈，沒錯靈安好後開始拜前要啟靈，很多看不見的老師也都沒做這個儀式，不理解為什麼他們說完話都不用上「句點」的

完成牌位的安奉後
我們來到了靈骨塔的二樓
客人當天早上跟我說：「我們家有兩個先人的骨灰罈在樓上。」
我二話不說，直接說我們等一下也會去處理
因為這就是師傅跟我提醒的事情
然後收錢的時候沒算到喔！！
當時快過年了，我也沒時間看現場，所以就只收了安祖先牌位的錢
但說真的做這行少收的可多了
尤其當你看得見祂們時，多做一步讓祂開心才是最重要的

在安好兩個骨灰罈後，我陪著客人來到靈骨塔的主爐上香
這裡的香爐都放在門口，事實上也是很不合邏輯的安排
內外有別，拜祂卻不進到房子裡，就像我們去拜訪朋友只在大門口用對講機打招呼一樣，超詭異
但政府蓋的就不用計較太多了

基本上神明分做三個位階，天、地、冥
通常管這種陰宅的都是後段班的冥神，所以有沒有拜祂沒什麼差別
所以我就跟客人說：「地藏王爐插一炷香就好。」
話才說完腳還沒走兩步，師傅就來跟我說：「但這地藏王算是不錯的了！在冥神裡算是前排的！」
這是第一位師傅要我尊敬的冥神！！
馬上改口跟客人說：「地藏王爐還是插三柱香好了！」

地球環保固然重要
但有意義的燒化更重要

未完待續⋯⋯⋯",
176,2023/02/21 19:00:10,【鬼扣應篇】,"【鬼扣應篇】
#料事如神 第2話
#外型
#孝順
#執事服
#通書
#挑日子
#良辰吉時
#血脈之術
#靈界之火

你有心目中老師該長的樣子嗎？
是不是應該老老的？
或許禿頭一下？
或許綁個馬尾？
再來個啤酒肚？
臉上再一點風霜感？
好吧⋯⋯⋯除了頭髮比較少外
我一個都沒有

經過好幾天沒消沒息的等待
客人做下了一個決定
就是他爸不相信我，他爸希望繼續交給佛具店處理
所以客人再花一次錢給我處理，因為他也不希望讓爸爸不開心
真的是超級孝順的！！

事實上他爸不是第一個看外表的人
而我也不是第一個不在意外表的人
陳老師就是一個不修邊幅的人
但我知道人總是愛看外表
所以我有考慮來訂做一下執事服了
歡迎有認識的朋友可以幫我推薦訂製衣服的廠商

回到我們的故事
客人做下了這個睿智的決定後
我就開始幫他跟靈界交涉了
要談什麼？？
談看怎麼樣牌位裡要拜的是他家祖先啊～
當然一個稱職的通靈人，只做「人」該做的事
就是挑好日子

這時我要說一件事
通書，挑日子事實上是看到不見的人在做的事
試問如果今天你是玉皇大帝，你出門會看通書嗎？你辦事會挑日子嗎？
在大神的世界裡，祂的旨意代表一切
而且不用懷疑！所有的大神都會同心協力護持主事神的旨意
因為有一天也會輪到祂們自己有案子要對方幫忙
可能聽起來有點官僚，但這就是現實
沒有神在看通書，挑日子的
因為時間對祂們而言也沒有意義

那我為什麼要幫客人挑日子呢？
因為人看不見啊
我至少幫他選一個良辰吉時，免得他遇上半桶的老師馬上就又被洗腦了
在靈界，大家看的都是輪轉消長
祢弱我就攻，祢強我就轉
沒有不能動的時候，只有不會動的人

選好時間後請客人請假
因為我當天需要他的血脈連結所有的祖先
畢竟我到現在連客人都沒見過
他問我：「要祖先名冊嗎？」
我說：「不用啊～」
因為我以客人為名，血脈為實，這可是假不了的東西

然後我就開始等師傅幫我安排後續了
距離出門大概還有幾天吧
某一天師傅先跟我說：「這個要用大過火法處理喔！」
是的事實上過火還分好幾種方式
師傅要我在靈骨塔內點燃用「竹製紙錢」為基底的指令
以陰陽火讓客人家的牌位再也不受惡邪侵擾

傳統的竹製紙錢若是真的燒起來可是黑煙陣陣的
因此我當然是用靈界之火引動紙錢內的靈界之力為客人家的祖先們引路安位
明火不可怕，可怕的是看不見的靈界之火
這是鬼魅們都懼怕的火焰
燒到身上會直接碳化靈體，比燒紙還容易

準備好竹製紙錢後
再過幾天才到出門辦事的日子
就在出發的前一晚
師傅跟我說：「他家有骨灰罈在那喔！要一起處理，不然你問他看看。」
我真的不習慣讓客人知道我在家就可以知道很多他的事
所以我跟師傅說：「我到現場再看吧～我不想太高調。」

就這樣
做好一切的事前準備
我們一起來看看現場發生什麼事吧！

未完待續⋯⋯⋯",
175,2023/02/18 15:00:43,【公告】,"今日補班，小編睏了～

咱們週二再見👋",
174,2023/02/16 16:00:03,【鬼扣應篇】,"【鬼扣應篇】
#料事如神 第1話
#祖先牌位
#佛具店
#占卜
#第六感
#辣妹女鬼
#十個
#安祖先牌位法
#超度

如果今天可以讓你高調的帥一次，你會選擇帥一下嗎？

某天好友跟我說他朋友家有點問題想要請教
於是我們就開了Line 群
原來事情是這樣的這位朋友家的祖先牌位要請去靈骨塔萬世供奉了
但因為過程中佛具店的人有出錯，所以他才不放心的再找人問問
我沒有職業歧視，但真的有一半的客人來自沒處理好的佛具店😂

因為我連這位客人都沒見過，牌位也沒看到，塔位也沒去過
所以我向客人要了一些基本資料後
便安排了時間啟動占卜之術，請師傅去查查他家祖先目前的狀況
看看他家祖先是否都安全轉移到目的地
師傅所給的結論是：「眾惡萌發。」
看起來這個客人的第六感蠻準的？！

就在我向客人回報狀況的同時
我家突然來了一個奇怪的鬼魅
一個穿著半西式辣妹裝的女鬼，懸著腳漂浮空中，一手撐在我家神桌上看著師傅的塑像
我想說客人家祖先這麼時髦嗎？全黑比基尼加蝙蝠耳？
怎麼看都不像啊～

接著持續向客人溝通下一步時
不知怎麼的聊到他家祖先的人數時，靈界就跟我說：「10個！10個！」
我內心無比糾結
因為我不喜歡說這種會被人類誤會的事情
因為這10個可能有沒被記載到的祖先，也可能是需要被處理的祖先人數
我只收了占卜費，我也不奢求每個來問的人都會找我處理
所以我對於事情的細節不是很在意，但我知道人類很在意
人類喜歡聽故事，我講的越生動，客人可能聽的更起勁，但客人根本沒有判斷的能力
神界的邏輯又很簡單，祂只說關鍵，同時你只能事後應證
但因為靈界狂講！是多在意這個數字？
於是我向客人說了：「有10個需要處理喔！」
客人有一點訝異的跟我說：「你怎麼知道總數是10人？」
我當然不知道，我就是聽什麼說什麼啊～～～
我真的只是一個傳聲筒

不過我之後有跟客人說一個重點啦～
你家祖先過的不好，除了重安祖先牌位外，最好幫祖先超度一下
我的一下不是代表還有下一次
是我花一下的功夫，保證你祖先不用再去超度
為什麼我這樣說？因為沒度好，我多睡兩晚幫祂改一改就好了
而且我通常都多改，改到超過原本祂可以去的階級
這有一個好處，下一個老師來，除非他比我厲害，不然都改不了我的安排
不過最後還是要等客人的決定啦～

聽說他要跟他爸商量看看
未完待續⋯⋯⋯",
173,2023/02/14 15:00:52,【神來也篇】,"【神來也篇】
#通靈人生 第13話
#助唸
#佛經
#聖經
#回家斷氣
#天龍菩薩
#鬼道眾生
#普門品

如果你兄弟姐妹命危了
你敢去助唸嗎？
助唸就是幫忙唸佛經的意思吧？！
聖經應該也可以
反正我不會去唸

上一集說的親戚就在發文的隔兩天要辭世了
我爸收到了去助唸的邀請
爸爸的好朋友跟他說：「你今年好像不適合去欸。」
然後我爸就打給我了
我當然知道爸爸的想法，他想去送親戚，也同時做出最後的幫助
但事實上我爸朋友的建議才是對的
但反正我是看得見啦，所以要去也沒什麼不可以
我只跟我爸說：「那唸完回家要過火喔！」
於是老爸就出門去行善了

我家上一次有人過世是我奶奶
不過那是我高二的事了
那時候還很屁，雖然已經看得見鬼，但對這種事也沒什麼想法，就讓長輩們去處理

因為親戚最近在院狀況不佳
所以前幾天就有聽說可能要安排回家斷氣的行程
然後就有人提議要加助唸

基本上沒功力的人唸的經都沒什麼用處
因為我唸過
我真的唸了會各界呼應
像佛經說的什麼鬼道眾生、仙人飛天一堆人來聽我唸
然後還會跟我說可以繼續唸嗎？
我十年前最後一次唸普門品時，唸到我翻白眼🙄️
因為當時是菩薩聖誕期間
我就想說也來試試聖誕誦經給我師傅聽
不是！
是誦經給師傅派駐我家的菩薩聽
結果要祂聽的祂不來
來了一堆亂七八糟的
神界、仙界的會站在我腰部以上的高度直到屋頂上、層層疊疊
不過祂們還算上道，是陪著我唸！
然後我的活人之力就跟祂們的光明之力一起在我家神桌前滾動燃燒
唸到我全身都是汗，跟跑操場一樣
腰部以下就是一堆鬼道眾生的空間了
當我們上界的人的熱力持續滾動發散之後
鬼眾們大概只剩下螞蟻高度的生存空間
其他空間全被神界和仙界的靈佔滿
我認真覺得像邪教的共修一樣
後來陳老師跟我說：「當然是比你低的才會來聽你唸啊，比你高的聽你唸的幹嘛？」
自此以後，我就不再唸了
神也是分階級的，弱的神也不需要多留心
因為祂還是神都跟不上我了

回到我們的故事
所以我爸當晚回來就來給我過火
過火時我爸身上是沒有卡到很多陰氣
但我看見我親戚家大概站了7、8個惡鬼
靈能力就是這樣
它可以超脫時間和空間
只要連結上了就會顯現，只看它以什麼方式呈現

聽爸爸說還有幾個親戚一起過去助唸
我匪夷所思這些長輩們的行為
因為有的長輩自己身體都不好了
還去助唸？！你應該沒有多的福報可以分給別人吧？！

有的人會說做好事沒關係，那我問你會捐錢捐到自己破產嗎？那為什麼敢去助唸？
有的人會說佛菩薩會保佑我們，你可以去問看看廟裡面唸經的師姐們，很多自己家裡都一堆問題喔！千萬不要以為廟裡的神不靈，是因為我們本就度不了神，我們只有被神度的分
試問你有本事唸國文課本教你的國文老師學道理、識字嗎？更別說對象是神了

未完待續⋯⋯⋯",
172,2023/02/11 15:00:52,【神來也篇】,"【神來也篇】
#通靈人生 第12話
#義氣
#正氣
#喜好
#因果
#菩薩指
#靈氣輾壓
#閻羅王
#冰的世界
#冰系法術

你是一個急公好義的人嗎？
我想我可能不完全是了
你知道怎麼樣能學會法術嗎？
基本上是「心」
什麼樣的心能學會法術呢？
答案是「正氣之心」
什麼是正氣？
天地無私、日月無欺是基本的正
所以正就必須天下為公嗎？
非也，通靈人依然可以有自己的喜好，同時還有因果可以保護我們

每個人的人生都一定是自己選的
自負一切成敗是注定的
遇上壞事、惡鬼某個程度上就像生病般，小病不治大病難醫

朋友常說：「你真的很能忍欸，看見了都當沒看見，怎麼忍得住不說真象。」
答案是因為看太多了，說了也沒用
還有說過就不再說了
神靈倒是很遵從「好話不說第二遍」的邏輯
畢竟緣分也只有一次
機會不會永遠出現在你身邊

在剛開始從靈界知道一些人的事情後
我也曾經非常熱血的勸告過一些人
不過當然有的聽進去了，有的當馬耳東風
就像醫生提醒病人，什麼做不得，但也不一定能避免病人不會更加嚴重，因為決定權仍在病人身上

最近有一個親戚家可能又要死人了
當年他家裡的惡鬼盯上了我媽
是我第一次用師傅教的過火之法解除的惡靈之力
記得當初我什麼法器也沒拿
就捏著師傅教的菩薩指爲媽媽過火
當下我看見師傅在我身後劃出一道厚實的靈氣牆，直挺挺的衝向媽媽的肉體
像是一種輾壓的概念
用靈壓擠出媽媽身上的惡氣
只記得過火後，媽媽跟我說：「我覺得手熱熱的欸！」
我覺得很特別，媽媽怎麼感受得到？
事實上，我是快流汗了啦😂

光明魔法的溫度都是熱的
依照對應的惡邪位階發出不同溫度的光明之氣
讓惡靈之力被熱氣衝潰，消散無形
達到解除惡魔法的效果

所有的黑魔法都是冷的
一種冰魔法的感覺，冰寒刺骨，讓人打冷顫
那仙人的冰魔法呢？
也是有仙人修練冰魔法的
但祂們的冰魔法沒有寒意，只有冰晶的效果
我看過的是閻羅王的使者所用
倒是沒看過天界的神明使用冰系法術

第一次見到親戚家的惡靈大約是我唸大學的時候
好可怕10多年過去了
事實上我這位親戚家也有拜神明喔！
而且以前還是很興旺的小廟
不過在我懂事後就不是了

所以在我剛開始學法術時
我也曾脫靈到他家去與祂家的神明聊天
記得以靈界的時間算起來
我應該認識那兩位神明30年的地球時間了
不過那神明也很老實跟我說：「我們現在很少回來了。」
我是很一板一眼的人，沒神絕對不拜
所以事實上我也很少去他家

最近親戚家又有人遇上了危險
事實上我一聽就知道了
但我卻選擇什麼都沒做
因為之前我們蓋家族墓時，他就跟我分內外了
只能說他真的太傻了
因為我的作法是，以我爲眾人擋下一切的惡魔法
這可是真的會法術的人才會做的事
因為我們本來就在靈界關係好
「打狗也得看主人」這句話在靈界也適用喔！
同時，我們會用轉嫁法術，轉掉自己的責任和負擔

所以簡單講就是靠關係改一些事情
因為事實上靈界超大
而且跟靈界有關的事，也改的很頻繁啊～
只是看有沒有找對人改而已

現在親戚的狀況不太理想
但靈界傳來的消息是⋯⋯⋯下一個已經找好了？！
不過一樣是他家的人啦～
他們遇到的問題是只會在自己家族內傳遞的厄運
我們旁系的沒那個關聯

通常一個學會法術的人就不一定這麼急公好義了
因為我們不需要再找人驗證自己的法術
同時，找惡鬼談有時候比較累，但人通常不願意多付錢給我們
但卻願意幾年辦一次喪禮？？
真是匪夷所思

未完待續⋯⋯⋯",
171,2023/02/09 15:00:31,【神來也篇】,"【神來也篇】
#通靈人生 第11話
#謁祖
#排車位
#神靈先行
#補行程序
#土地公會
#七爺
#仙派陰官
#彩排就正式來了

你是否也過著來匆匆去匆匆的忙碌生活呢？
即便是高高在上的神明事實上也是這樣過生活的

各位還記得我家土地公改戶口了嗎？
過了年就要準備在土地公聖誕前回祖廟過爐了
因為以往都比較慢回去
怕今年太忙，所以提早快半個月啟程

每次這種回娘家的日子
總是讓我前一晚睡不著
不是神明在打包行李或回娘家的伴手禮
是都有好多興奮的事情害我又睡不著
一大早起床土地公就已經坐在神明廳等我了
趕緊收拾行李，幫土地公穿上外衣我們就準備出發了

才上車沒多久
土地公就跟我說：「那我去山上等你們喔。」
然後祂就飛走了
真的很懷疑我到底在幹嘛？！
不過這就是人該做的

照往例來到客人工廠接他土地公
我家土地公靈識瞬間來到現場說：「好兄哥，等你啊～」
然後祂們倆就一起消失了
留下我跟客人兩個人在高速公路上塞車

想不到今年大家都這麼早回來謁祖
我們12:00到場就已經大排長龍
雖然總等待時數不久，大約半小時就等到了車位
但就在我們排到最後一個入口轉彎處時
土地公們就說：「那我們去謁祖了喔。」
看著祂們與祖廟大土地公的背影
我好想跟客人說：「我們回去吧⋯⋯⋯」
但我真的說不出口
因為我們該做的流程還沒跑完

等到我們停好車爬上山坡抵達祖廟門口時
土地公們都要散會了⋯⋯⋯
還好我是看得見
拿了香再把大家請回來走完儀式
當然是連大土地公都再請回來坐一下
不過因為剛剛祂們都談好了
所以事實上大土地公也就回來個10分鐘左右就又匆匆離開了

我們帶著飢餓的肚子趕路回到客人的工廠
先幫客人的土地公安座
這次總算有等我們了
當我們把土地公都請上桌，正式上香後
祂們才給了我們100分的微笑😊

最後我就自己帶著土地公回家去了
到了家土地公還是很滿意的跟我說：「今天行程很完美。」
完美就好～
祢好我們也好，不就是大家相聚的目的

像我們中午到廟時
三位土地公完全沒有等我們
因為祂們認定公事的條件已達成
祂們便先去洽公了
有的時候祂們的認定跟我們不太一樣

某次我在軒社裡大家要幫七爺慶生
當然是會吹奏幾首樂曲來祝賀七爺聖誕千秋
但因為當天是平日
大夥都是下班後趕到社館為神明祝壽
總幹事便提議先採排一下祝壽的曲目
結果彩排一開始
七爺本人就到場聆聽了

事實上我們社拜的七爺位階蠻高的
是仙字輩的七爺
一點也不像傳說裡的陰差鬼將
清聖的靈氣真的跟祂的身高很搭
不過彩排結束後
大夥正式來了！
七爺就走了⋯⋯⋯
留下我落寞的心
奏的真空虛！

不過大夥當然是不知道啦～
最後還開心的切了蛋糕
有時候當凡人也是不錯的
不用分心在意神明在幹嘛，我在幹嘛

未完待續⋯⋯⋯",
170,2023/02/07 16:00:57,【神來也篇】,"【神來也篇】
#通靈人生 第10話
#直接
#坦白
#老實
#出山門
#王爺
#祖廟
#萬法歸宗
#黃金

你是什麼樣個性的人呢？
你社會化完成了嗎？

雖然我和靈界打滾了將近一輩子的時間
但回想起來我大概是6年前被師傅安排踏出山門渡紅塵？的

事實上每個學法術的人一開始都無法確定自己學到了什麼
因為它摸不著也無法應證
一切只靠體會
要怎麼知道自己體會到的是真的？是對的？
當然還需要各方的確認

但這又是一套很複雜的功夫，同時考驗著人的心性
畢竟當人能掌握一些別人無法掌握的東西時
伴隨而來的很容易是自大或是剛愎自用
或許一開始的念頭並沒有錯，但要怎麼讓一個自負的人能聽見別人（ㄕㄣˊ）的聲音？！
這可就難上加難了

試想學會自己師傅的法術都不知道怎麼實踐了
如何開始接納其他神明的意見，最終成為一個完整的通靈人
這可是段精彩萬分的故事
當你體驗到這一切，真的會自此虛懷若谷，因為人真的很渺小

當年師傅為了引我出山門學習
默默的到處安排了一堆神明來考驗我
鬼考試不可怕，因為考壞了，師傅會安排重考
但神考試考壞了，可就不是隨便可以再來一次的
因為每個神雖然慈悲但也都很有個性，有能力的人沒個性是不太可能的，所以怎麼考過每個考試，再取得師傅的認證，就是學生路上的難題了

6年前的某一天晚上
我一如以往的晚晚回家
到家後只看見媽媽一個人坐在客廳
媽媽看見我就說：「我跟你說，爸今晚中副爐主喔！過幾天會有神尊請來我們家住一年。」
我當下帶著無比自負的優越感跟媽媽說：「擲那個幹嘛？！又沒用。」
這是出山門路上的不知道第幾組神明來敲門了
但我當時超不屑的
因為我當時已經跟師傅去靈界討伐過別人了
所以一心向師傅，大概就是個大花癡狀態
心裡放不下任何其他神明

每次我在寫故事時
事實上都一堆神鬼在看我怎麼寫
當然祂們都擁有更改我文字的權力
因為那是我們的回憶？！
當你認識一群一輩子，不！是永遠不會分散的朋友時，你真的會很珍惜的這種相處的感覺
就算祂是鬼也一樣

回到故事
原來我爸當年一次擲中了兩尊王爺神
還記得王爺第一天來我家時
就在祂安座的時候，怎麼擲都沒有杯，後來祂跟我說小調個東西後
廟方的執事人員就擲出聖杯，可以收工了

因為我師傅是佛教的神明
所以你懂那種佛教的無拘無束感
我對道教的神真的沒有很愛
尤其是像王爺這樣穿著全身戰甲的神明
因為我知道，師傅穿一條布出門也是可以打趴對手

不過當廟方人員走後
老爸帶著我們全家第一次拜王爺時
兩位王爺就都有來現場，而且我也知道祂們在場
原來王爺是這個樣子
這種姿態，這種神格，這種位階⋯⋯
那可能差我師傅一點喔？！

雖然我們的相遇有一點瑕疵
但王爺真的也是超有耐心的陪伴我
到現在連續六年了，再怎麼樣都一定會有一位王爺來我家作客

就在第一年陪王爺回去祖廟進香時
對我來說真的是開了眼界了
當年抵達了一個不知名的小鄉鎮
對方廟也派了陣頭來給我們廟接駕
因為我是走最後的開心信眾，所以我根本不在意前面在擺什麼陣頭
不過這間廟的神明也很特別，遠遠的祂就來叫我說：「看我一眼！」
我遠遠地看著一個神明自己坐在轎子上轉圈圈
這個動作可能看起來有點蠢
但祂真的穿了朝服坐在自己的轎子上轉

等我們入廟後
香客們都在吃廟方提供的點心時
我才發現剛剛的那頂轎子，事實上是一張藤椅綁兩根轎棍而已
而剛才上面可能一尊神像都沒有放
因為藤椅是人可以直接坐的那種款式，只是椅子頭有做一個可以插香的小罐子插香
所以剛剛我遠遠看見的那個坐在椅子上穿朝服的人就是這間廟的王爺本人😘
事實上台灣真的很多地方的神明都像白沙媽一樣愛坐轎子出門
但也很多沒坐神啦～

過了這間點心廟後
就到了我們王爺的祖廟了
只記得是排隊還是塞車什麼的
我們在廟門口站了快一小時
雖然我一樣是排最後的吃瓜群眾
但我又再次驚為天人了
因為祖廟的王爺長的跟自己的廟一樣高站在廟門口接我們請回來謁祖的王爺
好吧～
祖廟的王爺跟我師傅差不多位階
人就是這樣，好好講都不聽，一定要看到實力才願意信服

神明在人間大概最高位階差不多就這樣了
祂們具有一樣的靈界地位
擁有我們看起來一樣的修為
具有隨時可以讓人逝去生命或再活下去的能力
還有更多祈求著祂們的人和鬼

自從見過了祖廟王爺後
我也很有分寸的重新拿捏與王爺的態度
對了在此要說一件事
世界上所有的神所修的都是同一種修為
所以當通靈人能掌握這個能量的時候，就可以跟各種靈界溝通
從能量不滅定律來看這件事
所有的靈使用的能量系統是同一套
所以我學的法術才可以給各種靈魂使用
有一種「萬法歸宗」的感覺在裡面

如同人世間的道理一樣，黃金拿去哪都是資源
只是以不通的紙鈔樣式出現在世界上

有時候我的朋友都會跟我說：「你講話也太直接。」
因為有的靈界就不入流，學習共通能量的我當然不放在眼裡
因為祂拿的不是黃金，我拿的是黃金
祂到某些地方一定卡住，需要換鈔；但我的黃金可是可以直接兌換的
要是對某些惡鬼當然就更不用說了
因為鬼所掌握的能量，絕非任何一種靈界紙鈔

未完待續⋯⋯⋯",
169,2023/02/04 15:00:08,【神來也篇】,"【神來也篇】
#西方神鬼 最終話
#一神論
#獨立思考
#神旨
#耶穌
#亞當
#夏娃
#該隱
#趨邪氣法
#十字架法
#七燈法
#祝福之力
#聖潔之光

你認同一神論嗎？
從靈界的角度來看，是也不是
畢竟低階的靈無法窺探高階者的面貌
從低階來看根本無法斷定是否為同一神
不過即便同為一尊，分化後也都有獨立的思考，也像是家族的概念

就在我英國客人的症狀陷入困境之後
事實上我也沒有什麼想法
通靈人的定義就是等待神旨嘛～
畢竟我是人能知道的有限

我的工作就是每天敲鐘做功課等待神的下一步指引
記得半個月前的某天
師傅突然說：「進度要加倍一下！」
於是我從每天翻一張法典變成了翻兩張
然後幾天後師傅又跟我說：「今天要再多翻一張！」
雖然已經當了10多年的徒弟
但還是不喜歡唸書啊～～～
唸書真的是很枯燥乏味的

直到這幾天英國客人的麻煩到了手邊
突然發現接下來可以翻基督教法典欸～
頓時有一點開心
不過也沒多開心
因為我是異教徒祂們大多遠遠的看著我翻祂們的法典
不願意熱情的介紹法典內容給我知道
所以我也沒有多大把握能否得到什麼新的靈感

這次的法典從亞當開始⋯⋯⋯
亞當沒多理我😤
然後是夏娃
夏娃也沒理我😤
接著是該隱
疑？！該隱說話了欸！！

該隱說：「你是不是該試試看『趨邪氣法』？」
我想了想問祂說：「那該怎麼做？」
不過該隱失聯中⋯⋯⋯

幾個小時後我記得我在台北的路上騎著車
該隱突然又說：「然後再用『十字架法』搭配。」
我則跟祂問說：「我又沒有十字架？？」
該隱則說：「每個人都是十字架！！」

不過我今晚喝春酒欸
師傅說：「你就回家記得幫客人處理就好。」
結果我就用到了半夜2:00
先請師傅找耶穌來做主
然後跟耶穌說：「該隱教我趨邪氣法，再用十字架法鎮住客人的身體，祢同意吧？」
結果耶穌說：「再補了『七燈法』給他祝福吧！」
就這樣加點了一盞燈給英國客人祝福

事實上
我做的虛虛的
「祝福的聖潔之力」這麼祥和，邪氣會走嗎？

結果這幾天下來
好像效果還不錯
希望客人就這樣慢慢好了～
不然下一次再翻到該隱法典那一頁是幾年後的事情了",
168,2023/02/02 17:30:40,【鬼扣應篇】,"【鬼扣應篇】
#西方神鬼 第1話
#狹怨報復
#英國鬼
#腰部扭傷
#推拿
#顛倒空間
#四兩撥千斤
#蠻力

如果你被狹怨報復了，你還敢堅持發出正義之聲嗎？
好吧～
正義的定義或許不明
那就先不討論了

最近接了幾個猛烈的案子
但「英國的惡鬼」真的是蠻特別的
開始慢慢理解英國鬼的邏輯？！

第一次我為客人施法要送走他身上的惡鬼群時
法事結束的當晚
我只記得我的身體似乎被扭曲了一下
就是熟睡後身體大力被移動過的感覺
我當時大約有醒來0.幾秒
但很睏又睡了
身體告訴我時間大約是凌晨3:00多

當天一早起床就發現我的腰歪了
長短腳難以行走
惡鬼就是這樣，若要攻擊就會選你曾經受傷的地方，給予你猛烈的撞擊
想給我一個深深的報復？！
好啦～
我認識很厲害的推拿師傅喔！！

上班前先去推拿一下就好了
多噴了一次推拿費
但我不會妥協的，因為緣嘛～
而且打鬼很好玩！！

第一次法事後
當然英國的惡鬼們都慢慢退散了
但面對這種嚴重的案例
絕對不可能一次完成的啦～
你如果找那種只做一次的通靈人
一陣子後就又恢復原狀了

因為受傷的靈魂尚未恢復
受傷的靈魂雖然有肉體的保護
但惡鬼還是看得出來
所以還是有一定的風險
就像大病後免疫力還沒全部恢復一樣
生病後需要調養
被鬼纏身後需要被守護

就這樣四個月後
客人又開始犯症狀了
一連好幾天甚至整個星期
但我卻沒有一點頭緒
後來憑藉著基督教神明的幫忙處理好了
基督教神明教了我什麼下集待續

就在施法完的那一晚
我心滿意足的睡了
因為那晚我喝春酒回家後醺醺的開始了法事
為什麼這麼急著做？
因為基督教的神明交待的
祂們總是很會挑時間
挑一個惡鬼們不得不服的時間點
四兩撥千斤的化解一切問題
這就是神的共同邏輯
所以我那晚法事做到凌晨2:00才去睡

我是每天睡覺都靈魂出竅的通靈人
所以很常有朋友問我有在睡覺嗎？
我都會說有啊～
只是意識的睡眠時間很短
但因為有師傅的護持啦～
所以還撐得住

就在當晚睡著後
我一如往常的回靈界去辦我的事
辦什麼事不可以說
因為很神秘的
反正就在我的靈魂回家時
我記得是早上8:00多

當我回到我的房門口時
我發現有鬼在我房裡！！
那⋯⋯⋯我的肉體不就在裡面嗎？！
別怕肉體有生魂守護
於是我伸出我的靈魂右手往門縫而去
靈魂是可以扭曲的，所以我的右手像蛇一樣
從門板模進房內的門背
因為我知道那鬼就在門後

想不到祂也蠻厲害的
竟然發現我正用靈力穿過門板
祂立刻用全身的靈力壓住門板讓我的靈魂身體無法跟著手的靈魂進到門後
我真的是用盡了吃奶的力氣了但就是伸不過去！！

通常我都會將手的靈魂第一個放出去試探其他惡鬼
因為手裡有師傅送我的法寶
只要師傅發現我遇上危險，無法自己處理時
祂老人家一個念頭
我就可以動用祂的法術打趴遇見的惡鬼
所以我從不怕手先伸出去會被鬼切掉或是斷掉之類的
不過今天我的右手怎麼一直沒什麼反應？？
我只能靠自己的蠻力硬撐了

就在我使盡全身力氣把自己的靈魂塞進門縫的同時
就在下一秒我的頭就可以穿過門縫看到門後的惡鬼時
祂順著門板推動的方向，以開門的方向順勢使用了顛倒空間的黑魔法
我們兩個同時隨著門板移動的靈氣轉入另一個惡鬼創造的空間

一樣是一個白天的世界
長著像人一樣高的草原
暖暖的熱風迎面吹來
不太能理解這是什麼狀況
突然間兩個穿著冑甲的鬼衛抬著一張木桌向我走來
場景也幻化到了一頂白色的帳篷內
要吃飯了嗎？怎麼會搬桌子過來？

就在我還在疑惑的同時
那張桌子瞬間化作一台木車向我爆衝過來
我完全來不及防備
我要被撞上了！
我一定被撞上了！
就在驚恐之後，我掀開衣服看著自己肥嫩嫩的肚皮
沒事，沒事，我沒被撞到

一睜眼
我疲憊的從床上醒來
一半是昨晚混酒的疲憊
一半是剛剛和惡鬼使勁的疲憊
我坐起身來
惡鬼還在我的房間裡看著我
現在早上8:30欸，祢還不回英國嗎？
直到我10:00拜拜向師傅告狀
那個英國來的惡鬼也還沒離開我家

師傅真的是⋯⋯⋯
因為師傅不救度無緣的惡鬼
所以祂選擇不借我一點法力
但讓惡鬼的一切法術都傷不了我
這是師傅最愛的四兩撥千斤法
無奈我們何的狀況下
惡鬼往往選擇放棄
因為祂會發現祂使不上力
再糾纏可能就會遇上祂自己都不能知道的危險

英國鬼都一個樣
喜歡在被拆穿之後找施法者報復
而且很愛用蠻力

未完待續⋯⋯⋯",
167,2023/01/31 16:30:04,【神來也篇】,"【神來也篇】
#通靈人生 第9話
#初四拜財神
#降臨
#降落
#降肉
#接駕仙官
#馬的鬃毛
#銅罄
#一秒現形
#唸經消災？
#佈施延壽？
#吵紀念幣
#靠關係
#白手套

你知道神怎麼降臨在地球上嗎？
像英雄片一樣霸氣登場？
還是像九天玄女一樣？八百英尺？五百英尺？

就在財神力邀之下
我第一次約一大堆人拜拜
當然每一個都是經過財神同意的人選
但還是有一個漏網之魚啦～
但一樣抱著隨緣的態度
因為財神說：「這次不能收錢！」
可能算是一個回饋的概念？！
事實上通靈人某些時候也像是被靈界擺佈的旗子
只有跟對神明才有未來
只有走過才知道對的路在哪

當天我和大家約了早上9:30分
財神說：「這天日子不好，你們有機會閃過人潮。」
看來他真的很懂我
也很懂我師傅調教的徒弟的腦袋

因為財神廟是北部大廟
我超害怕人滿為患的，所以早早跟大家說：「請提早到！」
結果太早到了
還記得在來的路上，過橋時
財神便派了使者來接我

這是神明一貫的友善態度
只要你是祂今天所等之人
祂會在廟的周遭靈界關卡上佈下兵馬接待
屢試不爽
每間廟的神都做一樣的事情
這樣我就能更肯定財神一定在等我了
因為出發前，祂只說了：「日期、時間和人選。」
剩下的甚麼都沒說，也是會讓我有點擔心
就像今天客人問我：「我是第一次跟太歲叫板嗎？」
我只能說：「每個客人都是第一次，只是我經手過很多客人。」
因為每個人遇到的狀況都不一樣
沒有不變的做法
訣竅才是重點

就這樣我開始和早到的客人們開始罰站
吹著冷冷的春風
當天早上果真沒什麼人
我們一行人全都早到了！！

直到9:15左右財神才說：「請先拜遍廟中各爐。」
通常我拜廟只拜主爐
因為主神說了算！！
祂後面有觀音？祂後面有玉帝？那都是陪祀而已
就在我帶著大家緩步拜遍各爐時
每一個拜過的神明便派了一個神靈站在我的肩膀上，同時抓著我的頭髮繼續往下一爐走去
算算我的頭後大概站了四位陪祀神明
我頓時覺得我好像祂們的⋯⋯⋯馬，被祂們抓著鬃毛前行
結果直到我們拜完整間廟，財神都還沒說幾點要來
時間已經默默來到10:45分
原本站在我頭後的各爐神明也已消散回府
我真的很擔心財神耍我😂
因為我很討厭做沒有靈界回應的事
如果沒有靈界的回應，這一切都是白搭

大約在10:50左右
廟裏的師姐們準備開始誦經了
當有人敲響大殿上的銅罄時，財神說：「我要來囉！」
頓時我提高警戒隨時準備等待財神降臨
因為這個時候許願是最有用的
財神會記下你的願望，若之後你德行相符，祂會儘量實現你的願望
這也是財神要我請大家一起來拜祂的意義

然後⋯⋯⋯突然間，某一秒！！
財神就到了！！
我像發了瘋的人呼喊著大家：「走！拜拜了！」
神就是這樣！！
一秒出現！！
神因為法力高深，幾乎不走路
祂們都是要時光和空間走過來出現在祂身旁
但因為地球是具象的世界
祂們就像是憑空出世般，巍然屹立
頓時一切靈界都必須退散，某個原因也是因為這段時空目前被大神召喚走了
原本存在的仙道鬼怪都會先被排除在外
夠道行的稍後可以靠自己再回到這個時空內
就像真正的起乩一樣，一秒換神靈掌控乩身！

某些宮廟請神走紅毯的，事實上都有作秀的嫌疑
因為連鬼都不走路了
你家的神走紅毯真的是騙不懂的

財神神靈降臨後
便開始閱讀大家的新年願望
事實上每個大神來看人都會看一陣子
大約15分鐘左右
因為祂會親自看完每個人的狀況
然後賜下聖批
只要受邀信眾有認真生活，大神底下的執事神官，就會依照大神當初的聖批給予相應的獎勵
聽清楚前提！有好好認真生活
怎麼認真生活？做好你該扮演的每一個人世角色就對了！能考100分就不要屈就99分！
沒錯就是這麼硬！
你以為神的修為是混出來的嗎？
當然不是！！
自然祂也一定是先獎勵盡全力好好生活的人
當然要100分很難啦～但這絕對是正確的方向
不要再相信什麼唸經消災，佈施延壽了
每天唸經，然後心不清淨，拋棄父母家人，是對的嗎？
花錢就能求到福報，你以為在買贖罪卷嗎？

當天還出了一個小插曲
因為師傅跟我說：「點上財神的財神燈，財神會更用心！」
所以我們一群人全都點了廟裡的財神燈
突然間有人發現點財神燈可以拿紀念「兔」金幣
於是大夥開始排隊領取
但因為我是網路刷卡，廟方人員就說：「過年期間，未確認入帳，不予發給！」
我認真覺得超不合理！！
所以我就在櫃檯跟小姐理論
此時，財神還在看大家的名錄喔！
吵到一半，財神默默的跟我說：「你還要吵嗎？」
我用意念跟祂說：「是沒很重要，但我提問啦～等我跟廟方人員演完這段。」
然後財神就站在我屁股後翻命冊，等我吵完
真的是很不好意思😅
財神在工作，我在耍任性，下次不會了，在此向財神說：「對不起！（我知道祢在看）」

等我吵完再回到大殿站著
約莫11:20左右財神才拂袖而去
事實上這次財神大約來了30分鐘
應該每個人的願望祂都看完了
不過事實上我超擔心大家覺得我在耍他們
因為我們就是一直站著而已
但我要說：「我做法事也是一直站著而已，當然有加一點手勢啦～」
真的有效就這樣就有效了！！

那種跟信徒說擺三層桌，跪拜好幾個小時求東求西的邏輯我真的不懂
試問，今天靠關係走後門，你會自己去送禮嗎？都是白手套在接洽好嗎？
你親自去？誰認識你？
同理，求神，你親自求有用？那通靈人在通什麼？通靈人不就是那個白手套嗎？

未完待續⋯⋯⋯",
166,2023/01/28 15:30:20,【神來也篇】,"【神來也篇】
#通靈人生 第8話
#佛也發火
#二三四五佛
#年關
#人格分裂
#平安符
#護身符
#祭太歲
#觀世音菩薩
#藥師佛
#皮時太歲星君

你聽過「佛也發火」嗎？
只能說這真是一次奇妙的際遇

過年期間除了神佛們都在休息之外
還有可怕的年關駐守
許多人都會在年前後逝去生命
因為一年中最大的關卡就在年的這幾天

大年初二的晚上19:50分
我收到了客人突然健康狀況驟衰的消息
我看著Line 的訊息和剛放年假的慵懶身體，配上了佛也發火的師傅靈識
師傅的意思是她還有得救！！
我遲疑了10分鐘，因為我好懶😂

10分鐘後，跟著那句老話
師傅有事，弟子服其勞的意念來到了神桌前
開始了人生的第一次年節硬Call 大法
事實上其他大神們也都休息了
我也不知道這種時間找祂們會得到什麼樣的回應

聽師傅說：「祂是觀音的分靈之一，觀音是祂老闆。」
現在是以師傅的意志要向祂老闆們提出不同意見
我真的有點人格分裂的感覺了

首先請觀音來評評理：「收到的回應是，可以救。」
再請藥師佛來說法：「佛說有困難！」
這時換我有意見了，若是不行，當初那佛為何要我們救？
因為客人是幾個月前，某佛自己說要救的
藥師佛與某佛都是佛，何以現在出現了不同見解？
一個鐘頭後，藥師佛也同意了

最後來到了皮時太歲星君手裡
皮時竟稱：「難為！」
我整個很不開心，祢的上一任賀諤可不是這樣說的
經過了整整一個小時，皮時仍堅持不願改變
師傅則跟我說：「可以的，明天祭太歲！」
事實上，我也沒祭過太歲
聽起來是⋯⋯⋯請太歲硬改一下態度？！
就這樣睡前，再請觀音來作主，希望明天皮時會改變祂的堅持

第二天一早起床後
嗯⋯⋯⋯師傅還沒有要祭太歲的樣子
那我要出門玩喔？！因為我早約好了
結果朋友取消了😭
師傅接著說：「天黑了，可以出手了。」
再次請來觀音作主，把昨晚佛們同意的事再跟太歲說一遍
今天的祭煞紙錢有三種版本
1.基本款，佛說本來就這個數
2.優待款，佛說可以多一點給太歲吃甜甜
3.打趴款，佛說一次讓太歲閉嘴的份量
我直接選了「打趴款」，不然再論下去，我這個年根本不用放假了

祭壇開始後
皮時毫無懸念，直接同意了方案！！
那昨晚是在⋯⋯⋯？！
為了怕客人出事，昨晚我還夜間巡航去顧客人的靈識
但還好沒有其他問題
完成祭典後，就在初三晚上10:00燒化了紙錢

說也奇怪
客人說：「初三一早起床就好很多！」
但是當晚的祭典一樣不能停
真的是沒有放假感的年假
原本以為法事畢後就沒事的我
師傅又說：「做一個平安符去給客人，免得其他靈界又有什麼意外的見解！」
真的是⋯⋯⋯⋯
所以我又請來觀音蓋印
以觀音之名再做一個護身符給客人
師傅還說：「你出遊前，一定要拿給客人。除非他不要。」

就這樣我大過年來把客人拉出來見面
客人也很好奇到底是什麼這麼重要？？
我則跟他說：「師傅說有準備就什麼都沒事，沒準備就可能出現意外。」
客人馬上心領神會的說：「我懂。我懂。」

人類的身體由肉體和靈魂組成
只要肉體沒事，靈魂的好壞能改變許多狀態
事實上我依然堅持生病要看醫生
但有的人真的是卡到一些靈界的問題
所以只要解對「點」一切都沒有問題

第一次師傅找我跟祂老闆叫板
第一次我跟佛們發牢騷
第一次我很不滿應屆太歲星君
因為通常法事時，前面的說沒問題，太歲也都沒問題
想不到這次輪到祂當主考官了

未完待續⋯⋯⋯",
165,2023/01/26 15:00:11,【神來也篇】,"【神來也篇】
#通靈人生 第7話
#過年
#送神日
#初五隔開
#拜天公
#習俗
#謝平安

你知道神明怎麼過年嗎？
是不是像人類一樣爽爽放年假呢？

原則上神明們大多在送神日後就進入休假狀態
畢竟一整年休假沒幾天
有的人會說什麼人間一年天上一天
只能說我完全不能認同
因為靈界本無時間的意義，就永遠不會死了，計時做什麼？
所以還是人間的時間比較有意義
而且就像做生意一樣
如果在台灣做美國生意，當然也是要顧慮美國時間
不是絕對的，而是相對的時間

放假後，神明們會處於一種保留靈識的狀態存在神桌上
也就是原則上只聽、看不現身
若是完全放假就什麼也沒有了，只剩下抄錄靈官坐守

在此介紹一下神明最常顯示的三種狀態
1.本靈降生，是攜帶大量靈力駐足人間的狀態，通常將同時趨避一切鬼怪。
2.靈識化生，神靈將自己化作一個氛圍，監看一切狀態，通靈者可以感受到神靈的關心和注視。
3.靈識意生，神靈以自己的意念化作指令，當有人啟動成就條件時，即生靈界效果，通常法事是以此狀態執行。
4.仙官代生，神靈本身沒到，派下屬出席，通常拜天公或神明祝壽很常發生，因為天公蠻難約的。

但習俗卻是教人們在神明放假的過年期間一直拜拜
有時候我真的覺得好違和
神明放假日人們狂衝廟拜誰？

我家的習俗是除夕前一晚要拜天公謝平安
所以我當然會拜拜，只不過我習慣約看看天公本人來一下
畢竟平常也沒什麼機會找祂
神跟人一樣，也是可以培養感情的喔！尤其當你看得見祂

以往我都會準備些紙錢獻予天公
事實上神明本身不太需要紙錢
但紙錢的能量可以給隨從仙官分享
因為有事都是祂們在做，而且祂們神格也沒大神這麼強大，算是不無小補的小心意
要化給靈界的紙錢我都會請師傅賜我靈筆在紙錢上寫下收受者的名字還有我想說的話
不過因為年前忙翻，所以我等到要拜天公的當天上午才準備要進獻的紙錢

還記得師傅當時很直接的跟我說：「好像太晚準備了喔！有點不夠尊敬天公老人家。」
因為天公的時間很難約，所以前一天就準備好才是標準答案
這樣很忙的天公也好安排來看我的時間
不過反正今年已經來不及了
所以我準備過個「空拜」的謝天公儀式

當看得見以後，我還是會在意神明是以什麼姿態來見我
因為本靈真的太帥了～
號令天下的靈壓真的好讓人欽佩
萬籟俱寂真的是最能形容大神的詞語
世間一切都怕打擾了祂們的清淨

不過今年天公是以靈識化生的狀態來看我家謝平安
頓時覺得天公好貼心，師傅好嚴格
不過下次我還是會早早準備好以敬天公
像我現在就準備好天公聖誕的敬獻紙錢了😘

神明們通常都在送神日後休假
直到初五上班
期間祂們可以耳根子清淨一下、遨遊各世界，或是繼續趕公文⋯⋯⋯
當神真的很忙的！！
不要天天想當神，尤其是大神

但為什麼人們都初四迎財神呢？
答案是：「武財神很固定初四回來準備上班，其他管財的財神也有可能提早回來準備，但沒有固定是哪一天。」
就像我也沒有一年拜一樣
神跟人一樣
每年要的不一樣當然會調整作法
法術是活的！！
習俗跟什麼禁忌的聽聽就好",
164,2023/01/24 15:00:09,【神來也篇】,"【神來也篇】
#通靈人生 第6話
#年假
#初四迎財神
#降生廳
#世界佛母
#隨緣
#人間法
#萬法歸宗
#根本

大家年假放的開心嗎？
可惜我已默默開工
明天就是大年初四了
你準備好去迎接自己拜的財神了嗎？
雖然今年的年假似乎特別長
但千萬別以為神界跟人間界一樣爽爽過日子

在我向師傅學法的第三年就回到了天界的育化降生廳
每位降生的神靈都會在降生廳中留下自己原始的形象
且會在像後寫上
「人間界幾年幾月幾日出生」
「人間界幾年幾月幾日得道」
「人間界幾年幾月幾日歸天」
這段不在仙界的日子
元神像將交給世界佛母守護
但我覺得應該也不太需要守護吧
能來到降生廳的人少之又少
同時
雖然降生廳中的神靈都已降生
但還是可以跟原神像溝通喔！

原則上我只做神所交待的事情
因為世上太多穿鑿附會的做法了
某些做法在做時堂上的神佛根本不會理你
因為這些都是客製化流程
只有受到神囑的人執事才會得到效果
所以某個程度上我也頗質疑人間界的師徒制有何意義？！

也因為這樣我爸好久前就跟我說
我講的跟做的都跟別人不一樣
他還問我要不要再去找個人間的老師學學儀軌
雖然我當時沒有特別跟他說什麼
但我知道我聽得見看得見
只有瞎子才會照別人說的做
我可不能接受

回到初四迎財神的事上
事實上每年財神所排的時間都不一樣
就像人一樣只要祂有事也是會改時間的
像去年財神原本是叫我初二去廟裡拜祂
我直接跟祂說：「太多人了，我等開工再去看祢。」
對於我自己的事情，我總是看得很開的，然後帶有一點任性

今年大約過年前一個月
財神就跟我說：「初四帶你客人的媽媽來見我，她一生辛苦了，希望她能開始修心。然後還有其他客人。」
就這樣我第一次要約客人一起去見財神了
名單當然是財神一個個點的
兩小時前祂還再點了一個人
不過我也是只盡到通知義務不強求
畢竟有緣人得之
這是神仙們非常重視的邏輯

我的師傅是一個天上的神仙
所以祂對世間的繁文縟節大多不太在意
但祂的朋友很多神在地球上當神明給眾人拜
我不再找一個人間的老師是因為你花再多錢這個嘴巴上叫的老師也不一定多真心教我
萬法歸宗
只有法術的根本之神能決定一切
所以我選擇了靜靜等待
等待師傅的神仙朋友們親自教我「人間法」

法無止盡
為勤是岸
我昨天把除夕欠的功課也補好了
因為我想救一個人
有人問我都已經看得見了還要做功課嗎？
當然！
我是人，不是神！
我依然需要做好我身為人的根本

想求財還沒準備好的人快去準備
除非財神說會等你

未完待續⋯⋯⋯",
163,2023/01/21 15:00:24,【神知鬼識】,"【神知鬼識】

除夕夜
眾神休息放假
小編跟著耍廢
期待明年見～

不過鬼鬼是沒放假的
大家生活還是要當心",
162,2023/01/19 15:00:47,【神來也篇】,"【神來也篇】
#年關
#劫數
#健康
#財運
#陰陽調和
#神醫
#太歲
#星辰之力
#監督者

再過兩天就是新年了
你今年的功課都做完了嗎？
俗話常說的「年關」還真的有那麽一點意思

大約一個月前
突然來了一些趕年關的客人
也就是說，他的狀況需要在過年前趕緊處理
大部分這種客人卡到的多是健康問題
其次才是財運的問題

雖然說法術不能治肉體病
但畢竟這是一個陰陽調和的世界
肉體屬陽而靈魂屬陰
當肉體受傷時，靈魂也會受到影響
因此，若能事實調整好自身靈氣，肉體真的是有機會可以逢凶化吉的

幾年前我的人間老師「陳老師」突然一夜間中風了
事實上他看起很不胖，頂多是肚子有點明顯
在聽到他中風的消息時算是蠻訝異的
怎麼會這樣我也不太清楚
而且我的醫學常識也沒多強
所以我也就是去看看他而已

看到他時
我覺得雖然聽說是小中風
但比我想像的嚴重很多
我認真覺得或許不會痊癒了？！
但陳老師倒是很自在
他說：「晚上神醫都會來幫我醫。」
我很懷疑的問老師：「你怎麼會小中風？」
他很坦白的跟我說：「器官用久了，還是會老舊壞掉的。」
事實上他說的我也懂
因為我們通靈人，強的是靈不是肉體
肉體是現世界的產物
要照現世界的方式訓練才會變強

接下來的一大段時間，大約一到兩年
老師只要一有空就狂睡
他說：「多睡一點，神醫比較能有足夠的時間治療我。」
最後陳老師真的全好了！！
雖然這可能也不是什麼奇聞
畢竟受神明庇佑的人真的是蠻多奇蹟的

但當我現在接到身體有問題的客人時
我都會超按時幫他處理
因為人的運勢是活的
只要在對的時間補運真的可以避免掉許多厄運
所以我這年尾的一整個月都在幫每個客人趕件

因為接到委託後
師傅就會開始幫客人規劃
哪一天合他的命造
哪一天補上他的運效果最好
搞得我是每分每秒腦子都停不下來
因為師傅會一直提醒下一個要什麼？
然後因為他還缺什麼？所以要再加什麼

還好今晚就是最後一位了
做完我就可以放假了

在靈界為他人改運時
太歲事實上佔了一個相當重要的位子
因為祂們代表星辰之力
什麼是星辰之力？
祂們代表自然的運行
因為相當於自然的監督者
要改任何一個人的命運
是一定要照會太歲的
這個邏輯不論在東西方都是如此
只是西方會是某某星座來代表

就在我前幾天施法時
太歲星君竟然難得的跟我說：「沒過！」
我頓時滿頭問號
因為通常我會跟師傅說好
師傅同意後才會報到太歲那邊
怎麼突然被太歲駁回了我的申請案？

當然我是不可能看著客人的案子被駁回的
因此我便向太歲說：「有什麼沒做好的，要跟我說。」
結果太歲跟我說：「你這個客人的案子，現在來報是在趕過年，但我過年後就卸任了，找我也太使不上力了。」
所以接下的每個客人我都報兩個太歲
也就是今明兩年的太歲星君

後來的每一場法事
都多請一位太歲來蓋章
多很多次可以見到祂的機會
提早請太歲星君上班了！！
提早強制當朋友🤣",
161,2023/01/17 15:00:14,【神來也篇】,"【神來也篇】
#建醮
#爐主
#發財
#無奈
#放學接小孩

你家的神明會說要參加建醮法會嗎？
或是說你會幫你家神明報名參加建醮活動嗎？
原則上我是沒參加過
因為我覺得參與的意義不大

因為一場法會除了神明夠力外
主持者的能力也非常重要
神太強法師不夠懂也沒用
神太弱法師基本上不可能強

為什麼我這麼說呢？
我所說的可都是別人的親身經歷
就在我初出茅廬時
某年好友擲中了北部某大廟的爐主
好友當然是興高采烈的恭迎爐主
當年他也賺到不錯的收入
因此中爐主可以助財，我覺得倒是真有其事

爐主迎來當天因為我另有行程
所以不克前往觀禮
但因為好友家的神明是我的朋友
所以當晚祂就來跟我告知迎爐主當天的過程
也因此轉介紹了大廟裡的爐主給我認識

當時大廟裡的執事人員是一位乩童
祂做的好不好我並不知道
但某天因為廟中慶典
爐主神像雖未回到廟中，但祂的神靈有回廟，所以祂就帶我的靈一起回去看慶典
當下儀式自然是由乩身主持
但就在他專心一意的執行儀軌時
廟中其他神仙竟說：「怎麼還是沒做好⋯⋯⋯」
我好奇的問爐主神：「怎麼有神好像不太滿意他？」
爐主神淡淡的告訴我說：「也找不到更好的。」
這是我第一次看見神明的無奈之處

最近南部有一科超大建醮
我的朋友們好多人都報名請神尊參加法會
我則淡淡的看待這一切
因為大廟的神靈原則上一定比較強
但法會一樣會是由廟內主神主導
我覺得請自己家神去的意義不大

另外
似乎有聽過一種說法
好像參加建醮，神靈會變厲害？！
這個觀點我就暫存保留態度了
因為神的修為也是用修的
人為因素直接增強的道理我倒覺得或有瑕疵

雖然我沒有請自己的家神過去
但我還是幫朋友開車一起去接他們的家神
因為參與的神尊眾多
我們光排隊就排了一小時多才請到朋友的神尊

過程可就有趣多了
門口上百信士等著請自己的佛
同時現場滿滿的神靈也站在自己的主家身邊
等著自己的神像被迎出來
我頓時想到一個畫面，這根本跟在校門口等孩子放學的家長無異
實在是太有趣了
看著全場熙熙攘攘的人群和神靈
更讓我訝異的是，大家都好重視這個回駕儀式
真是讓我刷新了三觀
看起來參加建醮真的可以獲得什麼吧？！
因為神靈都是高等生物
他們不做無謂的事，也不浪費時間！！",
160,2023/01/14 15:30:08,【神知鬼識】,"【神知鬼識】
#送神
#清屯
#祖廟謁祖
#安神
#啟靈
#法相
#安爐
#熱爐法

明天就是送神日了
你清屯了嗎？
你會送神嗎？
讓我從通靈人的觀點來告訴你怎麼送神吧！

基本上除了神尊回祖廟謁祖以外
我都不會移動神像
各位應該知道第一次請回神像時會請老師來安神
為什麼第一次要找老師安，安過就可以自己移動呢？
我覺得這個邏輯完全不合理
因為安神的最後一個步驟是「啟靈」
也就是通知神佛可以上座開始發揮了

啟靈既是法術的一個步驟
就不是一般人所能洞悉的
而且說真的一般人真的知道神像擺回神桌後要怎麼擺嗎？
老實說我全部的客人沒有一個是擺對的
因為他們請來的老師都不知道神桌上的物品對神來說是什麼意義

所以清屯日我會拿一支全新的刷子將神像上的灰塵刷掉
我曾聽過有人將神像拿去水洗的
甚至把神相上的香油都洗掉
一定要記得！一尊神最重要的就是法相
法相是該神的根本
如果擅自改變神明的法相，很容易導致神靈退神，甚至引入邪靈

再來
一堆人說要把神爐倒出來整個篩乾淨
我就想問你的神爐當初不是也經過安爐的法事嗎？
怎麼安好爐後，你可以想倒就倒？
爐是神最基本的法器之一
像是人們的書桌也是神所執掌的祭壇中心
決不是一般人可以隨意倒出來整理的

不過事實上一般的老師也都不懂
因為安爐法還分熱爐法跟冷爐法
你請的老師知道自己在安什麼爐嗎？
我甚至看過有人安神先安爐的！
到底誰是主誰是客？
當然是先安神才安爐
客人們總跟我說：「佛具店教的。」
我真的很想問客人：「你識字嗎？」
他就說是佛具店了，只賣用具！

最後說到送神這件事
基本上不用做這件事
因為即便是大廟裡的主神都可能時間到就被換掉
像是太歲星君的概念
不用你送，時間到祂自會輪替
每個神都跟人一樣有獨立的思考與行事風格
不用主動提要送走祂
因為一般人無法確知下一個一定會更好

所以送神日到底該做什麼？
（1）將神像上的灰塵用新刷子刷乾淨，決不可以刷臉！但可以刷頭髮跟髮飾。
（2）將香爐裡的香腳拔出，爐中香灰維持內縮爐口的高度。
（3）燒香感謝神佛今年的保佑，不用請祂回天庭，供品隨喜。

希望各位都有更好的來年
從現在開始就算是要過明年了！！",
159,2023/01/12 15:01:02,【神來也篇】,"【神來也篇】
#通靈人生 第5話
#流年
#相命
#死亡
#重生
#衙役
#護衛

你準備好要過年了嗎？
是不是該排個流年了呢？
排流年服務新上市，歡迎有需要的人來排時間🤣

前陣子朋友問我會不會幫自己看命
我說：「不會！我都被管這麼多了，不想再知道更多。」
表面上看起來我是不想知道太多
但實際上是我自己根本就不知道怎麼算

為什麼我這樣說呢？
因為三年前我曾斷氣過幾秒鐘？！

事情是這樣的
某日早晨7～8:00時
我接到了一通電話，內容是我可以去社團接任職務了
於是我趕緊到了我爸的房裡向他說我的想法
當下他不是很開心於是開始跟我說他的看法
就在我老爹還在講他的看法時

突然間我失去了意識，眼前一矇黑
眼前出現了兩個穿著明朝衙役服飾的陰差
祂們倆聊著：「欸，死了，要收嗎？」
另一位接著說：「照時辰是要收。」
就在祂們話語剛落的瞬間
在我倒下的爸爸房裡的四周出現了四道黑色的人影
站在我身體11點鐘方向的黑色人影最明顯
就在黑色人影現身之後
兩位衙役便隨即消失而去

接著我開始依稀聽見爸爸喚我的聲音：「鬼磕頭！鬼磕頭！⋯⋯⋯」
我緩緩張開了雙眼
我發現我竟然躺在地板上
爸爸扶著我走到客廳坐下
當下我滿臉慘白，頓時可以理解為什麼鬼都這麼白皙
爸爸跟我說：「你剛才一下子就往後倒了，我趕快扶著你的身體，讓你往後躺，然後你就沒有⋯⋯⋯了，我趕緊一直叫你⋯⋯⋯」

如果我算是死過了
又活了過來
那我的出生到底該怎麼算呢？
因此，我到現在都沒給自己看過命
畢竟我自己也忘了那天是幾月幾號

在我躺下後現身的黑影
聽說是護衛持法者的兵將
我曾經見過祂們兩三次
但因為我現在仍是肉身
因此，祂們從不現身見我，卻是我衷心的護衛

未完待續⋯⋯⋯",
158,2023/01/12 13:39:03,【公告】,"我是鬼磕頭。在此，分享我所看到與遇上的靈界故事。

同時，也為有心改變的人，竭誠服務。",
157,2023/01/10 15:00:09,【鬼扣應篇】,"【鬼扣應篇】
#26樓的鬼屋 最終話
#點香
#名聲
#魔鬼
#厲鬼
#惡鬼
#小鬼
#補行法事

你認為舉行法事一定要點香嗎？
那你相信在鬼界也可以有名氣嗎？

第一天開始處理26樓的鬼魂之時
眾鬼是非常不屑一顧甚至可以算是有點反叛的味道
所以剛開始進行得還不算順利

好在我總是會做滿我該做的工作
讓神仙們有足夠的時間向鬼魂們展示我們提出的方案
目前為止還沒有遇過三爐香後依然拒絕的鬼魂
看見鬼魂們露出單純的笑容後
我才能放下忐忑的心，畢竟我也不確定是否有一天會遇上處理不了的鬼魂
依照師傅的教導
鬼魂們依照年紀分為許多階層
萬年以上的魔鬼
千年以上的厲鬼
百年以上的惡鬼
十年以上的小鬼
希望大家都能賣我面子，化干戈為玉帛

處理鬼魂們未來的同時
我必須為房子劃下新的結界
好讓進入的鬼魂能知所進退
但第一天儀式時，客人的弟弟並沒有回來開門
導致直到三爐香滿，師傅還跟我說：「差了。」

我趕緊轉告客戶，若是可以儘早拿到鑰匙，通知我來補做這個部分
就在我向客人說明完畢之後
師傅立馬微笑著離開了現場
像這種時候，如果客人之後沒有找我補做，那罪孽可就不算在我的頭上了
畢竟這是客人自己的選擇

兩天後
客人馬上約了我方便的時間，準備開房門讓我進去補行法事
通常正式儀式當天我會挑日子
但補行法事就是有空就可以了

再次踏進26樓的房子
我先觀看了一下幾天前的儀式目前進展的如何
就差在今日需要補行法事的房間了
這間房間離陽台最近
同時和陽台一樣具有高樓景觀
當下靈界的陰氣依然盤旋如舊
但房子裡的其他地方已經沒有陰界的影響了

我隨即手捻法指頌起密咒
將原本奄奄一息的陣法再次啟動
但還是花了大約一小時的時間才完成佈陣
結束後，我輕鬆的走到客廳準備離去
客人好奇的問我說：「今天不用點香嗎？」
我回客人說：「不用，我都做好了！」
就在我離開26樓的房子前
原本盤旋在弟弟房間的陰氣已全然退去
就在這短短的時間裡
鬼魂們的陰氣竟然全數退開
真是好識相

我輕鬆愉悅的站在門口向客人道再見
搭著緩慢的電梯往一樓而去
就在我抵達一樓踏出客人所住的B棟來到社區中庭時
自中庭上空傳來了厲鬼的聲音：「原來你就是臉書上那個鬼磕頭。」
我笑笑的看了祂們一眼然後就離開了

我做的法事只會辦到客戶所在那一戶
社區裡的其他戶和共用空間自然不是我的範圍
而這部分的鬼魂們也會繼續駐足
但當祂們知道我是誰後
我就更不擔心祂們想作怪了
因為我可是做口碑的

原本跟客人說好兩週後再脫靈來看看26樓房子的狀況
我看依照目前的狀況應該可以免了",
156,2023/01/07 15:30:34,【鬼扣應篇】,"【鬼扣應篇】
#26樓的鬼屋 第1話
#鬼也看景觀
#鈴鐺
#鐘聲
#陰陽之器
#四象鎮宅法
#意識法術法

你家住幾樓呢？
住在高樓的鬼有什麼不一樣嗎？

客人的辦公室最近面臨是否要續租的問題
於是我便徹底的了解了一趟他的狀況
想不到他家竟然住在26樓的頂樓樓層
除了山上的房子
這應該是我辦過做高的住家了

事實上客人之前要搬來時也詢問過我的意見
當時請示師傅後得到了「不可搬」的結論
但人生往往無法盡如人意
最終客人還是入住了26樓的房子

位處新板特區的大型建築
事實上也是一個磁場相當混亂的社區
因為客人急需一些好的契機
所以決定先從住宅開始著手

客人的住宅不算是很嚴重的鬼屋
因為鬼魂們只佔用了他視野最棒的前陽台
當我告訴客人前陽台很不乾淨後
他也回饋我一個經歷
他說他曾在深夜聽見位在前陽台的大門被開啟的聲音

睡在房子最深處主臥室的客人
怎麼能聽見深夜大門被開啟的聲音呢？
因為客人在大門把手上掛了一個厚銅鈴鐺
當沒被開啟時鈴鐺便會因擺動而敲響

鈴鐺是一種很招陰的物品
如果你家也有會隨時擺動響起的鈴鐺
建議您還是儘早移除的好
即便是寺院中的大鐘都不一定具有驅邪治鬼的功效
更何況是自己掛上的小鈴鐺

大家都聽過陰陽相生之理吧
像鈴鐺這種傳統的法器
只要沒處理好就一定是招陰神器
因為它本是連結陰陽的器具就看你怎麼使用它

移除鈴鐺後
我們便選了一個好日子要來送走房子內的鬼魂
就在出發前一晚
師傅突然提醒我：「每一個房間都要做到！」
我突然想起客人的弟弟不在家時都會鎖房門
因此，我趕緊聯繫客人，希望他要先跟弟弟拿鑰匙
結果當天果然沒有拿到鑰匙

在潔淨房子內的陰氣時
第二道法術是「四象鎮宅法」
它必須在房子最東、最西、最南和最北四方安下陣法
避免鬼魅再次登門而入
因為我無法踏進弟弟的房間，所以其中一角是以意識法術法處理
也就是以靈識驅動的法術

不過這次的處理結果相當不理想
法事結束前
師傅就要我跟客人說：「這間的鑰匙一定要找一天拿來開。」
就在客人應允後
師傅才滿意的離開祭壇，回返靈界

未完待續⋯⋯⋯",
155,2023/01/05 15:00:39,【神來也篇】,"【神來也篇】
#跨洲法術 最終話
#乩童
#台語
#英語
#靈界外語翻譯機
#哈伯望遠鏡
#退魔箴言
#梵語
#意念

你看過乩童說英文嗎？
你會好奇為什麼只會講台語的乩童能在起乩後用英文跟外國人交談嗎？

大約在幾年前我拿到「靈界外語翻譯機」後
就很期待我可以辦到外國鬼的案子
因為靈界翻譯機的功能說明裡寫著
「理解相異語言的鬼魂話語且自動翻譯閣下的交待」
翻譯機一條線接著我的腦袋
另一條線接著我的耳朵
沒有接著嘴巴，因為嘴巴在靈界是放大器的效果
靈界主要以意識溝通
是否發出聲音不是重點
既然聽聲音不是重點，為什麼另一條線要接著耳朵呢？
因為這樣能擴充收聽的範圍
目前應該可以聽到所有想留言給我的意識
有點像是「耳朵版哈伯望遠鏡」

就在完成妹婿的儀式後
我大概耍廢了一週左右
因為鬼魂是最沒誠信的生物之一，同時具備所有人性的缺點
因此，千萬不能相信祂的表示
所以我都會在儀式後一陣子關心客人的狀況
過多久時間則因人而異

關心的重點除了陪伴客人撐過危險期
重點更是放在看看鬼魂們是否有再跟上來
一者可能是該走的沒走跟上來
二者可能是看不錯跟上來想混過關的遊魂
這時候就需要專業的分辨了

至今為止大概有三次鬼魂再次跟上的紀錄
第一次是儀式後一兩週，這次是該走的還沒走乾淨造成的
第二次是英國過聖誕節，妹婿回家看媽媽跟上的
第三次是家裡附近的遊魂，因為看房子的鬼被送走了，想靠近來看看是不是也能分到好處的投機鬼

其中第二次是我非常懷疑妹婿會和鬼魅們連結上的關鍵因素
聽說妹婿的父親和弟弟都是意外身亡
但英國人的概念裡大概就是死了
或許沒有什麼超渡法會也或許是神父或牧師不夠力
導致家族產生鬼魂鏈鎖效果
一個一個纏上下一個人
但因為還沒跟妹婿媽當上朋友
因此，尚未得到最終結論

針對這三次儀式後的鬼魂擾動
我都是請妹妹在英國唸我「客製的退魔箴言」
箴言當然是中文
但是事實證明我所留下的中文，不需翻譯，對英國鬼具有同等效果
英國的鬼魂們都在收到箴言後，退卻了！！

我想這就是靈界翻譯機的效果了
我生之法不需要額外翻譯，放諸四海皆有效
如同某些高僧大德以梵文誦讀佛經一般
他們正在以最原始的語言學習經文中的真諦
但在法的世界裡
真的無所謂語言的分別
意念即是一切根本！！",
154,2023/01/03 15:00:36,【神來也篇】,"【神來也篇】
#跨洲法術 第4話
#佛教阿彌陀佛
#基督教阿門
#回教阿拉
#羈絆
#潔淨之力
#羊頭人

你覺得阿彌陀佛、阿門還有阿拉祂們關係如何？
人間的宗教戰爭對靈界而言又有什麼意義呢？

通常我會在與靈界達成共識後
開始為這次所需要的紙錢進行敕令的儀式
替身紙人也是同一個時間會準備好
在一般人的眼中我可能就只是把紙錢堆好而已
但事實上在靈界的眼中
這些紙上寫滿了陽世者與靈界的羈絆
當然也有滿滿的惡靈名稱

惡靈們會在名字被寫下的當下收到第一次通牒訊號
告知惡靈大限將至，請準備登機，回歸本位
看似平凡的紙錢在桌上經過日月薰陶之後會漸漸恢復平靜等待正式被啟動
由於我離妹婿實在太遠了
所以我多預留了幾天好讓法術飄揚過海到英國去

就在一切都準備就緒之後的第三天傍晚
在我下班回家走進家門時
師傅就說話了：「今晚要把英國的儀式做好。」
於是我一樣用通靈人的邏輯執行完整個儀式
不過在每個儀式的最後，我會補上「奉上帝與阿拉之名，以潔淨之力退卻一些惡魔與撒旦！」

以我所知，師傅是佛教徒，上帝是基督徒，阿拉是回教徒
但祂們並沒有什麼不合的地方，各自安分守己的管理著自己的靈界和子民
祂們看起來就像朋友一樣，也從沒聽過師傅說另外兩個人的壞話

英國的鬼組成真的跟台灣的鬼差很多
祂們好流行獸面人身的鬼怪，真的很像盜版牛頭馬面
不過祂們也是不露腳的喔～
跟東方鬼一樣都看不到腳
還有穿著長袍的黑暗祭司鬼
只能說祂們好像信撒旦教的樣子
整個臉都黑透了，還穿著深色教士袍，感覺更像殺人犯

祂們的數量則又是另一大賣點了
我應該已經3年沒遇過身上卡這麼多鬼的人了
師傅派下的靈界侍者光唸這些鬼怪的名字就唸了1.5小時
不過我是一句也聽不懂啦～
另外，還有一個神奇的事情就是⋯⋯⋯
原來撒旦跟惡魔不用超渡欸
我只看祂們被聖光吸走而已
跟其他要去報到的鬼魂不一樣

就這樣我的儀式做了2.5小時
師傅派來的靈界侍者唸名字唸了1.5小時
然後我燒紙錢燒了2小時
很多人說西方神鬼不用紙錢
我只能說那要看是誰給的紙錢！
你用那種沒效果的紙錢，連台灣鬼都不會理你
只要是錢都有用的，不然台幣怎麼換美金？
接下來就等妹婿慢慢好起來了

未完待續⋯⋯⋯",
153,2022/12/31 15:01:07,【神來也篇】,"【神來也篇】
#跨洲法術 第3話
#城隍廟
#戴枷鎖
#解厄去病
#病狀力
#獻祭
#替身法術法
#三仙壽金
#派兵將法
#犧牲
#復活

你看過有人去城隍廟戴枷鎖嗎？
你覺得自己有罪需要去戴枷鎖解厄嗎？
人們當然可以主動去懺悔，祈求神佛的赦免
但並不是每個人都有這樣的概念

好友妹婿是英國人當然更沒有這種機會
當時的他除了被鬼魂跟上之外
事實上他也已身負重病
對於有病狀力的人來說是一定要額外再幫他處理的
不然即便處理好其他部分，過了運
但身上的病厄解不了，也如同戴著枷鎖般痛苦

妹婿人在英國要怎麼幫他解厄呢？
對於這種狀況，只要找替身去代替他服罪過運就好了
但誰願意當他的替身呢？
當然不是拿什麼牲畜來獻祭
獻祭具有一半以物質交換的概念，並非完全的法術邏輯
在法術的世界裡，充滿了無限的可能，就看你有沒有學到這個法術了

妹婿的狀況是癌症後了
算是人間最嚴重的病之一
同時他又距我如此之遠
因此，我決定派出十二位替身到英國去，替他服罪解厄
在法術的世界裡，所有的數字都是有意義的，絕不是憑空亂選一個數字就可以用的
十二這個數，不論在東方還是西方都是一個很吉祥的數字
且具有一定的實力，能突破並改變許多狀態

那究竟誰要來當替身呢？
答案是創造12個魂，由祂們去代替妹婿受苦
而替身的肉體有很多種選擇
最容易就是紙娃娃了
以前我真的會認真製作紙娃娃
讓我創造的魂有一個像人的樣子
不過多年以後我也失去了做美工的興致

順手拿起幾張上面本來就有三仙圖案的「壽金」
我便開始敕令告訴祂們：「即刻起祢們即授命於天，為妹婿犧牲擋災，此行相距千里之遙，祢們路上要互相幫助，找到妹婿後，成為祂的受厄之身，不得有誤⋯⋯」
自此依附著壽金的紙錢上便會留下祂們的人形
祂們會在未被燒化前先去尋找妹婿
同時認領妹婿身上的厄運

有的人會好奇這些替身有意識嗎？
答案是：有的
祂們雖然不是一個完整的靈魂
但祂們仍有自己的靈識
因此能執行任務達成目標
只不過「替身法術法」的另一半精髓，存在靈界的「派兵將法」中
需要同時學會替身法術法和派兵將法才能製作出能達成目標的替身為他人解厄
當初我在學習派兵將法時也覺得非常的困惑
因為兵將們有一招「犧牲法」
我好奇的問師傅說：「祂們犧牲了，就死了嗎？」
師傅告訴我說：「這是祂的職責，祂會無限復活。」

未完待續⋯⋯⋯",
152,2022/12/30 15:00:12,【服務項目】,"【服務項目】
🔥過火600元/人。
（導正陽氣、除去陰氣，撞鬼一週內有效斷絕陰鬼鏈結。）

🎲占卜800元/問題。
（給予指引，作為人生路上有效參考。）

🚗淨車3600元。
（新車祈福制煞，車輛事故後潔淨晦氣。包含一切車輛器具。）

🪵退神4000元。
（結束供奉，未有去處的神像，儀式完成後，將火化塑像。）

👶剖腹吉時3600元。
（決定胎兒一生的關鍵時刻，冀望孩子平安有成就，同時家庭和樂、富足美滿。）

🫥取名3600元。
（取名，以八字四柱為基礎，配合五行靈動，命名順命。）

🧳取公司名4800元。
（公司名，以負責人本命為基礎，祈求事業昌盛、財源廣進。）

⬇️ ⬇️ ⬇️ ⬇️外出服務3600元起⬇️ ⬇️ ⬇️ ⬇️

🏠到府過火。
（為幼兒或行動不便者所提供的服務，疫情期間頗受歡迎。）

✈️夜間巡航。
（夜間脫靈調查靈界事務、與鬼魂談判，勸退陰鬼。）

🏛安神位。
（安爐旺廳，清淨神壇，自生旺氣，百事祥瑞。）

👺神明開光。
（新奉、原祀神明開光點眼，祭祀祖先神位啟靈。）

🧛🏻超渡陰靈。
（超渡身犯五鬼，解除靈體病狀力。）

👼超渡嬰靈。
（死胎、墮胎後，卸除母體冤親債主。）

🐶超渡寵物靈。
（生前受靈界干擾之寵物往生或為心愛寵物求取美好未來。）

🔮傳授法術。
（給予有心學習「真正」法術的人，以「純淨」之心修習萬法，渡世濟人）

⛩️連鎖宮廟、教堂。
（輔導宗教單位取得「無形」之力，解除信眾疑難雜症）

🏘陽宅疑難排解。
（至住宅確認狀況、擬定方案，保佑家宅平安。）

🏢商號疑難排解。
（至營業處確認狀況、擬定方案，保佑生意興隆。）

🪦陰宅疑難排解。
（至墓地或塔位確認狀況、擬定方案，保佑福蔭子孫。）

🌍全球疑難排解。
（不論您在地球的哪裏，皆能為您排除一切靈界困擾，助您早日重拾快樂幸福的人生。）

鬼磕頭Line ID：edwardsmoon 。
㊗️福各位福壽綿長、富足美滿。",
151,2022/12/29 15:00:49,【鬼扣應篇】,"【鬼扣應篇】
#跨洲法術 第2話
#人類密碼
#英文住址
#包山包海
#驅役鬼神
#關鍵所在
#討價還價
#靈界風光

你知道留下自己的什麼資料能讓靈界找到你嗎？
是姓名？還是八字？還是住址？
事實上只要有蛛絲馬跡就可能被找到
就算只有手機號碼也可以的

不過為什麼我向好友的妹妹要了這麼多資訊呢？
當然是為了萬無一失的確認他的狀況
畢竟她遠在英國
我們也從未謀面

很快的拿到了好友妹妹的資料後
看著永遠不能理解的英文住址
我好慶幸不是我要去找路，不然我一定迷路

從做生意的角度來說
我應該包山包海向客人說什麼都要處理
但因為能驅役鬼神就會知道這是不被靈界允許的作法
因此我便開始了初步交涉

首先要先搞清楚遠在英國的鬼究竟紮根在哪
以目前得知的狀況
鬼魂們可能依附在1.好友妹妹2.妹妹老公3.他們的房子裡
因此我先請師傅去英國看看狀況
這時候不得不說
當神仙真好不管地址怎麼表示
祂們都能找到正確的位子
經過師傅的調查後我確定了鬼魂們主要依附在妹妹老公的身上

每個被鬼魂纏身的個案裡都不會只有一處有鬼
但總有一處關鍵所在
如同解結一樣，若是解錯了順序可能多產生一個結
因此我便開始中階交涉
看看鬼魂們提出什麼樣的條件
當然是不可能讓祂們予取予求
我只做有意義的談判

三四天後
我大概理出了祂們所要的一切
大概就是比台灣鬼多出那麼一堆
但我覺得還可以接受
這時我都很希望客人不要討價還價
因為也不是我要拿的
還有一種愛跟鬼計較的客人
下次有機會再跟大家分享他的故事

為了確保我開出的菜單不會被鬼退貨
因此執行前我還脫靈去英國與鬼確認了一次
如果沒問題祂們就是帶我遊歷一下當地風光
這裡指的是當地的靈界風光
如果有問題就會直接加條件或是反應其他需求
總之目前看起來算是進展的蠻順利的

就等客人準備好其他必備物品
就可以開壇作法了

未完待續⋯⋯⋯",
150,2022/12/27 15:00:49,【鬼扣應篇】,"【鬼扣應篇】
#跨洲法術 第1話
#出國撞鬼
#專業
#家世
#台北東區
#塔羅牌
#姓名生日住址
#調靈法
#回歸本位

如果你身在國外撞鬼了怎麼辦？
你相信遠在他洲的人能幫上你的忙嗎？

年初和好友一別之後
因為大家都忙事業也沒有多餘的時間見面
好在我除了通靈之外還有專業在身
當然也感謝好友的信任
給我生意又請我吃好料

好友家世不凡
自然我也不會多提靈界的事與他分享
畢竟錢是這個世界很重要的資源
有錢真的選擇很多
但我當然也曾提過我的通靈能力

午餐後我們緩步在台北東區街頭
我們各自準備回公司繼續工作
也不知是哪一句話開始
我們聊到了好友的妹妹

聽說妹妹遠嫁英國
但最近似乎遇上了一些奇怪的事情
好友有點神神秘秘的跟我說：「之前妹妹有去算塔羅牌⋯⋯⋯⋯」
然後就沒有下一句了
好友的意思是想問我是否有辦法幫他看看妹妹的狀況
為了避免我的誤判所以好友不想告訴我塔羅牌算了什麼
好友更在意我怎麼樣能幫他確認妹妹的狀況
我則很簡單的跟他說：「給我妹妹的姓名、生日和住址就可以了。」

我記得當時我們正在忠孝東路和敦化南北路交叉路口準備過馬路
當天暖暖的初冬艷陽照的我們是暖暖的好不愜意
但就在我們剛過馬路話語未停之刻
就在我們踏入騎樓下時
遠在英國的鬼魅們便已悄悄的跟在了我身後
繼續聽著好友和我的對話

我心便知好友的妹妹八成已遇上惡鬼
依照靈界的規則
各鬼未必能過某路、某河或某個區域
更何況是歐洲與台灣的距離

但因為我有學「調靈法」
除非祢已回歸本位，否則這個世界上的任何一處
都有我的羅網
但我還是很認真的跟好友要了資料
為什麼都知道了還要要資料？
因為我也怕我的羅網網錯了人
要是送錯鬼
那我可就白做了
白白給惡鬼開了回家的門
同時好友的妹妹也不會有任何改善

因此，就等好友給我妹妹的資料，我再來確認一番

未完待續⋯⋯⋯",
149,2022/12/24 15:00:38,【神知鬼識】,"【神知鬼識】
#學法術
#初階法術
#中階法術
#高階法術
#怎麼學法術
#學法術要花多少時間

你想學法術嗎？
想不到蠻多人有這方面的興趣！
因此，我就來簡單的說明一下好了

以前我的師兄弟們每一個都是遇上鬼被鬼纏身的人
不過這麼多年過去了
他們也都不在了
是指他們不在學法術的這條路上了啦～
不是死了齁

目前就知道陳老師跟我是有學成的兩個人
是的⋯⋯⋯就我們兩個人吧？！
沒錯！！
事實上學法術是頗難的
畢竟學會後你可以知道同時影響一些事情
自然不是很輕易能學會的東西

簡單的敘述一下想學法術的流程：
第一當然是當事者有意願。
第二要選擇自己的目標，大概有三種程度吧：

1）初階法術：進入靈界的門檻，開始學習後，神佛會進入學習者的人生，給予相應的指引，可以學到靈界的知識，增強靈緣，算是一種自己修的境界。

2）中階法術：包含初階法術的一切，開始能驅動一些簡單的法術，作為法師的助手。同時，增強自身的靈力，避免靈界干擾，算是一位低階法師。

以前，陳老師所收的其他徒弟，大概就是這個階段的水準。

3）高階法術：包含前兩階法術的一切，能隨心所慾驅使法術，是法壇上的主祭者，能直接與神佛溝通，領會所有的法術，超脫宗教與門派的限制。

陳老師和我就在這個位置。

但因為授課的人是神佛，所以不排除有心者，可能跨越我所說的藩籬，畢竟，法術的根本來自神佛，祂們說了算。

第三就是繳費、宣誓後，開始修習法術了。

學法術每天要花多少時間？我覺得至少10分鐘吧，如果一曝十寒是很難有進度的。因為我可是從小學到現在，出社會後真的時間比較難調配，想學的人真的自己要有恆心。",
148,2022/12/22 15:00:13,【神知鬼識】,"【神知鬼識】
#冬至
#吃湯圓
#拜拜
#許願
#新年
#鳳梨酥

今天是冬至你吃湯圓了嗎？
這麼多民俗節日，你知道哪個要過哪個不用理嗎？
來聽聽通靈人怎麼過冬至吧！

眾所週知一年分作年頭和年尾
每當年尾到來就是準備迎接新年的時刻了
冬至也就是這個「新的一年起最早的祈福節日」當然是一定要過的！
每年都一樣，不會有年格不同需要調整的問題

如果家中有供奉神佛或祭祀祖先
記得一定要在冬至這天拜湯圓
而且在冬至當天的子時起拜更逢正時
湯圓一定要用傳統糯米做的那種紅白湯圓
祂們很喜歡小湯圓，且從未要求過要吃包餡的大元宵
晚上拜不了記得白天一定要拜了再出門
大部分的節日都是在比早的
越晚拜就越沒有拜到精髓了

祭祀文則主要放在新年的願望了
祈求來年越來越好
不用再一直感謝今年的保佑了
因為感謝保佑的日子已經過了

對於家中沒有拜拜的人來說
冬至又該怎麼過呢？
我的客人每天都忙到翻根本沒時間煮湯圓
我就要他前一晚買個鳳梨酥
冬至當天早上吃了再去上班
雖然沒有可以膜拜祈福的對象
但吃點甜給自己的靈魂一點好兆頭也是有意義的
畢竟此生與我們作伴最久的就是自己的靈魂了

如果今年你沒有過冬至
明年可以考慮過一下
因為通常沒有人願意少一次許願的機會
希望各位看官都越來越好
一節比一節有餘
一年比一年富貴",
147,2022/12/20 15:02:07,【鬼扣應篇】,"【鬼扣應篇】
#詛咒
#恐怖電影
#無解
#癌症
#喪男丁
#輪迴

你覺得什麼是詛咒呢？
詛咒真的像電影演的一樣無解嗎？

某天弟媳突然找我問了一件事
她說：「姑丈最近被確診癌症末期，恐怕時日不多。聽說幾十年前，姑丈的父親也是癌症過世，現在又輪到姑丈得了癌症，奶奶聽了很是擔心，怕是房子有問題或是有其他問題，不知道會不會影響到姑姑，所以請我來問哥哥看看。」
我則回應她說：「那房子確定有問題，那鬼正在聽我們對話，跟姑姑說一定要找人去看，不找我是沒關係的。但姑丈的癌症末期就算處理好也不一定有直接的效果，只能期望處理好後保護還活著的人。」

事實上從對談中
我就知道他們的狀況拜再多廟都不會有用的
因為鬼太兇了
這可不是幾炷香可以解決的問題
但多說無益
畢竟她只是來問問
但從他們的過往就知道
這種人通常應該很難救
或許他們不相信鬼神
也或許他們有其他的考量
但我只能說：「遇到鬼同住，你會出事是早晚的問題，信不信都是自己的選擇，也怨不得別人。」

幾週後
弟媳跟我說：「姑姑他們決定不處理。」
事實上這是我意料中的事
不過在此同時
那房子的鬼跟我說：「還是不理我！！你跟她說，我會等著他的孩子長到這個歲數，再讓他死，我永遠等著他們。」
我則冷漠的跟這鬼說：「欸，祢有事嗎？我怎麼可能說這種話，不知道的人還以為是我詛咒他勒！」

人生有許多巧合事實上不一定是巧合
就像這位姑姑家的狀況
男人總在50歲左右過世
就算是中樂透也沒有這麼準的吧？
詛咒並不可怕
可怕的是不願面對的人
如果你的人生有像奶奶一樣的貴人提醒你一些事
記得多聽聽老人言
每個人的靈魂都在幫自己的人生找出口
只是體現的方式不同而已
沒有不解的詛咒
只有不小心的人

一段時間後
聽弟媳說姑丈過世了
希望他的孩子可以擺脫這個詛咒的輪迴
活出自己的人生",
146,2022/11/24 15:00:52,【神來也篇】,"【神來也篇】
#祖廟
#過爐
#土地公
#福德正神
#遷戶口
#改籍入祀

你也有拜拜的習慣嗎？
那你會請神像回祖廟過爐嗎？

我家第一尊供奉的神明就是街頭巷尾無所不在的土地公
當年是父母從台南大廟分靈而來的
網路上有人在細分「分靈」跟「延靈」的差別
說真的只有看不見的人才會在意這種人間的定義
所以請不要糾正我的用詞
看得懂靈界才是重點，拘泥文字沒有實質意義

因為通靈嘛⋯⋯
自然聽得見神明的意思
那當然祂沒意見就是人可以自由決定的時候
所以事實上我曾經有很多年沒有回祖廟過爐了
大概3～4年前一個因緣際會下
土地公突然跟我說祂要回祖廟過爐了
嗯⋯⋯⋯台北到台南真的蠻遠的
不過都被要求了，當然是一定要排時間去

這時候就要說說靈界的現實面
如果你看得到祂們，祂們自然也敬你三分
畢竟大家有這層特別的緣分
也就是說，只要你請對愛你的神佛
祂真的是會特別關照你的
但請錯的當然就沒這個可能了

然後我有一個好客人他是分靈中和烘爐地的
事實上我以前去過烘爐地幾次
基本上那個土地公完全不鳥我
為什麼我看得見祂還不鳥我？
這有兩個原因
第一個祂跟我無緣或緣分未到
第二個祂不想理我

請不要懷疑神是可以不理人的
必經不理你祂一樣是神
所以當初第一年接我客人案子時我也七上八下
如果當場烘爐地土地公不理我
那我收錢就等同騙子了
而且很難下台

但還好我師傅人緣很好啦
因為客人的關係我也跟烘爐地土地公產生了交集
就這樣也陪客人去了烘爐地幾年
我客人後來每年請他土地公回烘爐地過爐都會約我一起去
我猜他也發現我的功用了吧？！

很突然的今年年初客人要請我陪他和他土地公回烘爐地時
我家土地公竟然說：「我也要去。」
而且天天講喔～
講了整個禮拜，當然就帶祂一起去了
事實上我當時真的覺得很不好意思
因為我家土地公的裝扮跟烘爐地的裝扮有很大的區別
但反正只是回去一下
正所謂我不尷尬就是別人尷尬

雖然年初有請我家土地公上烘爐地了
但我一直記得今年還沒回台南祖廟
剛好今年突然忙碌了起來
搞得我真的是還沒排出時間請我家土地公回台南祖廟過爐
結果很突然的我家土地公竟然跟我說：「下元節前一天請你客人土地公陪我一起去烘爐地，我要改入籍烘爐地。」
我⋯⋯⋯滿頭問號
土地公是認真的嗎？
但離下元節只剩4天了！！

先問看看客人的意願吧
還好我平常有積陰德
客人馬上答應請假載我們一起去
人的部分沒問題了
但怎麼改神的戶籍？！
就此開始了奇妙的對談
事涉商業機密「無可奉告」
抱歉了各位看倌

遷籍當天ㄧ進廟門
我就偷偷跟客人說：「有什麼願望等一下快說！」
因為土地公們請出了烘爐地的二把手土地公辦理正式入籍
自此我不用每年請祂老人家回台南了
謝謝土地公的貼心善舉
但祂有說：「需要回台南的時候，我會再跟你說。」

此外，出門前我家土地公就交代：「明年我們要回去烘爐地兩次，記得請上我大哥，不論發生什麼事，都一定要做到！」
神界也這樣稱兄道弟的齁？！
真是第一次聽到

下次再跟大家分享為什麼要請神明過爐？
㊗️各位都身體健康、心想事成",
145,2022/11/05 15:00:32,【鬼扣應篇】,"【鬼扣應篇】
#景氣不佳 最終話
#老師
#驗證
#地獄專車

你有請過老師嗎？
那你對於老師所說的話是否也懷疑過？
我想這是很基本的
畢竟就是看不見才找老師
至於老師怎麼做，大多只能聽話照做吧？！
然後再事後驗證結果

為什麼我說客人所供奉的土地公聖氣沛然
卻還需要我去幫忙排除陰氣呢？
我想這是一個很基本的問題
如果所有的事情都拿香拜拜就拜得好
那世界上就不需要通靈人了
靈界自然也不會在派出通靈人到人間

真正的神雖然能力強大
但也需要通靈人當作媒介
讓自己的想法或作法在世間發生
如同要煮飯就需要買食材回來烹調
這是想與做的分別
土地公雖然知道怎麼排除陰氣
但沒有人來做的話，當然沒用
只是這個「人」就至關重要
正所謂「好的老師帶你上天堂」說的真是貼切

就在我為客人敕好化解陰氣的紙錢後
客人問了我一個很合理的問題：「會不會燒了這批紙錢又要再一直燒？」
也就是陰界呷好道相報的概念
一個牽一個，那我就有收不完的錢，客人就有付不完的錢，陰界也有領不完的紙錢了
我只能說用這種伎倆的老師不是沒有
有時候甚至不是那個老師的本意
而是他自己也不知道怎麼處理
我則跟客人回說：「不會欸，因為敢報下一團陰氣來，燒掉的紙錢馬上會變地獄專車的車票，我可不是初出茅廬的小老師。」

最後
雖然大雨延遲了我處理的進度
但靈界的人都非常現實
只要祂知道你願意幫祂處理
原則上祂一定會等你
雖然人間還是有很多被鬼魂玩掛的人
但說真的祂一定不是故意的
因為你死了祂一樣要再找下一個人
若能在你身上有所收益
也不枉祂努力了這麼久

希望大家都遇到誠信實在的通靈人",
144,2022/11/03 15:00:24,【鬼扣應篇】,"【鬼扣應篇】
#景氣不佳 第1話
#無薪假
#土地公
#靈界羈絆
#無形阻礙
#燒紙錢
#高抬貴手

你公司最近生意怎麼樣？
聽說最近景氣不太好欸

大概一兩個月前偶然和台南高雄的朋友聊到工廠的景氣狀況
聽說好多工廠都放無薪假了
所以我便關心我的台北工廠客戶生意如何？
結果他跟我說：「嗯，景氣不太好，但⋯土地公公強大，我們只有幾天工人沒什麼事做，其他都算穩定。」
突然覺得土地公真賞臉😂
明年真的要二進了吧？！

一個月後的某天
台北的工廠客戶突然跟我說：「最近公司開始生意冷清，差不多一兩個禮拜了，生意就是一下好一下師傅沒事做這樣，請問除了跟土地公公拜拜我還可以怎麼做？大環境聽說也不好。」
我則跟他說：「快約我去工廠走走。」
因為穩定的公司會突然生意出現狀況
有可能就是靈界有什麼異動
只要解得對點
應該很快就會好轉
就這樣我們約三天後去工廠看看

到了工廠
先上去跟廠內的土地公上香致意了一下
然後開始工廠閒晃之旅
說真的我看房子超快
如果你沒問題，我10分鐘就看完了
所以請把握可以聊天的機會
一刻鐘後回去見土地公
事實上上香時就是請土地公回來匯報一下狀況
然後聽聽祂老人家有什麼建議

客人的工廠當下看起來是有外在的陰氣阻擋了工廠的生意
有時是大環境的影響、有時是工廠運勢的起伏都有可能
但土地公看起來依然聖氣沛然相信祂老人家過得很好
於是我開始跟土地公討論要多少紙錢可以擺脫這團門口的阻塞之氣
土地公一開始跟我說：「6份。」
我跟祂說：「這麼多喔！我看5份差不多吧？」
但土地公跟我說：「5.5份最剛好，但多留一點比較不會有意外。」
就這樣價碼敲定，可以回去準備處理了

但晚上客人就發問了：「我們不是每個月在燒發財金和移星轉斗的紙錢，為什麼還要再燒新的紙錢？」
我則跟他說：「平常你會吃B群保養、增強自己的健康，那感冒時，你會不會看醫生吃藥呢？」
如果不嚴重當然不用吃藥
但有妨礙就應該吃個藥好得快
人生很長，絕不可能一帆風順的
有方法才是人生的關鍵

因為本週雨神同行
因此我也沒辦法去準備紙錢處理
所以又拖了5天才把紙錢開好
開好紙錢的那天我就問客人：「這週生意有回來嗎？」
客人很直接的跟我說：「有啊！」
現實的靈界就是這樣
只要你有心跟祂好好講
祂一定會高抬貴手
逼死你對祂一點意義都沒有
因為祂已經死了
除非你找了一個騙人的老師，再怎麼講都不會有用

未完待續⋯⋯",
143,2022/10/29 15:00:49,【鬼扣應篇】,"【鬼扣應篇】
#鬼旅館
#旅館鬧鬼
#籌備會
#照鏡子
#靈眼
#中暑
#廁所燈

你有在旅館撞鬼的經驗嗎？
那你會跟櫃檯要求換房間嗎？
但如果今晚飯店客滿，你又會怎麼辦呢？

幾週前和社團的朋友們一起去高雄辦活動
因為是年終活動
所以我們辦的特別盛大
近150人分成了好幾組行動
就在第一天我們眾人都累的快崩潰時
還是被總幹事集合到了飯店地下一樓的會議廳，進行隔天正式活動前的最後一次籌備會

就在籌備會結束時
已經快要凌晨一點
朋友拿了她的手機給我看
她男友陪她一起來高雄，但因為她男友不是工作人員
所以她男友早早就睡啦～
畢竟等人也是蠻無聊的

但她男友卻在12:30左右傳了訊息給她
她男友聽到有人開門進她們房間
然後那個進房門的人說：「這麼早就睡了喔！」
然後原本熟睡的她男友似乎清醒了一下
但當他環顧只有他一人的房間時
他傻眼的將這個過程用訊息傳給我朋友
因為我朋友知道我看得見
所以她第一時間把Line 對話紀錄拿給我看
而我也在對話紀錄裡看到了鬼的意念
我朋友著急的問我怎麼辦
我則假裝沒事的跟她說：「那我們一起回妳們房間看看，說不定鬼走了啊～那就沒事了。」

事實上這間飯店我不是第一次住
雖然知道這裡鬼蠻多的
但從沒看祂們現身過
當晚我住的是七樓
而朋友和她男友住的是八樓
我們便從地下一樓直接往八樓去了
就在電梯行徑間
我還在想，如果等一下進房，鬼還在房間裡，我該怎麼處理？
當天是星期五晚上，就我所知，飯店客房全滿，凌晨一點如果要換飯店又能去哪呢？

反正我還沒想出答案
電梯就到八樓了
然後我們進到了朋友的房間
只看到她男友開著門口的玄關燈
其他的電燈都關著
而她男友自己則戴著眼罩背對著我們熟睡著的樣子
我開玩笑的問朋友說：「妳男友不會剛剛看鬼片，自己嚇自己吧？」
朋友則說：「他比我更怕鬼，根本不會看鬼片！」
我會這麼問是因為我知道我朋友也怕鬼
如果鬧鬼鬧的不嚴重
我常選擇隱瞞當事人
反正我可以打發鬼，但當事人的恐懼可就沒這麼好收拾了

說完了話
我悄悄的環顧朋友的房間
房間裡一切正常
為了不打擾她男友睡覺，我們也沒多開半盞燈
就在我打開漆黑的廁所門時
我看見一個活脫脫的鬼魂正站在廁所的鏡子前照著無法映出祂面容的鏡子
為什麼這麼黑我卻看到這麼清楚？
因為靈眼是一個神奇的東西
它不需要燈光的照射也能清晰的描繪出靈界的現況
同時還可以用靈語補充其他資訊
就在我看完漆黑的廁所關上門後
我平靜的告訴朋友說：「沒事啊～沒東西，那我要先回房間了喔！」

關上朋友的房門
我回到了自己的房間
事實上我也累爆了
而且當天我還有點中暑症狀
所以我非常不舒服
雖然我回房間了
但我仍在想我到底該怎麼幫一下朋友
不然等一下2:30開始那個廁所的鬼可能會開始動作
就在準備躺床休息前
我的靈魂告訴我：「跟她說，今晚廁所的燈開著，就沒事了！」

隔天一早
朋友和她男友比我還早下樓用餐
她說：「昨晚我沒睡好，醒來了幾次！」
我則跟她說：「沒事啦～」
早餐時
朋友和她男友都沒有被鬼跟上的樣子
用餐後我們就要退房了
還好她們沒有要多住一晚
不然我又要想該怎麼騙她房間沒鬼了",pic\560845216045373.jpg
142,2022/10/26 10:31:30,【公告】,"我是鬼磕頭。在此，分享我所看到與遇上的靈界故事。

同時，也為有心改變的人，竭誠服務。",
141,2022/10/20 15:02:54,【鬼扣應篇】,"【鬼扣應篇】
#書局鬼
#角頭鬼
#鎮宅箴言
#護身箴言
#度厄
#有形無形
#陰陽相生

上個月關心了同學家的狀況
之前被書局鬼母女找上的那位同學
因為當初他剛被鬼魂盯上
我便只做了勸退鬼法
畢竟鬼魂只到門口就不需要太大力處理

但因為書局鬼母女是地方型惡鬼
也就是當地的角頭鬼
生生世世都會在該地徘徊的那種
因此過一陣子就要看看祂們有沒有捲土重來的跡象

在和同學通過電話後
發現鬼氣又再度依附在了同學家的客廳上方
因此我便給了同學鎮宅箴言讓他可以用箴言之力再次打消惡鬼的念頭
鬼就是一種不頭破血流不太會轉彎的生物
所以如果沒有持續削弱祂很可能會有被反撲的一天
但當祂持續受到阻礙就會選擇轉向
那同學就度過此厄了

人生中會有無數厄運
只是它的形成原因不一
不論用什麼方法
度過了就沒事了
如同命運一樣有週期的循環
不是深仇大恨結下的惡緣
都有時間限制

有人可能會說怎麼不直接送走祂們
事實上要送走祂們也是需要緣分的
若祂確實纏上某個人類
我才有以當事人之名解除惡緣的正當理由
像同學這樣只是剛被盯上的
不太可能就此超度這群薄緣冤孽

在授予同學鎮宅箴言後
我依然會關心一下同學的狀況
因為箴言之力會因為我的關心更加強大
讓惡鬼產生被制約的窘境
一陣子後
祂們就會選擇換個目標了

之所以使用箴言對應鬼眾
是因為與一般的貼符相比
箴言同屬無形之法與鬼眾更能相應
所以會有直接迅速的成效

傳統的符紙往往具有指向性的缺點
同時效力無法持續
以有形對抗無形則相形見拙
以無形對抗無形方對症下藥

由於因為同學與父母住在同一個社區
當初也沒跟同學說清楚是鎮宅箴言
因此他連在父母家都唸鎮宅箴言排除髒東西
我則提醒他這個只能在你家用
換地方用可能會反噬招陰
因為我當初也只有在他家立下結界
出了結界可就不是這個意思了

在法術的世界裡
可陽即可陰
陰陽相生
生生不息
若是用錯方法可是會得到完全不同的效果",
140,2022/09/29 15:01:01,【神來也篇】,"【神來也篇】
#通靈人生 第4話
#宮廟
#轉介紹
#印璽
#濟公金身
#墳墓

你也有一間宮廟嗎？
你的宮廟提供什麼樣的服務呢？
是廣結善緣、隨喜參拜
還是人煙罕至、過一天算一天

有一間宮廟
雖然放了很多神像
但卻沒有什麼在運作的樣子
廟主為人單純海派
但卻對於宮廟之事不是很純熟
廟裏也沒有替人辦事的服務
也可以說有一些辦不好的事
在一次因緣際會下我們便認識了

之前廟主也學過一些法術
不過不是每次管用就是了
因此他開始重新學習法術
同時把他有問題的信眾轉過來給我處理

在處理的過程中
由他出面去和信眾溝通
我則在後作為他的技術指導
以他目前的進度看來
大約需要5年的時間
他才能開始獨當一面
但至少他的宮廟可以正常運作
他也不用到處轉介紹自己的信眾

在練成的路上
會有許多的奇遇
在此分享一下我自己的進度
首先要拿到靈界印璽
沒有印璽則師出無名
基本上鬼是不會理你的

然後開始基本法術學習
再接上自己靈魂的元神系統
也就是擺脫輪迴的靈魂原鄉
將在那取回原本自己的能力界線
有點像是電影「濟公」裡拿回金身的意思

接著可以處理陰宅
也就是墳墓或是靈骨塔
因為陰宅在處理上是最難的
由於長年屬陰
導致處理時會有一堆完全沒關係的鬼一起出來扯關係
所以如果撐不住
做再多次都不會有效果

最後才是我現在的階段
開始研習屬於自己的特色法術
然後可以複製自己的能力給別人
有點像是一派宗師的狀態
可以過功力給沒能力的人

歡迎有需要的宮廟前來洽談🤗

未完待續⋯⋯",
139,2022/09/22 15:00:35,【神來也篇】,"【神來也篇】
#通靈人生 第3話
#消災解厄
#魁儡
#洗骨大法
#開光啟靈
#任督二脈
#開山立派

你有想過要學法術嗎？
假如你學會了法術，你想做什麼呢？

大概在我跟著師傅學習後的第三年
通常我說的師傅是指我靈界的師傅
而祂是一個菩薩界的神明

某天我到了陳老師家去
當天他正在為客人消災解厄
但因為當時他收了一個胖徒弟
所以一進門我就看到他悠哉的坐在客廳看電視

陳老師開心的跟我說：「來啦～」
我回他說：「對啊，你不用拜拜喔？」
陳老師則說：「小胖在裡面做。」
我則說：「那我先去拜拜。」

陳老師家能拜拜的地方就那一個而已
所以我便走進小胖所在的同一個房間
小胖看到我後說：「嗨～」
然後法夫子從小胖的肩膀上浮出來跟我說：「你來啦～」
我則默默的點點頭就去燒香了

那陣子小胖過的很開心
因為他覺得他做什麼法事等很順利
包括他會自己幫他老婆過火
但因為他事實上看不到
所以他不知道自己的法術來源事實上是法夫子

但法夫子為什麼可以附在小胖身上呢？
因為那陣子
陳老師每週都幫小胖的靈魂開光
有點像是武俠小說中的打通任督二脈
所以小胖的凡夫靈魂才能駕馭法夫子的法力
順利的主持各種法事

幾年後
聽說小胖志得意滿的出去自立門戶了
但當然他馬上就被打回原形
成為一個什麼都做不了的普通人

而我好像也已經來到法術人生的後半段了
因此今起開山立派
歡迎有興趣學法術的人私訊聯繫！
萬法無盡
唯心能領
無邪行善
訣必天成

未完待續⋯⋯",
138,2022/09/15 15:02:06,【神來也篇】,"【神來也篇】
#通靈人生 第2話
#狼人殺
#法夫子
#三魂
#靈魂
#生魂
#覺魂

前兩天跟朋友聊天
朋友說：「那我玩狼人殺不就可以作弊？」
我低調的說：「沒有啦～哪有這麼好。」

這讓我想到了
我第一個認識的他人靈
祂就是「法夫子」

各位應該知道一個人有三條魂魄吧？
傳統上稱為「靈魂」、「生魂」、「覺魂」
靈魂就是那個不滅的傢伙，也是通靈人主要溝通的對象
生魂就是傳說中，驅動身體和守護身體的人
覺魂則是此生活著的人，努力享受人生的各位
關於三魂的定義
有人定義的生魂和覺魂跟我顛倒
我對這種事不是很在意
反正都只是人類的命名而已
請不要跟我吵定義不同

法夫子是我人世間師傅的靈魂
因為我人世間的師傅姓陳
所以客人都稱呼他「陳老師」
陳老師和法夫子事實上是同一個人
只是一個是靈魂一個是覺魂罷了

而陳老師對我的學習主要採放牛吃草政策
所以基本上他沒有教過我什麼
但因為我也是屬於靈魂能力大過自身能力的人
所以當我晚上睡覺時可以看見很多不同的靈界
有點像是晚上出遊的感覺
但因為靈界太過浩瀚，所以我會將我的靈界見聞拿出來和陳老師討論

當時的我大概就是初入通靈界的小白兔吧
就是好像多了一點能力
但又不知道自己的能力可以幹嘛的狀態
這時的我醒著就像廢物一樣
原則上是不太知道怎麼驅動自己的靈力的
因此當我以覺魂姿態向陳老師請教我的靈界見聞時
我會同時聽到兩個答案
一個是陳老師給我的答案
一個是法夫子給我的答案

而且陳老師和法夫子兩個人的答案有時相差甚遠
但事實證明法夫子比較準一點
法夫子總是簡單明瞭的跟我說出祂的看法
但陳老師總是顛顛倒倒的告訴我他的答案
我當然問過陳老師為什麼總是顛顛倒倒的
他則跟我說：「太認真，會有麻煩。」
不過我到現在還沒學會顛顛倒倒的就是了
但我倒是體會出另一種顛顛倒倒
就是因為靈界太過浩瀚了
所以就像人生一樣
表面看到的是如此，但背地裡或許不是這樣
因此若是要用各種角度來敘述同一件事情
可能就會有角度的不同了

未完待續⋯⋯",
137,2022/09/06 15:00:42,【神來也篇】,"【神來也篇】
#取名字
#排命盤
#改名字
#取公司名
#扶著嘴說話
#第一名

你有改過名字嗎？
若沒有改過，應該也有取名字的經驗吧
最近客人要開公司
問我有沒有幫人取公司名
我說：「當然有！」

事實上我原本是不想學取名字的
但是實在太多人需要這個服務了
我就只好順應民意開啟新的服務

取公司名事實上比較囉嗦一點
因為要先看負責人的命格
然後再配負責人的姓名
最後才能取公司的名字

許多老師可能都會順便把負責人的名字改一改
畢竟眾多取名派別當中
只能說大同小異
但各有各的邏輯
我們也是只能選擇尊重

我客人的名字事實上剛改不久
我也沒有很喜歡叫人改名字
所以我先排完客人的命盤
然後又了解一下他原本請的算命老師想要給他什麼祝福
最後才能取到公司名
突然覺得我也是蠻好相處的齁～
配合度很高

就這樣看完客人的命盤後
等待師傅的指示
看看靈界有沒有什麼建議
我覺得這算是通靈人的優勢了
一個名字有形的跟無形的都看了

然後再拆解客人的名字
原來幫他取名的老師走的是這個派別
當然是不能選一種相沖的邏輯
不然客人的靈魂會覺得匪夷所思吧

客人從第一天詢價就問我：「那多久能取好？」
我則跟他說：「大約3週吧⋯⋯」
客人很認真的說：「不能快一點嗎？」
我無奈的跟他說：「因為不是我一個人取欸，多等幾天會更好。」

就這樣事實上大約一半的時間都在等師傅看靈界有沒有什麼建議吧
因為就有形的部分，排完就是這樣了
但人生之所以有趣，就是因為有很多變數
就看是變好還是變壞了
等最後幾天再來翻字典選字

從小時候剛開始學法術
我就很好奇為什麼師傅算命這麼準
當時師傅就跟我說：「因為神會扶著你的嘴說話，自然而然講的就很準。」
扶著嘴說話？？真是一個難以想像的感覺

但就在我取名跟看風水時都會發生師傅說的「扶著嘴吧說話」
我明明取好了名字
但就有一組名字在字典上跳舞
「字」自己跟我說：「要選我。」
真的是非常奇妙的事情

通常取名都會給客人大約10組左右可以用的組合
讓客人可以依照自己主要想達成的目標和喜好做選擇
但人類就是一個喜歡追求第一名的生物
10個客人有8個一定會問我哪一組是第一名？
這個時候我說出的第一名都是被靈界指定的
我深深感受到，除了神選上的第一名，其他我想取的第一名都說不出口
我想這就是所謂被扶著嘴說話的概念吧！！
只有被認定的第一名，才能被說出口",
136,2022/08/30 15:01:49,【神來也篇】,"【神來也篇】
#東西南北
#方位開運
#移位導氣
#移星轉斗
#換氣迎財

風水老師走後
你是否還在為了東西南北大興土木？
讓我從靈界的角度來跟你介紹「東西南北」
相信各位應該能接受地球是圓的吧
不論是正圓或是橄欖球型
至少它是圓的

從物理的角度來看
各位應該可以理解在地球上
往北一直去卻會到南吧
而往東直去也一定會到西
因為地球是圓的自然也沒有一定的方位
東西南北皆是相對而言的方向

但是東西南北之氣自然是真的
只是它也是相對而言的方位之氣

最近客人說要更新辦公室的設備
問我位子該怎麼排？
但他的門和坐向都已經是錯的了
也不可能跟他說：「請拆掉，換個方向。」
通常這個時候
風水老師就會說：「換一間房子吧！」
但我的客人是間工廠欸
怎麼換？

此時
師傅跟我說：「就把需要的方位之氣，引過來就可以了。」
原來既屬氣則是法所可以引導
方位坐錯就把要的方位之氣導過來即可
但缺點是要一直導氣
不然會回復成原本的方位之氣
那可能就又錯了

因此我留下了「移星轉斗」的紙錢給客人
叮囑他初一、十五要按時燒化
讓對的氣一直流到他工廠
換氣迎財就這麼完成了
突然覺得師傅這次法術的名字取得不錯
我很滿意
客人也很開心",
135,2022/08/27 15:00:07,【七月怪談】,"【七月怪談】
前兩天朋友跟我說：「有點小羨慕，但也不是想看到，哈哈哈～應該很麻煩的能力。」
我則跟他說：「如果會被鬼欺負那就有點麻煩～」

就在鬼門關的前一晚
因為下班後有課程
所以大約10:50左右騎車回到家
我家是在棟傳統公寓的五樓
聽好機車後我自然的回頭看了一眼
但我卻在三樓樓梯間的窗戶裡看到一張漆黑的臉龐配著花媽的大捲髮
這張臉似乎也看到我在看他
因此他靠向窗戶邊同時舉起他漆黑的右手向我揮了揮手
然後他的臉龐和右手便同時往右手邊移動消失在了窗戶裡

但就在他向右移消失在窗戶裡時
我發現一個奇怪的現象
我家公寓樓梯窗戶的白色毛玻璃上
完全沒有任何影子出現的跡象

同時窗戶右邊的鄰居家門內是開放式的前陽台
我也沒看到有人開門進去三樓鄰居家的前陽台
我隨即懷疑我在這5秒裡見鬼了
我便立刻打開靈眼讀取現場的跡證
果然他是鬼！！

因為我本來就要回家
自然是直接跟上去同時打開靈眼看看樓梯間是否還留下什麼
就這樣一樓、二樓、三樓⋯⋯
就在要踏上三樓平台時
鬼魂的影子向左往四樓去了
再來就在要踏上四樓平台時
鬼魂的影子向左往五樓去了
最後就在要踏上五樓平台我家門口時
鬼魂的影子向左往頂樓去了

我進了家門發現爸爸跟弟弟才早我幾秒到家而已
但我確定剛剛那個一定是鬼
於是我就先回房間去洗澡了
而且我的房間就在頂樓
剛才鬼魂最後消失的地方
我又再次經歷了被鬼看洗澡的蠢事

洗完澡後
我回到客廳在爸爸睡前問了他
確認不是爸爸或弟弟跟我揮手後
那個鬼直接站在我身後聽我跟我爸講祂
大概有好一陣子沒有從大門進來的鬼了
反正我也沒有要理祂
所以就回房間去睡覺吧

因為睡前都會躺在床上看YT 和跟我的貓咪玩
所以我就很自然的照自己的生活過
特別的是
我的貓這次完全沒正眼看祂一眼欸
害我懷疑我的貓是不是看不見了？
就在我躺床耍廢的時間裡
那鬼敲了窗戶然後在窗外看我
然後又現身坐在我床旁邊的椅子上
但我都故意看祂一眼
然後什麼反應也沒有
反正等我睡著祂就知道誰比較兇了

結果一覺醒來
那個鬼完全沒有在我的睡眠時間出現過
我就起床準備去換敬茶拜拜了

但當我一踏進我家神明廳
我就看到昨晚那個鬼正在神明廳等⋯⋯
我邊換敬茶邊跟祂說：「祢站再久都沒用的，這裡沒有任何一個神會理祢，祢想回靈界就要想出付錢的方法，祢這樣到處干擾人類是犯冥律的，等回去的那一天也是全部再算一次，好好想想吧⋯⋯」
當我把話講完大約30分鐘後
祂選擇離開了

祂也不是農曆七月回到人間的鬼
但祂也想跟著其他人一起回去靈界吧
直到現在祂仍在世間徘徊
因為我在寫祂的故事時，祂有來看我怎麼寫祂

可愛的農曆七月結束了
但我還有一些今年的故事還沒寫到說
只能等明年了
希望明年一樣有個開心的農曆七月",
134,2022/08/25 15:01:02,【七月怪談】,"【七月怪談】惡鬼End
你有唸誦過佛號或是驅邪咒文嗎？
我想一般人在遭遇靈異事件時
第一件想到的事情
應該就是誦唸自己信仰的神祇
希望祂能出手排除這個奇怪的狀態吧

從靈界的角度來看唸誦佛號這件事
因為聲音在靈界也是一種能量
所以發聲者的意念將隨聲波傳送到靈界
然而如果你當下真的遇見鬼了
第一個收到這個求救訊號的往往就是這個正在騷擾人的鬼
而祂自然不會傻傻的讓你發出求救訊號
自然是百般阻擾，真的擋不住後才會讓人的求救訊號傳出去

雖然神佛都有聞聲救苦的能力
但是也要看你的訊號何時送達給祂
還有祂當下忙不忙有沒有馬上動作
身為一個強大的神祇相應祂所擁有的能力
自然也負擔著人類難以想像的繁重事務
千萬不要以為祂很閒每天在等求救的人
再來就要考量到現實的問題
你請來的神佛能否KO這個鬼

這就像是我們在人間打電話求救的概念
在電話接通前
撥號時間是不會有效果的
接通後還要看接通者的積極度
才會知道這通求救電話是否能發揮作用
再來才是看接電話的人能否處理這個緊急事件
如果有一支專線能接通給能處理的人
那就簡單多了

客人遇上的惡鬼那天在我家現身後
隨即轉換成惡靈模式伴隨了我大約5分鐘
我則輕聲細語的向祂說：「祢以為這樣有用嗎？快快離去吧！」
通常來嗆聲的鬼都是不見棺材不掉淚的傢伙
對付這種不速之客通常也不需要花太多時間應付祂

因為師傅有教我退魔箴言
就是簡單的幾個字就可以打發這種無聊的鬼
於是我便將箴言的內容告訴客人
跟客人說這幾天每晚都要在房子四周唸完箴言
客人一開始超疑惑的
他完全不了解為什麼簡單的幾個字就能讓鬼聽話遠離
就這樣他乖乖的照唸了第一天、第二天、第三天⋯⋯

就在第四天時我和客人巧遇了一下
我看見那無聊的鬼還在等待客人不唸箴言的一天
所以我便跟客人說：「今晚回家繼續唸喔！」
大概在第六天時我和客人通過電話後
我就跟他說：「今天開始不用唸了，那傢伙走了。」

有人問我箴言唸一遍要多久
箴言大約10個字2～3秒可以唸一遍
如果在房子四周唸一圈大約1～2分鐘內吧
因為客人家才30坪🤣",
133,2022/08/23 15:00:07,【七月怪談】,"【七月怪談】惡鬼1
你覺得七月鬼比較兇嗎？
還是你覺得七月比較陰呢？

從靈界的角度看
七月的鬼並沒有比較兇
反倒是原本逗留陽間的惡鬼會伺機而動，同時可以嫁禍給七月還陽的鬼
因為七月放暑假或是假釋的惡鬼都有造冊列管，若是在這種狀況下造次對自己相當不利
所以只能說七月比較陰，因為鬼的人口數大幅提升

就在今年鬼門開前兩天
客人突然跟我說：「孩子這兩晚睡的很不好。」
我疑惑的問他：「多久了？」
客人說：「有一陣子了。」
我則告訴他：「下次要早點說喔！我晚上再看看。」

經過一晚的勸戒
希望妖邪能知難而退
客人很好奇的問我說：「是鬼門開來的嗎？」
我則說：「當然不是啊！但是是個惡鬼⋯⋯」

突然間惡鬼竟聽見我的呼喚
就在晚上9:00多左右
竟然現身在我家
祂的頭髮像被炸爆一樣ㄧ坨坨一根根的向上指著
面色猶如擦滿了白粉的老外婆
瞪大的眼珠從未眨過
扁平的黑嘴唇就像重金屬樂手般的妝容
全身穿著黑嘛嘛的長袍垂向地面，不見四肢
硬梆梆的站在我家的走道上
而且明明就開著燈
燈似乎照上了祂，所以祂的形象更加的明顯了
確認過沒有影子
滿滿的陰怨之氣從祂身後直直傳來
我問客人說：「你到底哪找來了這傢伙？」

未完待續⋯⋯",
132,2022/08/20 15:00:13,【七月怪談】,"【七月怪談】
你的孩子也被算命先生說要小心七月嗎？
但感覺起來每個人都被說要小心七月吧

嫁到台中的客人突然在上週打電話來約時間
因為她的孩子突然爬上化妝台玩化妝品
被剃眉刀劃破了手指縫了四針
孩子沒嚇死但家長嚇壞了
於是她便跟我約了時間要來過火

到了約定的日子
一大清早便來了五個小孩鬼
看外觀大概是3～5歲的小鬼
然後就是一陣兵荒馬亂，小鬼們在我家狂玩了半個小時
鬼孩子的玩樂項目事實上與一般的孩子無異
玩玩電燈、滿房子跑跳、裝大人等等
但畢竟是鬼還是會一些奇怪的障眼法
祂們竟然假裝切斷我的手指，害我驚恐了一下
還好不會痛，幾分鐘後就恢復原狀了

送走了小鬼後
我就等客人來了結她與小鬼們的緣份
通常這種自己跑來的鬼都比較好說話
因為代表祂們也知道我的狀況

客人到了以後
我便開始詢問她孩子最近的一些狀況
孩子果然是和小鬼們產生了連結
但卻沒有抓到事發的主因
所以就只能先過火看看了

在過火的過程中
我確認了孩子離被纏上還有段距離
因為孩子身上並沒有依附多少邪氣
但孩子鬼的陰氣卻在他身旁看著我施法
在幫孩子過火，同時留下護持的記號後
我就靜靜的看著鬼孩子的陰氣是否有要退卻的意思
一刻鐘後鬼孩子的陰氣消散了

但我還是叮囑客人回家要注意孩子的狀況
若是半夜哭醒就要看一下時間再跟我回報
若是白天有向著空空哥哥或弟弟講話的狀況也要再跟我說
因為這群孩子鬼都是以男孩的面貌現身
當然還是要當心鬼話連篇、信口雌黃的鬼習慣",
131,2022/08/18 15:00:09,【七月怪談】,"【七月怪談】
七月不只怪事多，連怪新聞也多
希望假內行的人不要再到處造謠了
真的是會讓人笑掉大牙
文末附上新聞連結

插個「倒立香」真的不會怎麼樣
首先神是至高無上的
不太可能因為人的小手段而受到影響
再者要能產生影響也需要這個人會法術
然後再加上這個神很弱才會被影響
所以文中所謂天譴之說根本是無稽之談

至於敗壞廟內風水也不是一朝一夕的事
香不可能插在那好幾年
所以也不可能發揮效果

若要讓神明退神
現在被搗亂的是香爐
有些內行人把香爐看的無比重要也是不知所云
香爐對神而言就是一項法器而已
不會有動香爐就影響到神靈的問題
不然就不需要神像了

最後來提一下詛咒這件事
詛咒自然也是法術的一個範圍
若沒有靈力
詛咒也只是言論自由的範圍
真的不要不懂裝懂，亂牽扯比較好

https://tw.news.yahoo.com/%E7%94%B7%E5%A5%B3%E5%88%B0%E5%AE%AE%E5%BB%9F%E6%8F%92-%E5%80%92%E7%AB%8B%E9%A6%99-%E5%85%A7%E8%A1%8C%E6%8F%AD-%E6%A5%B5%E6%83%A1%E6%84%8F%E6%B6%B5-%E6%9B%9D-142720405.html",
130,2022/08/16 15:00:13,【神知鬼識】,"【神知鬼識】
你聽過「職業洗屋師」嗎？
讓我從靈界的角度分析給你聽
文末附上新聞連結

”為期一年”
真心覺得是誆騙消費者的強制規定
鬼有無限的生命
就算有人住了一年對祂也沒有任何影響
鬼屋依然是鬼屋

”每天在屋內待超過12小時”
我覺得如果真的是來洗白的就應該每天都住在裡面
這種上下班制的感覺
跟靈骨塔警衛有差別嗎？
憑什麼收一個月4.5萬的薪水

”能與「室友」和平共處”
如果真的有室友就不可能和平共處
請問你覺得神佛祂家有鬼嗎？
如果可以和平共處，為什麼要有天堂與地獄的分別呢？
根本是擬人化的理想狀態而已

”不能透過宗教手段驅趕室友”
民俗手段可以嗎？
通靈手段可以嗎？
以靈界弱肉強食的概念來說，或許有驅趕還比較有保障
畢竟屋主花了錢，房價沒回來，如果能換到平安順遂也不錯

”讓凶宅去標籤化”
這個概念本身就是一種標籤了吧？
只能說沒人能限制他人的想法
法律也無法限制人們的思想自由
不從根本著手，只改標籤真的有意義嗎？

最後
想以此為業的人真的要三思
有見過春風滿面的殯葬業者吧？
也見過發黑衰臉的殯葬業者吧？
要賺死人錢真的要先秤秤自己的斤兩
即便命格相當，也有運勢好壞
小心！ㄧ失足成千古恨

https://house.ettoday.net/amp/amp_news.php7?news_id=2316401&from=fb_house&mibextid=t3xTKS",
129,2022/08/13 15:00:31,【七月怪談】,"【七月怪談】
「普渡」一個傳統的華人節日
同時也是一個可以求好緣的機會
一年一共有兩次求好緣的機會
就看你有沒有好好把握

依照每個客人的需求
我會請神佛指定客人需要普渡的數量
依照普渡的概念
我們的重點可能不是放在送祂們離開人間
因為從「緣」的角度來看
我們可能無緣送走每一個徘徊的靈
但還是會有少數的靈得到解脫啦

要送走一個靈真的是需要祂與當事者有切身關係的
不然就不會有這麼多徘徊的靈了
假如不需要緣分的牽引
那神佛就天天自己超度萬靈就可以了

這次同樣請師傅幫忙去看客人需要多少紙錢
讓他的事業能有更好的發展
就在師傅告知我所需要的數量後
我便開始為每一張紙錢寫上祝福的咒文
依照鬼魂的需求當祂們領導這些紙錢時
有的可以當錢花
有的可以當藥吃
有的可以超脫得度
就看祂自己的緣分了

但就在我寫完咒文時
靈界卻傳了惡意的反饋
這是今年唯一一個這樣的狀況
其他客人都是「好！好！好！非常好！」
因此當晚我只能自己跟著去靈界看看了

時至深夜
我跟著客人的靈魂來到他家
我們一戶戶的拜訪附近的靈界朋友
希望大家在這個歡喜的月份都能結好緣得好果
而眾靈也都歡喜的打開了祂家的房門
讓我們隨緣佈施

每扇打開的房門後
都是冰冷淒涼的樣子
看起來逗留人間的生活真的不是很豐富
突然間從廊道跳出了一個鬼孩子
祂妝著慘白的面容調皮的看著我們挨家挨戶的佈施

最後我們要拜訪一戶裝著古老又厚重木門的房子
但祂卻不像其他房門一樣敞開著等著我們
就在我準備上前敲門時

剛才的鬼孩子突然現身在此門前
祂對我們露出了一個詭譎的笑容
爾後便被吸入了門縫之中
原來祂就是這家的鬼孩子
看著客人靈魂手上拿著整把的香燭紙錢
但此門依然不為所動
我們就這樣帶個一個遺憾回到了人間

天亮後
我隨即告訴客人：「有一戶有點問題欸，你晚上方便過來一趟嗎？」
晚上我便帶著客人上香稟告上蒼
願此善得傳此緣得滿，各取所需，互利雙贏
最終喜得上蒼同憫、圓滿此節

七月已經過了一半了
希望各位都有把握機會完成自己的「靈界社會回饋」
有來有往，百利恆生💰
祢尊我敬，萬事如意❤️",
128,2022/08/11 15:00:49,【七月怪談】,"【七月怪談】

Q5：普渡供品要拜哪些？

A5 ：只要是可以吃的都可以，立刻可以吃的比需要烹調的好。然後，一定要燒紙錢，有吃又有拿，加分！

Q6 ：鬼月是不是不要去廟裡拜拜？

A6 ：錯！鬼月還是可以去廟裡拜拜的，該拜的還是不能少。如果你會普渡，然後說不可以去廟裡拜神，不是很矛盾嗎？可以拜鬼，不能拜神？有沒有想過自己在說什麼，小心下地獄。

Q7 ：普渡的金紙，是在拜完普渡公後拜好兄弟時才燒的嗎？

A7 ：邏輯上是對的，拜神的先燒，然後燒好兄弟的。但目前沒看過有請來普渡公的壇喔！我是建議直接普渡就好了，因為道士自己都請不來，但可以增加收費啦。

Q8 ：普渡紙錢現場燒嗎？還是給社區送去集體燒？

A8 ：如果可以，一定現場燒。因為不清楚集體燒在哪燒？是燒垃圾的焚化爐嗎？紙錢不可以跟垃圾同一爐一起燒。

Q9 ：普渡供品有規定需要幾樣嗎？

A9 ：沒有規定要多少樣，也不會因為你多拜幾樣就比較加分，還是燒些紙錢比較加分。吃一餐跟領現金是你會選哪一個？當然是領現重要啊！畢竟之後也是餓。",
127,2022/08/09 15:00:22,【鬼扣應篇】,"【鬼扣應篇】
#鬧鬼
#通靈人
#手掌
#外貌
#能量
#超度
#剪片
#保證

你覺得通靈人看見的鬼是什麼樣？
事實往往不像人們所想的如此完美

前兩天看到某頻道在介紹粉絲住宅撞鬼的內容
製作單位很用心的找了通靈老師過去幫忙

在看過影片後
我確定這位投稿的觀眾確實遇上了鬼
因為影片裡鬼影幢幢
當然不是一般人的肉眼可見

但主持人也幫著詢問一些人們會關心的問題
像是有幾個鬼？
是男鬼還是女鬼？
是成人鬼還是小孩鬼？
鬼的外貌如何？
等等

但事實上鬼的存在與否是不需要畫面佐證的
各位應該能接受「靈」是一種能量的概念
因為祂是一種能量，所以並沒有一定要以什麼方式出現
如同人類使用的能量一樣
或許它是火力發電
或許它是風力發電

這個靈只要存在
祂就有自己的能量
至於祂是否以什麼樣的姿態出現
或是什麼樣的性別都不是很重要
因為女鬼也可以有男性的陽具
在靈界許多東西都沒有人間的限制

不過在我看完影片後
我超懷疑這位通靈人到底幫上了什麼忙？
從這位通靈人的概念和作法得知
他不是騙子
但影像卻很不正常
結局是通靈人成功的送走了房子裡的鬼魂

但當一個地方的鬼魂被度走後
即便之前錄影內容裡拍到的鬼影像也會一起消失
因為這個被度走的鬼的能量再也不存在這個世界了
祂的故事只會存在經歷過的人們的回憶裡
然後漸漸被遺忘
永不再現

但經過了剪片然後再到播出的時間
影片裡仍能看見鬼影
這就不太對勁了

在影片中這位通靈人也有發現其他的鬼魂
但他卻沒有為案主做下任何防護
甚至在影片最後的叮嚀竟然是⋯⋯「無法保證其他的鬼是否會入侵」
那⋯⋯找你來處理什麼意思？

一般人根本無法確認是哪一個鬼
結論又是不能保證其他鬼會不會再入侵
那當事者會不會有一個疑問，就是「那原本的鬼真的有走嗎？」

就算是一個真的通靈人
做事也是要符合邏輯吧？",
126,2022/08/06 15:00:17,【神知鬼識】,"【神知鬼識】
#開店賺錢 第6話
#成就
#責任感
#綠色
#妖令
#超脫空間
#咒文
#刺眼
#訂單

成就他人的工作真的會讓人心滿意足
默默覺得我也快變成說什麼是什麼的老師了

身為一個負責的通靈人一定要有責任感
就在客人拜完地基主後
我就因為太忙沒時間關心他的生意了

但當我忙完後就想起還沒聽他匯報狀況
所以我便關心了一下
得到的答案是「離目標還有點遠」

若是照上次的情況
應該是沒有其他問題
怎麼好像沒什麼進展？
因此我只好再脱靈去看看了

結果那晚我看見一張
發照綠光的妖令浮在店舖的半空之中
還好我跟妖靈王蠻熟的
一張妖令而已，沒問題的

起床後我就跟客人說：「你去買兩份紙錢回家⋯⋯」
因為客人住台中
我是一定不會再去一趟台中的
因為我很懶得跑
而且法術的本質就是超脫空間的束縛

當晚我向客人說
把紙錢放在你家神桌上，把燈打全亮
向你家神明說一聲，我要借他的爐一用
20分鐘後
我已在整桌的紙錢上寫滿了「度妖令」的咒文
同時叮嚀客人
要把燈關小，但不能全關
客人好奇的問我：「為什麼？」
我則告訴他：「剛剛神臨壇時亮就可以，晚上眾妖鬼怪會來報到，就不用這麼亮了，祂們比較不會覺得刺眼。」

天亮後
客人因為還是要開店做生意
所以不能馬上去燒紙錢
我就幫他在紙錢上指定燒化時間
等客人有空再去燒化

等客人燒完紙錢後
再過一週我又問他生意怎麼樣了？
他跟我說：「大訂單蠻多的。」
真是令我欣慰的結果
通常生意好轉就表示該過的關卡都過了
就等著一直出貨賺錢了

然後客人馬上追問我下一個問題：「七月要普度嗎？看怎樣比較好，我都可以。」
嘿嘿～
沒怎麼樣，就是持續保佑你賺錢而已

未完待續⋯⋯",pic\481973393932556.jpg
125,2022/08/04 15:50:29,【七月怪談】,"【七月怪談】
喜逢七月推出的小品集，歡迎大家提問喔！

Q1 ：普渡時，小孩要盡量迴避，是否是正確觀念？

A1 ：衰的小孩才有影響，但因為家長通常不能確定孩子衰不衰，所以才說盡量迴避，基本上算是正確有意義的作為。

Q2 ：供品每個都插香，好兄弟才看的到？

A2 ：事實上不用，因為沒拜拜的時候，祂們就到處晃、到處看了。但習俗說要插，為了感受過節氣氛，就插吧！畢竟除非你看得見鬼，不然特立獨行只會增加自己的不安感。

Q3 ：街坊拜中元，是七月挑一天都可以拜。還是真的要左右鄰居結合一起普渡？

A3 ：七月任何一天都可以拜啦。同時要考慮看你要拜幾次，有人拜三次，不太可能大家都陪你拜三次吧。合不合著拜也沒差，反正對祂們而言也是不夠吃，而且相對吃而言，若能得度，更重要吧，吃算什麼。如果你有做生意，建議早一點拜比較好。

Q4 ：好兄弟不是都收四方金或銀紙，但是你清一色幾乎都是用壽金。是錢比較大，可以燒比較少？

A4 ：照習俗是有分金款啦，但我學的是法術，法術的邏輯是有燒就可以，要燒房子、燒車子也都可以。都選壽金是省得麻煩，反正我寫誰的名字就誰拿，都壽金就不會有我拿錯金款的問題啦。只有人類才只看表相，靈界則看實相。",
124,2022/08/02 15:01:14,【神知鬼識】,"【神知鬼識】
#無助的人 第5話
#學經
#誦經
#預言
#儀軌
#度世

究竟該怎麼學經呢？
讓我從通靈人的角度說明一下

經文通常記載了許多故事
有的是展示神蹟的寓言故事
有的是法事儀軌的驅動方法
有的是諸聖神仙的度世心法

第一種寓言故事
在這個科技發達的現今社會裡
只能有限度的實現了
看看就好，不要太指望奇蹟可以發生在自己身上
因為其中也有蠻多是敘述靈界的情況
只是一般人不一定分得出來

第二種法事儀軌
有的經部是直接講述法事的佈置程序
有的還很貼心的會說做到哪一步會得到什麼樣的靈界反饋
但有時經文裡也會有一兩句突然寫到儀式的部分
這就是有在學法的人看了才能比較有體悟

第三種度世心法
我覺得這才是人應該要學經的重點
因為宗教的本意大多為善
只有善能在未來遨遊靈界
但前提是看了要能做得到
如果只看懂了它的意思，卻都做不到
死後也很可能只是地獄的優先會員

關於學經的方式
由於重點是學習裡面的智慧
所以就當書看就可以
畢竟不一定看得懂，看得懂也不一定做得到
再隆重的儀式都是不會加分的
虔誠也不代表可以獲得更多

至於要不要誦經給神聽
只能說有人會唸國文課本給國文老師聽嗎？
那些高超的靈都不知道看過這本經書多少次了
而且以我們凡人的等級根本不可能度靈，如果能度得了自己就萬幸了

順帶一提
誦經也是啟動靈力的一個方式
誰是主誦者就吃誰的靈力
基於靈界上度下的概念
原則上只能吸引到比主誦者差的靈來聽講
能吸引到的高級靈體大多是惡靈
因為人類擁有的肉身是惡靈所覬覦的
千萬別玩火自焚

未完待續⋯⋯⋯",
123,2022/07/30 15:00:02,【鬼扣應篇】,"【鬼扣應篇】
#局中人 第3話
#坦白
#攀關係
#觀察者
#空殼
#同行見面

你會坦率的說出自己觀點嗎？
某些時候，鬼可能比人還坦白

由於我能給予鬼所需要的東西
因此不論我到哪，都會有鬼主動跟我攀談，像是人類攀關係的邏輯

就在知道朋友的故事後
某天因為有事而來到了他家
他家是個高級社區
是連保全都很高級的那種

由於靈魂是超脫時間的生物
因此祂們能跨越現在、過去和未來
所以當白天來不及和我見到面的鬼
可以等晚上我回到靈界的時候再來找我

就在去過朋友家的幾天後
某晚鬼魂們帶我再次遊覽了朋友家
祂們以朋友家社區的地下室為基地
有時候天亮還會走路去附近的市場逛逛再回來

然後由於祂們已經入住朋友家
所以祂們就住在朋友家的廚房門口的牆內
另外，還有一個鬼魂專門跟著朋友的媽媽

看著朋友家平靜的外觀
真不知道要怎麼開口告訴他們家裡有鬼的事情
而且朋友媽媽也有認識其他老師
我就選擇當個觀察者就好

但聽說朋友媽媽已經信這位老師好多年了
似乎也捐獻了不少
但他媽媽依然有嚴重的失眠還有暈眩的症狀

此外
他家還供奉了一尊同一位老師開光的神明
但我怎麼看都覺得那個神明只是一個空殼子
根本沒有神在裡面

雖然朋友媽媽為人親切又好客
但我依然沒有主動說出我所看到的一切
深怕讓他誤會我的為人

不知道他媽媽是否也有同樣的疑問
但他媽媽總是很主動的跟我聊「靈」的話題
甚至還跟我說要約我和他的老師一起吃飯聊聊天

這應該是我第一次要與同行見面吧？
真不知道當天會是什麼狀況
希望是個好聊的人

未完待續⋯⋯⋯",
122,2022/07/28 15:01:41,【神知鬼識】,"【神知鬼識】
#法術的邏輯
#法壇
#開光
#道場
#祭壇
#供品
#差別

各位覺得法術的啟動條件是什麼呢？
好多年前當我還在學習法術的時候
曾經有一天和一位長輩聊天聊到
當時的我每週都花3小時～5小時辦事情
那長輩很不屑的跟我說：「你才幾歲，每週都花這麼多時間，未來你要結婚，發展事業，哪有這麼多時間。」

當下事實上我有一點不高興
因為不懂的講的比懂的還大聲
真的以為多吃幾年米就能置喙他人的人生嗎？
人生還是需要尊重互助的

但現在我很慶幸當時我有堅持每週固定練習開法壇好幾個小時
因為高手的招式不需要多，只需要一招滾瓜爛熟的招式，便能自在使用

為什麼想跟大家分享這個觀念？
因為真的看太多奇怪的事情了
今天要講的是到廟裡開光這件事

我常看很多人請了法師往大廟跑
在大廟裡為自己心心念念的神尊進行隆重的開光儀式
但真的有人看得出來開出了什麼神明嗎？
我想答案是少之又少的

但反正在一個正確的地方
人類看著巍峨的廟宇，自然就相信自己所請的法師有做好科儀了
給各位一個想法
如果這位法師無法在任何地方恭請神靈臨壇為神像開光點眼
那即便在廟裡，他也一樣請不到神靈前來護持

因為法的基礎就是施法者自己
之前曾聽過一句讓我內心突然悸動的話，那句話大概是這麼說的：「身體是你的道場，舞台是你的祭壇，供品是你的靈魂。」
雖然這句話聽起來有一點邪怪
但真的好符合通靈人的感受

現在的我
不需要理會時間地點的限制
隨處皆可開壇設案、隨時皆可辦事處理
因為通靈人自己就是啟動法術的關鍵
只有在某個時間、地點更加分的差別",
121,2022/07/26 15:01:18,【神知鬼識】,"【神知鬼識】
#無助的人 第4話
#經典
#習佛
#精舍
#頂替
#贖罪券
#知難行易
#知易行難
#幻想

眾多教派都有著至高無上的經典
然後就衍生出許許多多唸經或誦經的效益說
但有些人的邏輯真的是讓我笑掉大牙

客人之所以家裡有這麼多鬼有一個很主要的原因
這關鍵就在客人長年習佛的母親身上
從客人的經歷裡，我知道許多鬼魂每晚都從客人母親的房裡走出來

因此，此次要溝通的重點人物就是他母親
由於他母親沒事就唸經
同時由於她所共修的精舍就是一個鬼壇
導致鬼魂們漸漸的就跟上了她

當我向她說：「你不知道妳家裡已經一堆鬼了嗎？」
他母親也坦言說：「我知道啊！但我不想趕祂們，我要像佛菩薩一樣包容，度祂們。」
我則反問他：「那是鬼重要？還是妳的孩子重要？」
他母親說：「當然是孩子重要！」
我再問他：「那你度不了鬼，為什麼還要繼續唸招一堆鬼？」
他母親則跟我說：「我有向大廟的菩薩許願，請祂幫助我的孩子度過難關，我願代孩子誦N遍佛經贖罪⋯⋯」
我則跟她說：「妳唸到死也不會有用，去跟廟裡的菩薩說，我叫妳不要唸了，有事請祂來找我。」
他媽媽一臉狐疑的跟我說：「你要擔哦？」
我則跟她說：「對啊，不唸就不唸，怕什麼？」

事實上不是我比較厲害
而是客人媽媽的邏輯已經完全錯了

如果唸經可以代替別人贖罪度厄
那與贖罪券何異？
俗話說：「個人造業個人擔。」
人間的法律都不許頂替了
你跟神明說你要頂替，合理嗎？
那被頂替的人不就什麼壞事都能做了？

誦經在我的眼裡就只是宗教吸引信徒的一個方法
因為真的看得懂經文的人少之又少
如果唸唸經就能後功抵前過，誰還要當好人？

還有！
「知難行易」與「知易行難」各位應該能體會差別吧？
如果唸得一本好經書，但什麼都做不到，不跟著做，那經也是白唸的
人間是講求「做」的空間
如果做不到，就別幻想了

未完待續⋯⋯⋯",
120,2022/07/23 15:01:05,【鬼扣應篇】,"【鬼扣應篇】
#局中人 第2話
#鬼打架
#日本求學
#宿舍
#自殺傾向
#淺眠
#日本浪人
#千軍萬馬

你覺得「跟鬼打架」會是什麼樣子？
像人類一樣比拳頭大小？
還是烙人打爆對方？

和朋友的媽媽喝過下午茶後
朋友就主動告訴我為什麼他媽媽會問我紅包的事了

原來朋友的大學是在日本唸的
當時只有18歲的他一個人隻身前去日本求學
入學後就在學校附近租了一間房子當宿舍
由於當時年紀還小又一個人在國外
所以他爸媽為了安全與聯繫還在他宿舍裝了視訊鏡頭，好掌握他的行蹤
誰知學期剛開始還好好的
不知怎麼的突然某一天開始
他便漸漸變得負面，同時還產生了自殺的念頭

由於他都有按時和父母聯繫
因此當時他父母也知道他的狀況不太穩定
直到某一天深夜
朋友說當下的他真的快瘋了，一直覺得自己很該死，但他又下不了手自殺
於是他也管不得深夜的時差問題，直接哭著打越洋電話回家向父母求救

聽說當時隔天一大早
他父母就搭飛機前往日本帶著他回到台灣
然後就找到了一位老師，想了解他在日本究竟發生了什麼事
最終他留在台灣休養，在日本的學籍先辦理休學，再由他父母從台灣請老師到日本將房子退租同時收拾行李回台灣，這才解決了這詭異的自殺傾向

爾後，他說他變得淺眠，同時再也沒有路過當時的日本學校了，因為老師跟他說，永遠不能再靠近那附近
而學業也就當然沒有完成
真是一個悲慘的經歷

而就在他向我說過他的故事幾天後
我竟然看到三個日本鬼魂來到我的夢中
祂們都穿著日本浪人的服飾，腳踏木屐

首先是一個看起來瘦弱的男鬼向我攻擊過來
但祂似乎完全跟不上我
一秒定輸贏
祂便退場去了

接著是一個身形和第一個差不多的女鬼
我還記得祂穿著粉桃色的浪人服
面目醜陋的不像女人，不過身型還是看得出來是女的
但祂的功夫也很差，和上一位一樣一秒退場

接著上場的第三位也是一個男鬼
但祂頭超大且方，臉色慘白眼神呆滯，但身形魁武
由於祂功夫太好，我和祂從半夜打到天亮，仍分不出勝負
而一秒退場的那兩個鬼，就靜靜的站在旁邊看了一晚

事後我向朋友說了這件事
也確認了當初他父母請的老師也是說一共有三個鬼魂，2男1女
只是這個鬼魂怎麼還會來找我？真的是讓我覺得莫名其妙

基本上在靈界一切都是看階級的
原則上階級高者必定完勝低階者
低階者除非能啟動更大的靈力，否則再多鬼都沒用
而同階者，就有可能以平手收場
除非任一方有關鍵靈力能克制對方，否則打再久都不會有結果

所以人間的千軍萬馬景象
差不多只存在現實生活裡
因為在靈界，人多也不一定幫得上忙

未完待續⋯⋯⋯",
119,2022/07/21 15:01:03,【神知鬼識】,"【神知鬼識】
#加持
#吉祥物
#詐欺
#乩童
#指向性

你會去拿「被加持過」的物品嗎？
因為我生肖也屬虎
所以過年時好友就主動幫我買了一個大廟出品的吉祥物
當他拿給我時，還特別叫我看看有沒有加持過？
我打開了精緻的小盒子，左右端詳了一下
很遺憾的跟他說：「這就只是個吉祥物。」
好友很傻眼的跟我說：「官網上還特別標註加持過欸！！」

雖然不是想要斷人財路
但因為類似的加持物文宣層出不窮
雖然賣家不一定有因此多收費用
但真的會讓我有一種意圖詐欺的感覺

就在幾天前
客人傳了一張臉書最近正在紅的文宣給我看
上面一樣寫著一句廣告文
「某某乩童親自加持⋯⋯」
我則向客人說：「看一句話就知道他的水準。」

在此要奉勸各位
加持物是可以有效果的
但絕對不是先加持好
因為「法」有指向性
若尚未確定求取者是誰
要怎麼確認「法」的利益方向

如果今天「法」能先做好
那就不需要信眾自己去拜拜，不論是求神或是求心靈慰藉
因為「法」皆能先安設好

因此
如果你想要求取一個加持物
還是循正式管道
正式向自己相信的單位請取加持物
而不是隨意購買已加持的物品再來看它有沒有效果",
118,2022/07/19 15:01:25,【神知鬼識】,"【神知鬼識】
#無助的人 第3話
#秘密
#心底話
#幸運
#相信
#易容術
#同理心
#真假

如果有一天你看見鬼了
你敢跟別人說嗎？

我是因為小時候還不知道我看到的是鬼
所以一直都沒有跟任何人說
但很幸運的是當我第一次跟我爸媽說時
雖然他們都看不見也沒有熱衷過宗教事務
但他們都選擇相信我的話

相較之下
我的客人就悲慘許多了⋯⋯

因為我的客人大概是高中左右就開始看見或遇見靈界的事
但聽他說小時候比較常看見神明，但現在都見鬼？
事實上這有一個奇怪的地方
就是如果你先開始看神，然後變成鬼纏身
你就應該要認清自己沒有見神的能力
因為就算你見到了，也不一定能分辨是神是鬼，神和鬼都具有非常好的易容術

總之
在客人認識我時他就開始天天遇鬼了
而他的狀況是
幾乎天天都會在家裡聽見奇怪的聲音
或許是有人使用廁所的聲音
或許是有人走來走去的聲音
嚴重時他會直接在房子裡的某處看見一個鬼
那鬼就狠狠的盯著他，動也不懂的站在那
害他嚇的屁滾尿流

當然他的這些經歷都經過我的確認
而且這些鬼都還在他家徘徊
因此我才和他約了去他家走走

但當我去過他家以後
我真的覺得他蠻可憐的
可能是因為從高中就開始看見各種靈界，再加上沒有適當的開導
導致他的邏輯開始出現問題
搞得他像是人生失敗組一樣，工作不穩定，講話的邏輯跳來跳去
父母、家人都怨懟他，怪他不認真工作，每天胡思亂想
自此家人與他的關係，開始惡性循環，每況愈下

如果有一天
你或身邊的人因為遇鬼而產生了困擾
假設你也不知道該怎麼辦
就給他一點點鼓勵吧⋯⋯
雖然這種人可能很難遇到伯樂
但正向的回饋是他們需要的

因為很少人真的認識鬼
更少人知道該怎麼擺脫鬼
遇上的都是第一次
他們需要真誠的傾聽與包容
想像一下
如果是你，會多麼渴望知道自己怎麼了？到底什麼是真的？

未完待續⋯⋯⋯",
117,2022/07/16 15:00:41,【神知鬼識】,"【神知鬼識】
#局中人 第1話
#紅包
#下午茶
#天賦
#濟世
#免費
#平衡

各位對於通靈人的紅包文化有什麼看法嗎？
因為被朋友的媽媽知道我看得見後
他媽媽就專程約我喝下午茶了

當天他媽媽就問我說：「你們做這種事可以收錢嗎？」
我則很明白的回答他：「沒錢誰要做呢？」
他媽媽又反問我說：「有這種天賦不是應該無私奉獻濟世救人嗎？」
我則很委婉的跟他說：「免費的最貴。」

事實上我也思考過這個問題
但畢竟在有限的人生中，取得溫飽是基本要求
而通靈人身上所具備的能力各有所來源
但同樣的是我們也需要花費時間為其他人解決麻煩
要說有價值的行為卻沒有價格
那我只能說是包裝在不同地方而已

畢竟人界就是有時間與金錢的世界
通靈人自然可以用自己的時間換取相對應的金錢而不會違背靈界法律
至於每個人收費的高低就是看個人自己的時間成本了也無法一概而論

有的通靈人會以宮廟的方式經營
辦事或許是很便宜或是不收錢的
但既是宮廟就不可能不需要收入
所以自然會有其他名目來維持平衡
但是各位一定要知道，神是不花錢的，錢當然是人花的
神不會因為住好房子變厲害
也不會因為住爛房子而跑路

那為什麼有的事情通靈人辦得好，但宮廟卻拜不好呢？
事實是基本上神都具有一定的能力
但因為執事人員的水準不同導致效果的差異
那為什麼不找好一點的執事人員來服務？
因為找到的這個就已經是最好的了，沒得挑了

而且「天生我才必有用」
即便M型化的社會已經確立
自然仍是以陰陽盛衰維持著平衡

未完待續⋯⋯⋯",
116,2022/07/14 15:01:43,【鬼扣應篇】,"【鬼扣應篇】
#凶宅
#試住
#提醒
#吸陽氣
#敲房子
#契機

你敢買凶宅嗎？

今天看到一則新聞
有人想要買凶宅，但購買前要先試住一晚
關於這件事嘛⋯⋯
要告訴各位鬼一定不會叫你不要買的
這邏輯就像壞人一定不會提醒你，他會害你

大學住鬼屋的時候
因為確定需要遠離祂們
我就跟房東說：「租到這學期，因為你房子有鬼。」
房東馬上氣噗噗的說：「哩賣黑白貢！！」

當時因為我還沒拜師學藝
所以也沒有任何抵抗的力量
而且聽說我還正在被吸陽氣
只是我自己不知道而已
還好我陽氣很多？所以只要離開就沒事了

當時最巔峰時
每天準時17:30開始，眾鬼會開始敲房子的牆壁，敲到天亮！
而且是全部的人都能聽到的噪音

幾週後
某晚，房東來電說要帶人來看房子
當天晚上自然也是滿滿噪音
但就在房東打開一樓鐵門的時候
房子內的噪音瞬間消失
等到房東帶看完後幾分鐘
噪音又立刻恢復了
只能說鬼真的很聰明
既不得罪房東，又可以騙到新房客

此外
或許有人會認為，試住鬼屋沒事
說不定是因為自己陽氣夠旺連鬼都怕
但人不會永遠旺喔！！

但說真的如果價差夠漂亮
我應該會心動
反正送走鬼的成本應該遠遠比不上房子的價差
而且之所以鬼會一直待在兇宅裡
就是因為原屋主一直沒送走祂
換一個人來住，說不定還會有新的契機
鬼就是一種不會更差的物體
千萬不要以為祂們會怕人",
115,2022/07/12 15:02:37,【神知鬼識】,"【神知鬼識】
#無助的人 第2話
#預知
#初階預知
#二階預知
#三階預知
#終極預知
#改變未來
#慧根
#技能樹
#解車關
#陰德庇護
#神明隨侍
#頭條新聞

關於「預知」這個能力
各位覺得怎麼樣算是合格呢？

事實上我發現很多人都有一種預知夢的能力
也就是在你的人生過程中
某天的某時某刻
你會突然覺得，你是第二次經歷現在的一切
或許你記得上一次在夢裡初體驗時，你的下一句話或是下一個動作是什麼
但事實上你是否記得上一次在夢裡做了什麼？
或是你是否照夢境再次講出同一句話或做出同一個動作
都不足以改變未來

以上這種能力說真的沒有什麼功用
因為在人生還沒抵達那天的那時那刻
基本上你是不會記得這件事的
但我覺得有這種體質的人是蠻有靈學慧根的
只不過就算你開始學「靈」，也不一定能學到終極預知術
因為靈界的技能樹不是人，可以自己點的

假如你很常經歷上面所說的初階預知後
就有可能進入二階預知
二階預知有一點趨吉避凶、化險為夷的效果
我自己最常用到的是，解車關
你會在某一個危急時刻或是心跳加速的當下
發現你好像做過一樣的夢
但夢裡的厄事卻會直接被略過
假設原夢境是行車撞上了什麼
但當下你的身體會自然的移動或改變動作，進而避免掉碰撞這件事
事後你會深刻記得，這件事原本應該怎麼發生，但現實的結果卻跟夢境不一樣

如果你曾經歷我所說的這種二階預知
恭喜你為人應該還算正直且受陰德庇蔭
請繼續保持，等你死後，很可能入住天堂

目前我就只學到三階預知而已
這段預知能力，大致上可以指定獲得80%的答案
它是透過靈界祂人的能力來獲取未來的結果
可能是憑藉一個卦象或是一場幻境來顯現

客人上次跟我介紹的那位朋友
他除了說自己有神明隨侍以外
還說他的神能預知隔天的頭條新聞
我認真說如果他真能預知隔天頭條，他不需要來找我喝咖啡
而且知道頭條之後呢？能改變什麼嗎？
如果也是只能靜靜等待發生，那與我所說的初階預知有什麼差別嗎？
更何況頭條新聞會影響到我嗎？這又是另一件事了

未完待續⋯⋯⋯",
114,2022/07/09 15:01:03,【神來也篇】,"【神來也篇】
#做決定
#占卜
#享受
#國運籤
#或然率
#祭壇
#流落街頭
#自己的人生
#詛咒
#祝福

你有徬徨過嗎？
拿不定主意時，你都怎麼做下決定呢？

最近有位第一次要來占卜的客人
他的問題看似很簡單
但他卻提了兩個月都還沒有要卜
最後他終於說出內心的想法
他想要找一天約我見面
親眼看我卜給他看
他說這是享受卜卦的感覺？！

我跟他說：「完全沒辦法！！」
他說：「為什麼？！這樣很沒fu~」
我認真的跟他說：「你聽過國運籤在咖啡廳求的嗎？都是在廟裡才對吧！卜卦本來就不可能到處可以卜，又不是在賭或然率。」
他想想跟我說：「好像有道理欸～那你排時間幫我卜吧！」

事實上
我也不是自己幫客人卜啦
因為這種算未來的東西本來就是神明的能力
我只是需要在壇前請我師傅幫客人卜卦而已
自然是不可能到處卜的

但這個邏輯事實上並沒有錯
以法術的本質而言
祭壇是非常重要的
因為它就像是手機的天線
如果訊號不清楚有訊號也等於沒訊號

因此
很多在路邊、天橋下、地下道占卜的人
我真的看了都搖頭
如果這樣卜的準，真的不會流落街頭才對
有想過這些地方有多少靈體一起在干擾人間的或然率嗎？

這次客人想問的是
「他是否要攻讀博士？」
而師傅所給的答案是
「或許去唸博士目前看起來是個好的方向，但其中可能隱藏了一些變數。求學期中可能會因為忙碌或是其他事情交加產生病厄且有明顯病徵，最終雖然會順利畢業，但可能當下取得博士學位對你的人生幫助有限、助益不夠明顯，而產生口舌埋怨等不這麼正面的事。同時期中所產生的病徵，可能會拖到畢業才能獲得解除。」

結論：建議客人不要唸了！！
結果幾天後，客人的預定指導教授專程打來，說要收客人當閉門弟子
我只淡淡的跟客人說：「但你有考慮要拿自己的人生賭占卜準不準嗎？目前沒有失敗過。」
客人跟我說：「誰要拿自己的人生賭，我又不是沒事做。」

在此，告訴大家一個觀念
如果有一天你去占卜了
假設結果不好，千萬不要硬著頭皮賭看看
因為
1）你應該不會亂卜。一定是很重要的事，同時詢問的對象應該是你所信任的。
2）結果不好，也像是這件事得到了「眾神的詛咒」，你覺得你拚得贏眾神的詛咒嗎？
3）事實上，人界的磁場是相當混亂的，有句老話是這樣說的「好的不靈，壞的靈。」畢竟祝福成真需要排除更多其他靈力，但要詛咒一件事，那可是人人都有這個雪中送屎的可能。

祝福大家事事如意，天天開心；卜卦大吉，人生昌順。",
113,2022/07/07 15:00:36,【神知鬼識】,"【神知鬼識】
#開店賺錢 第5話
#地基主
#傳統信仰
#開店優惠
#回購潮
#三節
#入境隨俗

各位有在拜地基主嗎？
這個一種很傳統的信仰文化了

通常我都會關心客人的近況
畢竟人生隨時在變
在取得穩定前還是有可能有可以改善的地方

大約在客人開店後的一個月
我詢問了他生意如何
他跟我說似乎有點清淡
雖然開店優惠打到骨折
但算算時間也該是回購潮了才對

於是我又脫靈去客人的店舖看看狀況
只看到在寧靜的黑夜裡
皎潔的亮光持續照耀著客人的店舖
四周鴉雀無聲靜謐非常
唯獨有一個慈祥的老人站在店鋪門口
像在等人又像是在顧房子的樣子

隔天我就問客人說：「你有拜地基主嗎？」
客人很爽快：「沒啊！」
我就向客人說：「那你快準備拜一下，以後記得三節都要拜。」
一週後生意漸漸好轉了

雖然我不是在講政治
但做生意要求的是「貨出去，人進來。」
若有必要，入境隨俗是安全且沒什麼負擔的正向循環
各位老闆可別為了省麻煩，卻省出了麻煩才是！

未完待續⋯⋯",
112,2022/07/05 15:01:16,【神知鬼識】,"【神知鬼識】
#無助的人 第1話
#閒話
#物以類聚
#鬼纏身
#神經質
#與鬼同住
#下午茶
#澄清
#尊重
#謙虛
#現在
#過去
#未來
#凡人

雖然不是很喜歡說別人的閒話
但有時候聽到的故事真的太扯
為了世界的和平？壞人就由我來當吧！

大家都聽過「物以類聚」吧？！
同理
鬼纏身的人也很容易遇上鬼纏身的人
畢竟他們都在同一個基準上

我的客人因為長年受鬼侵擾
所以變得有一點神經質
雖然他本性不壞甚至可以說是單純善良
但還是遇上了如此厄事

客人某次在跟我通話時就提過他的這位朋友
一位他長年以來的好朋友
而我隨即在電話裡確知這位好朋友早已與鬼同住
雖然我勸他要少跟這位朋友往來
但還是答應了要一起喝杯咖啡的提議

那日下午我和客人早早就在咖啡店裡等這位朋友
剛好店家安排我們坐在正對大門的座位上
因此當客人的朋友走到門口時
客人隨即跟我說了聲：「他來了。」
同時這位朋友身後的鬼也立刻出現在自動開啟的玻璃門邊跟我說：「什麼都別跟他說。」
於是我們就開始了一場看似三個人
實則是一群靈的下午茶

這位朋友事實上說了很多奇怪的邏輯
但其中他提到了一個讓我很想澄清的概念

當下他問我說：「你有看到誰跟著我嗎？」
我心想一堆鬼你是想問哪一個
但基於社會學的禮貌，我跟他說：「沒有！」
他有點輕佻的向我說：「某某神不是一直跟著我嗎？」
我還是很委婉的跟他說：「沒有。」
基本上你要一個真正的神一直跟著你是不太可能的

第一既已投胎便以爲人，神沒有討好人的道理
如果你覺得自己的靈位階很高，所以神會尊重你，那請先謙虛才會有神買你的帳

第二各位相信神能知現在、過去、未來嗎？
如果神真如一般人所想能知現在、過去、未來，那祂有什麼理由跟著你？
你的現在、過去甚至未來祂皆知悉，何須花這麼多時間傻傻的陪你？

靈界是有無數的時間沒錯
但只有很閒的鬼才會無時無刻跟著人
神因應祂越高的權利，祂所要管轄的事務越多，就算有用不完的時間，也做不完
真的不要再相信什麼多偉大的神會跟著一個凡人的說法
如果能請得動祂就萬幸了，怎麼還以為能一直佔用祂的時間

未完待續⋯⋯⋯",
111,2022/07/02 15:00:11,【神知鬼識】,"【神知鬼識】
#新車
#淨車
#十年
#路關

前兩天幫客人A的新車淨車
因為行程的關係，同時在幫客人B看工廠
客人B向我說：「從沒看人淨車淨這麼久的！！」
我只能老實的回答客人B說：「因為我知道的多啊～」

大概在拜入師門後的10年後
那陣子只要上國道就會進入昏睡狀態
事實上道路上真的充斥著無數徘徊的靈界
而祂們大概永遠不會有離開的一天

因為靈界的空間關係
每個路段都有各自的靈界固守
不論白天黑夜眾靈都會在自己的區域遊蕩等待
而那段昏睡的時間
我便常在路上與祂們溝通

如同人界的編制
每個鬼界皆有一個主宰
但主宰通常不親身遊蕩，大多指派手下行動、攝人魂魄
大約在與祂們往來幾年後的某天
靈界傳授了我路關解除法

以「神令」強制眾鬼回歸本位
這裡的本位指的是路段的本位
因為當鬼魂盯上路上的某個人或某台車時
事實上祂們是跟著車跑的
希望能有機會影響車上的人或器械，達到祂們私心的目的

因此這種神令分做兩個部分
第一部分是強制一般眾鬼離開車輛四周回歸該路段起點
第二部分是強制鬼王離開車輛四周回歸該路段起點

所以當天我便在客人A的新車上安下一道祝福神令與兩道回歸神令
而通常那種幾十分鐘就完工的作法就只有一道祝福神令
我對於這種只有祝福的作法
是覺得似乎少了點什麼

在此敬祝各位
出入平安、行車大吉
符符到位、事事如意",
110,2022/06/30 15:01:19,【神知鬼識】,"【神知鬼識】
#開店賺錢 第4話
#整層住家
#租約
#套房
#切蛋糕
#多一點
#紙鈔換真鈔

隨著經驗和法術的提升
自然而然可以處理的狀況也就越來越多

從前我只能處理一整間的房子
而且還需要經過所有權人的同意

然後我開始以承租人的角度出發
用租約處理有問題的房子
不過有個小缺點
就是當租約到期時法術可能全部被解除

除了整間房子以外
我開始處理單一套房
以套房內的「關鍵」改變套房的磁場守護業主

今天客人的店鋪中間橫過公用梯廳
因此要像切蛋糕一樣
把不要的地方切開
順勢在客人的承租範圍設下界線
保障客人的生意不受惡氣所累

由於這是我第一次執行切蛋糕的法術
所以一開始我也是有點戰戰兢兢的
要是切了沒有效
我可就要傻眼了
因此我在準備紙錢時稍稍增加了一些
俗話說：「有錢能使鬼推磨。」
這種東西當然也是多一點比少一點好上非常多
雖然與環保意識相違背
但如果能燒紙錢換紙鈔
應該很少客人不能接受

結果效果意外的好
還沒辦完法事眾陰鬼就已經退散
靈界也通知可以提早燒化紙錢完成法事
不過基於另一條靈界律法
所以我還是照表操課的完成法事
以求完美無瑕

就在我們等待最後一柱香時
突然間一位老頭子鬼魂現身坐在店門口的機車上看著我們
客人也發現我的神色有異，趕緊問我說：「看到什麼？很嚇人欸。」
我則向他說：「我們先準備去燒紙錢吧！這種最後的，通常都是走不了的，不過祂在門口，也不一定算是我們的份，等我回去再調祂來看。」

未完待續⋯⋯",
109,2022/06/28 15:01:56,【神知鬼識】,"【神知鬼識】
#寵物 最終話
#超度
#投胎
#良心職業
#逍遙

如果寵物過世了
你會想幫牠超度嗎？
客人們總是異口同聲的跟我說：「能讓牠投胎到好人家嗎？」

基於靈界的規矩
如果靈體本身沒有問題
通靈人是不可以假傳旨意，謊稱需要處理或超度的
所以真的算是一個良心職業

那究竟什麼樣的寵物需要超度呢？
目前我所遇到必須超度的寵物都是因為在生前與靈界結下了惡緣
大部分都是因為主人家鬼很多，但主人卻沒有處理這些鬼魂，導致寵物長期與鬼糾結，最終寵物與鬼產生形影相隨的狀況

我曾見過一隻狗，不論白天黑夜，只要牠吠，鬼魂便隨傳隨到，與被鬼纏身的人一模一樣
在牠死後，牠的主人一樣跟我說：「能讓牠投胎去好人家嗎？」

事實上大眾往往受不懂靈界的人所蒙蔽而不清楚事實的真相
難道死後只有投胎一條路嗎？
開心的當一個逍遙的靈魂也是很享受的

因此
我向客人說：「若牠真想再輪迴，我便請神明幫牠多安排；若牠不想再輪迴，我便請神讓牠留在靈界好好生活。」

事實上當寵物處於靈體狀態
基於牠們的智慧是可能以人形存在的
只是投胎的結果讓牠此生成為寵物
因此不再投胎也不一定比較差

不論原本祢是誰，若死後能「逍遙靈界快樂日」，祢即不枉此生",
108,2022/06/25 15:02:36,【鬼扣應篇】,"【鬼扣應篇】
#椅子下的鬼魂 最終話
#工作成果
#虛實較真
#動靜有道
#魔界王子
#靈界高中
#神魔不兩立
#萬中選一

各位會在意自己的工作成果嗎？
雖然我做的事都看不見
但我還是很計較成果的

由於同學的媽媽最後算是部分妥協後才擺脫靈界的糾纏
所以我當然不是很滿意這樣的結果
甚至耿耿於懷了好一陣子

因為對靈界而言讓一寸地不是真的實質上讓一寸地
何以「虛」與「實」計較至此？

直至某天我聽見「鯤鯓王大戰囝仔公」的故事
鯤鯓王何等神聖依舊與囝仔公達成協議各取所需
因此我是該安心放下才是

即便往後與靈界的交涉從未再妥協過
我還想是否要再回去談一次
但師傅卻叮囑我這種事「一動不如一靜」
因此我才打消了這個念頭

對於靈界的各有所司、各有所掌
讓我想起了好久之前與魔王子的往事
那天我被師傅帶入祂的靈界
由於當時我正在靈界高中就讀
而我的其中一個同學就是魔界的王子

祂為了確認我與師傅的關係
親自穿著象徵魔界地位的華服直搗師傅的聖界
原本我也很單純的認為神魔不兩立怎能容許祂直入仙境
但就在我發現魔界王子時
祂閉口不言且擠眉弄眼的暗示我
祂算是擅自入內的
因此不可言不可法只得悄然逗留一下
在知道我這個凡胎真的是受師傅所囑可以留於聖境後
魔王子便隨即轉身離去了

我想這這次的事，是我再一次深刻體認到靈界的互相尊重與包容的行事態度
同學媽媽能遇上這種世受靈界勳祿的鬼王也真的算是萬中選一了",
107,2022/06/23 15:00:16,【神知鬼識】,"【神知鬼識】
#開店賺錢 第3話
#紙錢怎麼挑
#台北
#台中
#2天1夜
#店舖擺設
#生旺衰敗
#金箔大小

你拜拜的時候會燒紙錢嗎？
你知道買哪一種紙錢效果比較好嗎？

由於客人的店要開在台中
為了幫他把店舖的地靈氣轉好
所以我只能到台中走一趟了

以往為了確認需要的紙錢數量我逮先到現場一次，然後再選一天去現場處理
如果現場不在我住的縣市就會變得麻煩許多
因此在我領會「法」的真諦之後，我就不再千里運紙鈔了

約好時間後
客人便如期到台中高鐵站接我前往現場
第一天看現場、第二天完成法事，一趟路完工輕鬆方便

抵達現場後
先繞一圈現場確認一下靈界的狀況後
便開始了看現場的重頭戲
和客人討論店舖格局擺設
這是一個看起來相當裡所當然的按排
但真的很多人都摸不清它的訣竅
或者是只看外表不看實體
外表指得是各種店舖的實物擺設
實體指得是店舖內生旺衰敗的磁場搭配
如果只看外表忽略實體的重要性
那還是很可能功虧一簣
因為所有的房子都有旺敗之處
東西放錯地方有時候壞事就悄悄上門了

等討論完店舖擺設之後
再來金紙店買明日需要的紙錢
雖然早知道各地區所燒的紙錢多少有點不同
但有時候真的會相差甚遠
等聽完店家介紹後
我就在店裡晃來晃去等靈界報出祂的需求
最終，貴的漂亮的金光閃閃的都沒被選上
靈界的選擇標準是「張數多」！！
真的讓我很有感

以往坊間有許多不一樣的紙錢
除了神佛親自敕令的紙錢具有異想不到的功效外
各式各樣的紙錢事實上對靈界並無意義
靈界也有自己的貨幣制度
而且每個靈界的貨幣制度都不一樣
商人所印下五花八門的紙錢小小一疊可能就要價不菲
但說真的大部分的民眾都是自己祭祀
或許會被商人誤導以為買下昂貴不菲的紙錢能有更好的效果
希望有看到重點的人都能買對紙錢越拜越發

就在我選了金箔最小張、價格最便宜的紙錢款式時
店家也是有種好像白介紹了的表情
但我選的是靈界要的「張數最多」
紙錢上的金箔事實上也沒有實質意義
金箔的大小也只有人類看了有感覺而已

未完待續⋯⋯",
106,2022/06/21 15:02:21,【神知鬼識】,"【神知鬼識】
#寵物 第3話
#寵物溝通師
#相信
#流浪貓
#貓奴
#自私
#面對面
#照片
#靈學
#通靈
#調靈
#靈異影像
#利益

你相信寵物溝通師嗎？
我是一部分相信另一部分⋯⋯
朋友的寵物走後還問了我最後一個問題
就是我對寵物溝通師的看法

我養的第一隻貓原本是隻被棄養的流浪貓
因為牠總是睡在我的機車上
自此開啟了我和牠的緣分
經過很長一段時間的巷道餵養後
最終我才把牠帶回家

但因為當時家人並不能接受我飼養寵物
所以我把牠養在家裡的後院
之所以會這麼喜歡牠
是因為我能看著牠的眼珠知道牠在說什麼
或許有人認為我自作多情
但這種感受可能只有「奴才」才能體會

我永遠都記得帶牠回家的第一天早晨
是一個陽光燦爛的日子
早晨6:00牠準時起床在後院門口等我餵食
打開門後
我開心的向牠道了句早安
然後看著牠的眼珠等牠回話
此時牠望著屋內藉著眼珠說：「你住這麼大間房子，然後要我睡後院！！」
我則向牠說：「因為家人不能接受你待在房子裡。」然後我便去準備牠的早餐了

某個程度上來說人類算是自私的生物
雖然養他卻不一定能配合他的想法

寵物溝通師準不準？我覺得這是很主觀的一件事
我是相信有寵物溝通師的
但我比較相信面對面的寵物溝通師
坊間許多看著照片溝通的寵物溝通師
我對於這個部分比較保守
因為以靈學的角度來說
用照片與寵物溝通可不是簡單的事
首先要能與面前寵物靈通以得知寵物的意思然後還要配上調靈的能力才能理解照片中寵物的意識

就像靈異影像一樣
世界上的影像這麼多也不是每一張都有拍到靈異現象
而靈異影像的拍攝地點也不會每一張照片都拍到靈異現象
因為靈是會動的如果你的相機沒有拍到祂又遑論有靈在其中？

此外
以我與亡者溝通的經驗來說
前提是溝通者要有能提供亡者利益的基礎為前提
否則亡者也不是隨傳隨到
那又如何能要寵物靈隨傳隨到？
認真想起來還是有些盲點的

最後
誠如我的養貓經驗一樣
貓表達了自己的想法
還是我認定是牠的意識
但我一樣從基於人的角度思考決策
如同我正在做的事情
也是要靈配合人的需要調整改善
這樣確知寵物的想法還有實質的意義嗎？

因此關於「寵物溝通師」，我向朋友說：「想去溝通是可以的，但沒有太大意義，因為你依舊是從主人的角度想事情，而牠也永遠是寵物而已。」

未完待續⋯⋯",pic\2138055299689554.jpg
105,2022/06/18 15:01:23,【鬼扣應篇】,"【鬼扣應篇】
#椅子下的鬼魂 第10話
#陰陽相生
#陰陽相剋
#防小人
#賣房子
#開宮廟
#大嘴巴
#養小鬼

俗話說：「交淺言深，君子大忌。」
面對靈界的事務也是如此
畢竟靈屬陰
陰反陽為破，不得不防

就在同學媽媽靈體初癒之時
因為家人成家立業後便搬出去自己住了
所以當時同學媽媽有打算將三層樓的房子賣掉
換一間小一點的房子
於是她便上售屋網刊登出售資訊

幾週後的某一天晚上她突然緊張地打電話給我
告訴我她的盜汗之症又回來了
我好奇的問她怎麼會這樣，這幾天是否有遇到什麼特別的事嗎？

她說由於刊登出售資訊後
前天21:30左右突然有人打電話給她說要看房子
她雖然覺得這麼晚看房子很唐突
但因為她也在家於是便答應了對方的請求

幾分鐘後看房子的人來了
是一對中年夫妻
他們看了看房子後便向同學媽媽表示
事實上他們是買房子要開宮廟的

由於當天晚上同學有約還沒回到家
所以同學媽媽聽到對方是開宮廟的，便卸下心防開始向對方聊起，自己曾經遇上奇怪盜汗症狀的經歷
然後當晚就又開始盜汗

我有點不開心的向同學媽媽說：「妳不是也跑過宮廟，就沒效，怎麼還這麼大嘴巴？逢人就說。」
同學媽媽說：「我以為沒關係，然後你同學也還沒回家，我就想說聊一下⋯⋯」
這就是禍從口出的一個例子

結果我又花了一晚把同學媽媽的盜汗之症止住
因為那對夫妻留下一個小男孩鬼魂在同學家伺機破壞？
一個小男孩鬼雖然不算什麼大問題
但是這個小男孩竟然長得跟之前遇過的另一個下符咒老師所派的鬼長的一模一樣？！
但是所穿的衣服是不一樣啦
真讓我好奇，難道養小鬼可以養同一款？
類似去賣場買同一台掃地機器人的概念

事實上同學媽媽犯了很大的錯誤
（一）對方是買方本來就是與她對立的立場，放個小鬼讓她再現盜汗之症，不就更好殺價？
（二）我也跟她提醒過，症狀剛好時，靈魂尚未完全恢復，是很容易又被靈界干擾的，而下一個靈界干擾很容易以同一個症狀重現，畢竟魂魄上有傷痕可尋
（三）她自己都跑過幾間宮廟了，怎麼還這麼輕信他人，真的很多宮廟都在養小鬼，有的小鬼還會跟去進香

不論你做了什麼法事
只要想有效就勸你不要到處說
除非它已經無效了
畢竟太多你無法掌握的變數
千萬不要以身試法
改天再來說其他人養小鬼的故事

未完待續⋯⋯",
104,2022/06/16 15:02:07,【神知鬼識】,"【神知鬼識】
#開店賺錢 第2話
#卜卦
#健康第一
#合夥
#追本朔源
#按部就班
#備料
#開幕

因為我在北部而客人在中部
所以前段服務大多仰賴科技的發達
客人先自己挑選覺得可以經營的點
然後拍下店舖內外照片給我
由我請神明卜卦看這間店面是否有賺錢的潛力

果然會賺錢的店面不好找
因為客人挑遍了商圈的東南西北
就是問不到一間能用的
而商圈中心的租金昂貴所以不考慮
不過每一間被神明打槍的店舖，神明都提醒說：「不平安，注意健康。」
怎麼會問賺錢卻回應健康問題？

因為實在太奇怪
所以我也如實的向客人說神明一直說要注意健康，也請你想想是否有什麼隱疾之類的

幾天後
客人說唯一身體不好的應該是他的合作夥伴
因為做吃的講求新鮮現做因此長期下來身體已出現問題
於是我便向神明確認是否是在提醒合作夥伴的健康問題？

神明則說：「沒錯！同時要客人向合作夥伴學如何備料，否則，客人不會賺錢。」
原本跳過第一步直接開始找店面的客人
結果還是被神明叫回第一步先站穩再找店舖
真是認真的神明？

好在客人本身就有廚藝底子所以拼一點大約幾個月就可以學會備料的技巧
而我們也同時繼續尋找適合的店舖

最終客人挑選了一間新成屋的店面
它位於城郊的交通要道之上
不過神明指示說這間店舖有磁場不好的問題
所以我們要找一天去轉地靈氣
然後就可以喜悅的迎接開幕了

未完待續⋯⋯",
103,2022/06/14 15:00:24,【神知鬼識】,"【神知鬼識】
#寵物 第2話
#禮儀公司
#寵物火化
#進塔
#寵物墓園
#寵物靈骨塔
#輪迴
#自作多情

當你的寵物走了
你會怎麼處理牠？

相信許多人都會找禮儀公司處理
然後裝罐、進塔或許還參加法會
就是禮儀公司的一條龍服務
但這種擬人化的商業模式卻不符合寵物的邏輯

如果你的寵物體積不大
我真心建議就當垃圾丟棄或是埋於土壤之下就好
但如果牠是大型寵物可能就需要火化以避免環境污染

由於一般動物沒有保留遺骨進行祭祀的概念
所以將寵物遺骸進塔安放並沒有實質意義
就算有進塔寵物的魂魄也不會長住罈中
因為牠們本來就與世無爭，在世時也只有基本的生存需求
所以死後不需要多少時間便可再入輪迴
寵物墓園和靈骨塔最後只會引來陰鬼駐足
如果你還在幫寵物掃墓，是可以考慮不用再掃了
因為通常你也不是在幫牠掃

在我的第一隻貓離世後
基於私心我也曾在日本買了一個可愛的貓形瓷器
並在瓷器上施法、讓我心愛的貓咪在回魂之時能住於瓷器之中
不過最終也就三年吧⋯⋯
牠的魂魄依然消失遁入輪迴

所以以結果論來說
牠們本來就是留不住的
那是否還要花費這些時間與金錢在遺骸之上
就看每個人自己的拿捏了

朋友那天跟我說：「他家人都把寵物的骨灰罈放在家裡。」
這是千萬要避免的
因為罈裡不會有原本的寵物魂魄
這個寵物骨灰罈最後只會成為一個招陰之物

人有運勢高低
當你運勢好自然天不怕地不怕
但當你走衰運時
這個陰邪之物恐怕就會補你一腳

朋友還說：「但家人說上一隻的骨灰罈已經放好久了，也沒有怎麼樣。」
好想跟他家人說：「如果你看得到，還需要留骨灰罈嗎？」
像我就沒有留骨灰罈
因為我的貓咪屍體直接當垃圾丟了
生死有界、陰陽有別
不懂的還是少自作多情的好

未完待續⋯⋯",
102,2022/06/11 15:00:28,【鬼扣應篇】,"【鬼扣應篇】
#椅子下的鬼魂 第9話
#釣魚
#埋怨
#失落
#感謝
#信仰
#宗教
#正神
#靈界律法
#惡魔

給他魚吃，不如教他釣魚。
是我面對每一個人的基本態度

同學的媽媽自從我幫他調整過床位後
就再也沒有盜過汗了
我們從認識到她完全沒有症狀大約花了9個月的時間
然後她也安然度過了痊癒後的前3年或有風險期
這樣算起來我們已經認識了將近5年的時間

在我們相識前
同學的媽媽也曾經去其他宮廟處理過
但都是好個幾天就又故態復萌
事實上在我剛開始為她處理的初期
雖然有部分的效果但在還沒痊癒前
我也收到過她靈魂的埋怨

通靈人雖然具有一點微薄的能力
但有時候也會因此得知一些自己都不想知道或面對的事情
當時同學的媽媽才開始第一階段的處理也就是去除肉體上的陰靈
所以當然不是很穩定，盜汗的症狀也是時好時壞
大概就在開始處理的第二個月的某晚
我便收到靈界寄來的抱怨通知
告訴我案主的不滿回饋
當下事實上蠻失落的
但我直至今日也不曾向她求證過此事
因為我是唯一知道終點在哪的人
如果我也陷入情緒的糾葛之中，那該怎麼結局？

但自從她痊癒後
甚至已經過了或有風險的前3年
同學的媽媽依然不時與我保持聯繫
我跟同學都快沒聯絡了
但同學媽媽還是時不時的送我些吃的喝的
雖然我知道這是她單純的感謝
但我本就沒有要她成為我的信徒或是什麼跟隨者
畢竟我不想以宗教的型式綁人一輩子
她是真的好了
就算不跟我聯繫也不會再現盜汗的症狀

我很常這樣告訴客人：「你可以有信仰，但不一定需要一個宗教。」
因為我曾看過邪惡的通靈人以宗教之名配合自己私心的能力綁架信眾的人生

在靈界
每個靈魂都有可能遇上困難
即便祢具有神職也不例外
但只要撐到最後解脫困境的那一刻
所有的正神或是靈界律法都不會綁你一輩子
除非是你誤信了惡魔
因此我也不可能做出與靈律背道而馳的作為

未完待續⋯⋯",
101,2022/06/09 15:00:21,【神知鬼識】,"【神知鬼識】
#開店賺錢 第1話
#美好的未來
#當老闆
#專業
#占卜
#營業場所
#中古屋
#新成屋

為了謀求更好的未來
相信很多人都有自己當老闆的想法
除了各行各業的專業與是否合乎趨勢外
開業前到底該做些什麼好呢？

首先建議先找一個相信的人占卜吉凶
如果是「吉」再繼續籌備下去
這次客人要開一間國民小食店
基本上看起來是非常有贏面的生意
所以他沒有占卜就撩落去了

既然已經跳過第一步
那只能往下繼續走了
再來就要找一個可以發展的據點
要嘛租要嘛買
這就真的要好好找了

首先營業場所的內外格局是一定要看的
如果連看得見的都顧不好
很有可能連三個月都撐不過
為什麼這麼說呢？
俗話說的好「萬事起頭難」
如果開業之初順風順水自然沒有問題
但若一開始便出現瓶頸
再加上幾個人的三言兩語很容易就信心崩盤關門大吉

假如是需要人潮的營業場所
很大ㄧ部分的營業場所都會是中古屋
因為有人潮的地段大多發展得早，新成屋的比例自然低了一些
另外就是中古屋的租金或賣價通常還是比新成屋來得便宜實惠

如果看上了一間中古屋的空店面，最好先想想如果這個店面會賺錢，怎麼會空在這兒等你呢？
街面上不乏一年換三、四家店的店舖
難道這些老闆都沒找人看內外格局嗎？
有一個可能忽略的細節就是這間店根本磁場不好，做什麼倒什麼
應該沒有人想拿自己的錢試試看會不會倒
所以除了看內外格局外最好再找個相信的人看看這店舖的運勢
畢竟看得見的問題好改，那看不見的問題能改嗎？

如果今天看上的是間新成屋呢？
答案是跟中古屋同樣方式處理
內外格局自然還是要看的
只是沒有前手能拿來判斷是否能做生意
當然還是要找一個相信的人看看這房子的磁場好壞
因為誰知道這塊地有沒有問題？
說不定它沒蓋房子前就不平安

預祝各位老闆都事業昌盛、財源廣進

未完待續⋯⋯",
100,2022/06/07 15:01:54,【神知鬼識】,"【神知鬼識】
#寵物 第1話
#貓奴
#頭七
#爆哭
#投胎
#托夢
#守靈
#九命怪貓

前兩天久久不見的朋友突然問我說：「寵物也有頭七嗎？」
原來是他家阿喵走了

大約在4～5年前我也邂逅了我的第一隻貓
所以對於朋友的提問真的很感同身受
那是一段可以隨時爆哭的日子
用眼淚回憶我的貓主人

回歸主題
對於可愛的喵星人而言
頭七這種人類的習慣牠們當然不太放在心上
雖然貓魂一樣只是這一世投胎作貓
但既已成貓就不會有這麼多人類的執念在身上

事實上一般的貓咪死後並不會回家
因為能看見祂們的人類又更少了
如果回家變得沒有意義
那就更容易選擇略過了

假如祂要回來看家人
通常會在一個月內用托夢的方式回來
而且祂應該只會選擇家裡其中一個人
沒被選到的請不要在意
因為祂需要留些時間安排自己的未來
所以不用為祂守靈
還是準時睡覺比較有機會見到祂

如果你有幸在夢中見到逝去的牠
請認真記得夢裡牠的狀況
因為這是牠最後一次向你傾訴愛意

通常牠會選擇在夢裡重現最開心見到你的景象
這時你要認真觀察牠是否看起來一樣健康
毛色一樣乾凈嗎？
有沒有突然暴瘦？
如果牠有發出叫聲
請聽他的叫聲是否一樣宏亮有力

如果你在夢裡看到的牠很不好
不管是外表或是夢境
那你可以考慮找通靈人問看看祂有沒有問題

不過大家應該都聽過「九命怪貓」這個詞吧！？
所以本質上貓咪不太會死後過的不好
畢竟祂自己也稍微偏陰一點

所以如果有一天你的喵星人也逝去了
請不用太擔心牠的未來
因為牠比你的家人更能照顧好自己

未完待續⋯⋯",
99,2022/06/04 15:00:30,【鬼扣應篇】,"【鬼扣應篇】
#椅子下的鬼魂 第8話
#法夫子
#金匾額
#陰官
#安床法
#生陽之位

自從我開始學習法術
法夫子便常教導我一個觀念
那就是「有法便有破」
意思是說無不解之法
只是有沒有用對方法

就在燒完超渡紙錢的幾週後
同學媽媽的盜汗症狀還是沒有完全根治
於是我便又在夜裡
再次脫靈來到同學家後方的山坡上
希望能瞭解為什麼無法解除同學媽媽的症狀

當晚我來到一個猶如清朝官宦人家的正廳
堂上掛著一塊貼金的字匾
匾額上寫著我無法閱讀的靈界文字
匾額下放著全套實木主客桌椅
我則站在廳堂中央看著空無一人的大堂

不久後便自靈界傳來了解說之語
此房的主人受陰界敕封金匾授權
轄下四營上萬陰兵鬼眾世居於此
其統領範圍內是非人亦難以撼動

同學家的整個社區則有大半落在這個陰官的管轄範圍內
當然同學家也在其中
因此我的超渡紙錢自然無法對祂們產生多少效力
所以同學媽媽的症狀目前看似無解了

幾週後
因為有事剛好到同學家
同學媽媽的症狀雖然沒有根治
但也算是默默接受了這個未解的症狀
也不知道是哪來的靈感
談話間我們突然聊到同學媽媽的床位
於是我認真的審視了她目前床位的方向
然後建議她換一個方向睡

因為她目前就是隨便找一個方向睡
但我看得出來此房有一個至陽之向
所以便建議她調整床位
讓她可以睡在此房的陽隅
希望她能自此解厄安睡

未完待續⋯⋯",
98,2022/06/02 15:00:35,【鬼扣應篇】,"【鬼扣應篇】
#酒鬼 最終話
#承諾
#有得有失
#毀約
#靈體修復
#靈界標記

個人造業個人擔
千萬不要以為能矇騙靈界

大約在案主家人告知我案主已恢復正常生活的前兩天
靈界突然傳來訊息
要求我要跟案主說：「處理的費用要自己出，不可以由他人代付。」

由於案主當初是由朋友介紹來的
朋友和案主是親戚關係
朋友就說要幫案主付錢
這也是我唯一一個由他人代付費用的案子
想不到就在案主得以解脫的當下靈界就開始算帳了

依據靈界的說法是⋯⋯
案主本人犯上祂們，原屬不可解之結，今既已達成協議，祂們也可以放下仇恨，但案主當初由他人代付的有形代價，必須改由案主自己承擔，雙方各退一步，完善此緣。

但就在我像案主家人轉達靈界的意思後
我覺得案主家人的反應不太好
然後大約3天後

案主家人告訴我說⋯⋯
他們無法接受自己付錢這件事，同時他們也對靈界的邏輯無法理解，然後他們可能停止繼續供奉家中的神位和祖先牌位。

當初案主家人給我這樣的回應時我還是好話說盡希望他們能有回心轉意的可能
而且我也不方便跟他們說被靈界認定毀約的代價

在此要奉勸各位
如果有一天受到靈界羈絆後有幸得已解脫
只要是在合法有限的代價內最好不要毀約
因為靈界有三年的時間可以追溯毀約的人
即便你認識再厲害的法師
也不可能護你三年
因為你受傷的靈體也需要時間修復
在你的靈體傷口修護好前
對靈界而言你就是隻待宰羔羊
而且毀約之人將被靈界標記
有可能會斷了自己的後路",
97,2022/05/31 15:00:53,【神知鬼識】,"【神知鬼識】
#靈動
#乩童
#找錯人
#看不見
#看得見
#靈眼法
#唸經
#靈耳法
#時空牆

最近朋友家有一些不尋常的靈動
但因為他父親是乩童
所以我應該也沒有介入的可能

某天我們剛好聊到這件事
朋友說：「是不是找錯人了？我又看不到。」
但鬼通常都是找看不到的人
因為看得到的人也不太會給他找

這讓我想起半年前的某一天晚上
因為當時工作暴增
我便選擇一個人在辦公室通宵加班
不過當天早上的工作頗為繁重
所以我就疲憊的想先睡一覺
等清晨再早起趕工

不知道是不是太久沒留在辦公室過夜了
我突然覺得沙發一點都不好睡
就這樣一直躺在沙發上
完全沒有睡著的感覺
但又疲憊的沒有動力起來加班

我辦公室有兩間廁所
一間在辦公室裡面的區域
一間在外面客廳的會客區域
當時我躺的沙發當然是在客廳
就在大約凌晨3:00左右⋯⋯
竟然從靠近客廳的廁所裡走出一個鬼魂

頓時之間空氣凝結
因為我雖然躺著
但我用靈魂之眼，站著看著鬼魂
而鬼魂也發現我正在看祂
所以祂便站在廁所門口一動也不動的與我相望著

大約過了不到一分鐘的時間
我看著鬼魂，祂裝著沒事的樣子，左搖右擺的又往廁所走去
然後祂就消失了
不過我一樣完全睡不好的撐到了早上上班
當天回家後
我還跟師傅說：「我辦公室怎麼會有鬼晃來晃去？實在太不合理了（生氣）。」

後來和同事們聊天時聽說
樓上住戶的女兒最近搬回家住後
早晚都會在家裡唸經而且還會自己奏樂搭配
我們辦公室則會在廁所或是安靜的時刻聽到她的誦經聲
我後來也有在傍晚時分在廁所聽見她的誦讀聲
在此還是要跟各位說
沒事不用唸經，因為你很可能也不知道自己在唸什麼
而且我辦公室位處文化底蘊深厚的歷史街區
當然也是充斥鬼鬼的熱鬧路段

就在大約10天前的某日傍晚
由於當天在外東奔西跑的很累
回到辦公室後
我就想說睡一下大約18:00再回家
我記得我應該是17:20左右趴在桌上睡的
因為很睏我一下就睡著了
但我記得很清楚在我睡著時
我的靈耳有聽見廁所的門被打開的聲音
因為這個像是鬼開門的聲音
導致我17:40就醒來了
我起來望向廁所
廁所的門確實都沒有移動過
因為它根本是關上的
而且我後來也有看到鬼魂路過廁所開過門的痕跡

所以我當晚回家就跟師傅說：「幫我跟祂說一聲，第二次了欸，再來我跟祂沒完！」
然後隔天上班我又去廁所把我的話貼在時空牆上
讓那白目的鬼罩子放亮一點
大約在把話貼上時空牆後的第三天
鬼魂就再也沒來過了",
96,2022/05/28 15:00:27,【鬼扣應篇】,"【鬼扣應篇】
#椅子下的鬼魂 第7話
#堪輿學
#轉地靈氣
#盜汗
#山精靈魅
#山坡
#墓園

平原為陽，山為陰
是古老堪輿學中的一個概念
雖然事實也是如此
但這只是一個普遍的方向
若是真龍真穴自然不在此限

同學家正好就在依山的一角
因此當時在審視他家屋況時
便發現房子靠山的一面駐足著高密度的鬼魂
這也是為什麼他家需要做轉地靈氣的科儀
為得即是調整地理上的缺陷

一個負責的法師
不僅需要認真執法
更要謹慎的面對一切可能發生的意外
就在當時轉地靈氣的尾聲
有一個部分始終無法當下取得靈界的善意回應
因此只能先等待三個月後陣法完備再看是否能有轉機

雖然同學媽媽已有明顯好轉
但盜汗的症狀始終無法根治
僅僅變得輕微但依然影響睡眠品質
所以我便又踏上了我的尋真之旅
究竟是什麼原因一直阻礙著我的陣法

選了一個睡很飽的夜晚
我再度脱靈來到同學家
家中雖無異樣
但靠山面的山坡上竟有人在等我

首先露面的是一位溝壑縱橫的白髮長者
祂向我說：「那房子要脫離我們的影響，卻沒有專程打點我們，這怎麼行得通，我的家人們怎麼可能放過你同學的媽媽。」
我則很不滿的告訴祂：「我們的房子只到山腳，祢們盤據山頭與我們何干？」

就在我話語剛落的瞬間
山坡上隨即現出了7～800位的山精靈魅
有的圍圈起舞
有的僅在樹皮上張開一雙大眼
在遠遠的山頂上站著一個頭上長角、鳥嘴的綠色人形惡靈怒視著我

幾天後
經過深思熟慮我決定還是給錢放人好了
畢竟再耗下去好像有點麻煩
所以我準備了一份有限的超渡紙錢並寫明下不為例燒給山坡上的鬼眾

因為這個難纏的案子
讓我苦惱了許久
想不到就在燒完紙錢後的幾天
竟然有了一個重大的發現
原來朋友家旁的小山的另一面竟是一整片墓園

所以切記！！
沒事不要隨便住在山邊
如果要住山邊請先google看一下
那座山有沒有墓園
如果有，請再三確認自己是否適合住在那座山

未完待續⋯⋯",
95,2022/05/26 15:02:10,【鬼扣應篇】,"【鬼扣應篇】
#酒鬼 第3話
#累世因果
#好轉反應
#亂罵髒話
#面目猙獰
#補氣符令
#解脫符令

你相信累世因果嗎？
這麼多客人裡我還真是第一次遇到

就在遣走案主身上的惡鬼和為主家再次安奉好神明之後
我就在家裡等消息⋯⋯

每個被鬼纏上的人
在擺脫鬼魂的過程中很容易顯得更加嚴重
有點像是加倍的好轉反應
所以我都會不時的關心案主的最新狀況

自從作法開始強制送走案主身上的鬼魂
聽說案主突然開始每天亂罵髒話
案主雖然酗酒多年但也不曾如此狂躁
更甚時還罵到面目猙獰真的會讓家人開始懷疑到底是好了還是更壞了

大約一週後的某天
案主家人向我表示：「他這幾天好虛弱，感覺沒什麼元氣，氣若游絲。」
於是我便在當晚調起案主的魂魄看看他的靈魂狀態
結果真的像案主家人所說
他病懨懨的就剩一口氣的樣子
隔日我便開了補氣符令給案主燒去
待三日後見效
之後案主家人向我說：「他好多了，也有正常吃飯了。」
然後我就繼續等消息⋯⋯

回復元氣後
案主又開始喝酒了
有少喝一點也表示願意接受治療
但等排定治療的時間到了案主又反悔不去了就這樣反反覆覆的過了兩週

某晚我再次聯絡案主家人詢問狀況
案主家人表示：「他以前都醉醺醺的說自己一定會長命百歲。但他今天卻說他夢見自己要死了，而且就在這幾天⋯⋯」
我心想怎麼會突然要死了？
真是太奇怪了
通常受制的鬼魂即便不爽也不會用死案主
因為這只是過程
鬼魂終究會妥協向善放過案主的

所以我決定今晚再調來案主的魂魄看看
想不到我不只見到案主還看到一間古宅
古宅裡有六個鬼魂，一對老夫妻、一個女兒、還有三個未現身的黑影
老太太鬼魂突然激動的哭著說道：「案主當年姦殺我的女兒，此仇我們決不能放。」
同時我也看到女兒鬼魂的死亡過程
但案主本人當然沒有任何刑事犯罪的紀錄而且他還是優秀的資優生
面對鬼魂的控訴我選擇擱置這個問題
等解脫的符令準備好就給這六個怨恨極深的鬼魂送去
就等著看祂們的回應了

一週後
案主家人自己一個人拿衣服過來給我
我好奇的問：「孩子怎麼沒有一起過來？」
案主家人表示：「他好了欸，所以他自己會帶孩子，這禮拜還看股市買股票。」
所以這個原本醉醺醺的人就這樣好了？！
可喜可賀
但我自始至終沒有看見酒鬼
只有原本被鬼搞的酗酒的案主

未完待續⋯⋯",
94,2022/05/24 15:01:25,【神知鬼識】,"【神知鬼識】
#租店面
#宮廟
#風水格局
#擺設
#托透
#風險管理
#教堂

大家有租房子的經驗嗎？
那你會在意前租客是做什麼的嗎？

幾天前朋友新店開幕
我們幾個朋友便同去與他祝賀
但一到店門口我便發現
這不就是之前開了間死氣沉沉的宮廟的房子嗎？

事情是這樣的
我朋友租的新店面
就在我另一位客人家的巷口
由於我已經幫這位客人處理好了好幾年
之前這位客人還想買附近的房子
也有找我一起去看那間房子
所以這個區域我可算是非常的熟悉
連鬼都跟我非常熟悉
畢竟我們曾經交涉過

由於我是第一個到的
朋友便先帶我看了一圈店面
看完以後的心得是擺設都不合規矩

等其他朋友都到了之後
我們便開心的一同聚餐玩樂
但就在我們開心玩樂的同時
這街區的鬼魂也一直徘徊著向我托透（ㄊㄡˋㄊㄡˊ）
雖然影響還不嚴重
但這間房子確定是被鬼魂們看上了

聊天時我們哥幾個也有聊到這件事
店東朋友也說：「長輩知道這房子原本是開宮廟的時候，也跟我說應該要選別間的。」
當然我也當著大家的面給朋友提了個醒
但看起來他似乎不是很在意的樣子
說真的宮廟都做不起來了我們尋常買賣真的能好做沒負擔嗎？
但我也只能祝福他了

在此要勸告各位看倌
做生意應該首重風險
既會租店鋪做買賣自是有好生意要辦
真的不可隨意承租前手是做宮廟或教堂的房子
因為這可能增加自己生意上或是人生上的風險
不然就是要先找人看好房子
看房子沒多少費用
但等出事一定不只這個成本了",
93,2022/05/21 15:00:05,【鬼扣應篇】,"【鬼扣應篇】
#椅子下的鬼魂 第6話
#氣功治病
#發勁
#口訣
#內外相應

有人練過氣功嗎？
但真的懂「氣」和「靈」的分別嗎？

我之前也一度想去了解什麼叫「氣」
某些功夫學派可能成為「勁」
但因為太懶便又半途而廢了

同學的媽媽在擺脫惡鬼糾纏的過程裡
某天突然跟我提到了一件事
就是10年前她曾經和朋友一起去學過一種氣功
學習這門氣功之後
當學員們身上有不舒服時
可能就會互相幫對方以氣功治病

雖然已經10年沒再去練功了
但因為之前很常練
所以那天同學的媽媽就演示了一下她所學到的口訣和氣功
我立刻勸誡她若想擺脫這惡鬼的糾纏
千萬不能再動這門氣功了
因為當她做起口訣和氣功時
馬上會有百倍陰氣應她所請來到她的身後
我還記得那天我們可是夏天下午2:00見的面
口訣的內容大約是以自身之氣過氣給對方的含義

我對氣功是沒有很深入的瞭解
但對鬼就認識得多了
一般人大多無法分辨陰陽之氣
而當人長期與陰氣為伍之後
若又遇上惡邪之物就很可能內外相應開始影響人類
所以如果你也有在練氣功
切記好好練功就好
千萬不要牽引其他未知的力量

未完待續⋯⋯",
92,2022/05/19 15:05:52,【鬼扣應篇】,"【鬼扣應篇】
#酒鬼 第2話
#丟了鐵飯碗
#天主教
#靈界瞎子
#法夫子
#一個月
#陰德

案主每天都喝得醉茫茫
而且已經嚴重到丟了鐵飯碗
我超好奇的詢問案主家人：「難道你們都沒找人問看看是不是有靈界的問題嗎？」
案主家人則保守的說：「我們找過，一個天主教一個拿香拜拜的。」
我接著追問：「那他們都說了什麼？」
案主家人說：「他們都說沒有靈界的問題。」
好像也不能說他們是睜眼說瞎話
因為他們本來就是（靈界）瞎子

法夫子曾這樣告訴我說：「我們就像醫生一樣，只是我們醫的是魂魄。」
治鬼亦如同治病一般
只要抓住要領一切便可順利的進展下去

上次到案主家看過之後
我便知道這次主家所犯上的惡鬼主要是依附在案主身上
雖然祂們可以自由的在案主家走動
但祂們並沒有佔山為王的想法

因此待主家同意後
我便速速召來主家身後的惡鬼
並向祂們勸說放下一切回歸靈界
本案還有一個特別的地方
就是我靈界的朋友直接跟我說：「要快！」
所以我便一個月當三個月用
一次做滿全部的程序
就等著看後續，到底是為什麼這麼趕了？！

此外，本案若是請到只學表面功夫、根本不通靈的通靈人
八成會叫主家多花一筆調整家中磁場的費用
這種假通靈人看似多賺了一手
但事實上是非常損自己陰德的作法
因為以靈界名義誆騙錢財的人是瞞不過靈界的
雖然騙到陽世的錢財但神界和鬼界都將把這謊言記在詐財之人身上

再者就是案主家的神桌了
案主家雖然有供神桌
但子孫們卻沒有祭祀的習慣
之前的供奉方式是一年拜六天
因為是全家族協調好的
負責拜拜的子孫可以得到一筆額外的錢財
但這名負責拜拜的子孫並沒有住在家裡
反倒是案主住在家中

因此我同時為主家重新安奉神明和祖先牌位
並叮囑他們記得要早晚上香
以求自身平安
俗話說得好：「人在屋簷下豈能不低頭。」

由於案家神桌長年無人祭祀
土地公神像裡的土地公早已人去樓空
祖先牌位中也沒有該姓祖先的神靈駐足
神爐和祖先爐中也住滿了奇怪的靈體
讓我為祂們重新打點
也為主家求取更好的未來

未完待續⋯⋯",
91,2022/05/18 03:00:02,【神知鬼識】,"【神知鬼識】
#摔神像
#破裂
#退神
#冤家宜解不宜結
#車馬費用
#謹慎
#輕鬆
#高水準

今天早上朋友傳了一張有點凌亂的照片給我
他家的敗家子清晨把他家神桌上的神像拿起來摔了！！
因為著力點太準
神尊整個裂開
他家人還把神像拼起來再放回神桌上等著看要怎麼處理

原則上已經大裂的神尊就不能再供奉了
所以我請他有空時把神尊請來給我辦理退神手續

會摔神像的人應該是少之又少
不過聽說也有老師的退神方式是用摔的啦
但他有他的專業就尊重他

事實上我小時候也有一度想摔了我家的某一尊神像
當然這又是另一個故事了改天再說
但我要說的是⋯⋯
在那陣子我一直想要摔它時
事實上我也想好了
反正我看得到祂
祂也知道我不爽祂
但我靈界的朋友卻一直勸我說：「祂也是你家自己請來的神明，用這種不文明的方式處理只會留下惡緣，冤家宜解不宜結，做人還是要有做人的樣子。」
所以當然最後還是理性的協議退神

因為從朋友傳來的凌亂照片裡看到了一絲不安的靈動
所以我便先上香向被摔壞的神尊致歉懇請祂不要跟無知的人計較
想不到反應蠻好的神明似乎同意辦理退神的手續？！

幾天後當我收到朋友送來的破裂神像後
首先找了一天良辰吉日要作為火化神尊的日子
接著要開始正式向神尊裡原本供奉的神明確認祂是否同意退神
然後準備好神明返鄉的車馬費用
結果神明亦然欣然接受了我們的退神按排
為了謹慎起見
我還再等了一天看看是否有什麼遺漏？！
結果沒有😄

認真比起來
送神跟送鬼
送神輕鬆多了
果然有水準的就是不一樣",
90,2022/05/14 15:00:17,【鬼扣應篇】,"【鬼扣應篇】
#椅子下的鬼魂 第5話
#安神桌
#盜汗
#水晶佛像
#玉石神尊
#觀音彩
#資源回收

大家家裡有拜拜的習慣嗎？
如果你家也有一張神桌
真的要小心它是否有問題⋯⋯

自從送走同學媽媽身上的鬼魂之後
同學媽媽每晚盜汗的症狀好了許多
但並未根治
畢竟他家的佛桌上供著另一個亂源

於是我們選定了一天良辰吉時來到他家
準備讓佛桌恢復正常的功能

首先令人非常難以置信的事又發生了
佛桌的安放位置完全不合規矩
但這次好像是某個親戚的好意幫忙安放的神桌
說真的怎麼會不是從事相關行業的人
還有這種莫名的熱誠
難道真的是想推人入坑嗎？！

因為這樣我們還多花了幾小時
重新更換擺設並安置好神桌

同學家的神桌上供著一尊水晶佛
聽說當年是到寺廟裡讓法師開光的
但怎麼開的也不得而知了
在此要告訴各位善信
沒有三兩三盡量別請玉石類的神尊
因為玉石本屬陰寒之物
要奉請正神入內更是具有一定的難度
事實上這也是我第一尊要開光的玉石神像
自然也是慎重再三

一般人要怎麼知道神像有沒有開光入神好呢？
事實上還蠻簡單的
當神靈奉入神像後
該神像的面容必會散發出不一樣的神韻
屢試不爽
即便是玉石神像
但也在重新請神後立刻改變了自己的面容
散發祥（ㄗˋ）和（ㄒㄧㄣˋ）光彩

在此還要提醒大家另一個要注意的地方
因為本次更換的神桌擺設是「觀音彩」
此種有形象的膜拜物
若是被判定有疑慮
一定要立刻馬上當天就送出丟棄

當天因為沒有配合到政府的資源回收排程
同學媽媽就想說先放著
等有回收的當天再拿出去回收
結果一放又過了好幾個月
原本從神桌上請下的惡鬼便在準備被丟棄的觀音彩中等待轉機
導致這幾個月如同空轉、浪費時間

未完待續⋯⋯",
89,2022/05/12 15:01:02,【鬼扣應篇】,"【鬼扣應篇】
#酒鬼 第1話
#指定收費
#好聚好散
#惡鬼
#詛咒
#路沖
#土地公
#祖先牌位

我們常罵嗜酒如命的人是酒鬼
但真的有「酒鬼」的存在嗎？

幾天前⋯⋯
友：「你記得之前跟你提過的那個喝酒喝到丟了工作的人嗎？」
我：「喔，記得啊！怎麼了？」
友：「聽說他更嚴重了，你有空去看他嗎？」
我：「可以約時間啊⋯⋯」

這是一位四、五年前來找過我的客人
老實說當初幫他看時看到什麼重點我都忘光了
只記得當初很肯定的告訴他要處理喔！
想不到他到現在還沒處理好⋯⋯

就在朋友再次來詢問我的隔天早上
一個全身皮膚發黑的男鬼
穿著一般的棉質短袖內衣
帶著僵硬的露齒微笑硬梆梆的站在我家陽台望著我家的神桌
同時我收到了一則靈界傳音說：「這件要收2萬8。」

照理說靈界的人是用不到新台幣的
以往被交待要收多少錢大多是「超優惠價」
讓我開始擔心這案不知道是會有什麼狀況

時間來到約定的時候
我依約來到了案主家
雖然說是看案主但我通常會順便把居住地的社區大樓都先看一看
正所謂出來乍到貴寶地當然要先拜拜碼頭
事實上就是看一下附近的靈界
然後把消息放出去
告訴大家我們可以準備各退一步
他日回歸靈界的路上多一個朋友

進到案家正準備開始東張西望時
突然案主不請自來的來到客廳迎接我們
照朋友說這時案主很可能還在昏睡
誰知就這樣和全身酒氣沖天的案主站在後陽台尬聊了半個小時
此時依附在案主身上的鬼魂也開始肆無忌憚的對我下馬威
一股像酒醉般令全身酥麻的陰氣隨著鬼魂們的惡意籠罩著我
剛好當晚因為太忙完全沒吃飯真的差一點暈倒在地
這應該是我第一次受到惡鬼的影響導致身體的不舒服

等醉醺醺的案主瞎聊完後
我快速的看完了案主家
通常看一間房子的時間大約是15分鐘以內
因為靈界的影響就是差不多這樣
比較難的是該怎麼處理靈界產生的問題和與主家溝通該怎麼處理

其中主家專程帶我到前陽台詢問我
樓下那條正沖他家前陽台的路沖有沒有問題
我看了看並告訴主家沒事
那條路沖並沒有來到他家
只有看有形法的老師才會只看外觀且忌憚無形

這個案子雖然案主每天都喝一手以上的啤酒把自己搞得爛醉如泥
但因為原因並不是他愛喝
是有鬼要他喝
所以只要把鬼請走我相信案主就會獲得非常大的改善

此外
就是他家的神桌
神桌上放著一尊土地公跟祖先牌位
但上面已經沒有神也沒有祖先了
這個一定要一起處理
不然做再多都有可能付諸流水

未完待續⋯⋯",
88,2022/05/10 15:00:15,【神來也篇】,"【神來也篇】
#通靈人生 第1話
#宮廟
#開廟
#開業
#撞鬼
#土地公
#靈魂傳達
#文魁菩薩

以往我很少在看其他宮廟的故事
除非是表現的很愛我的神明的廟
但因為種種原因
現在偶爾會看一下廣義的「同業」在做什麼
至於為什麼會開始看就以後再說

因為前陣子在網路上看到有人分享開廟的經過
然後我就突然有感而發了
雖然我對開廟是沒啥興趣啦
不過對於那個過程覺得很有趣
所以也來分享一下我的「開業」過程

故事開始⋯⋯⋯

大約從我有記憶以來我好像就記得「鬼」這個東西
但老實說小時候自己對「鬼」也是充滿好奇
畢竟在小孩的世界裡沒有正邪
天真的孩子甚至連壞人都認不出來了
更別說什麼「鬼」了

第一次有記憶應該是4、5歲左右吧
當時的我只要去親戚家過夜
半夜就一定會哭醒
只是當時我還不太知道我可能是「撞鬼而怕鬼」

然後大約在小學五年級下學期開始
我就頻繁的遇見鬼
很可憐的是95%都是鬼
只有少少的5%是神而且可能只有土地公
不論是醒著聽到或看到奇怪的東西
抑或是睡著後見到了什麼

為什麼睡著後見到神鬼也可以算呢？
因為有時候神鬼已經跟當事人講半天
但當事人根本聽不到
就有可能會在當晚由夢境再演一次
有點類似靈魂傳達的概念
就這樣跟靈界來往了大約15年？！

然後一直到大學二年級上學期遇見我現在的師傅
我師傅是一個佛教的菩薩
所以我就嫁雞隨雞變成了佛教徒？！
我覺得應該也不是
目前覺得我還是比較偏向單純信仰而沒有專屬的宗教
因為各種教派的儀式只要看得懂應該都可以用

然後就這樣開始由師傅帶領我瞭解一些靈界的概念
上課方式前期都是晚上睡覺的時候
我每天都會看見不同的世界、不同的時空或不同的神或鬼
然後久而久之就變成半個靈界人的概念
這大約是第一階段

第二階段開始就會在醒著的時候
隱約的發生一些想法然後與之前見過的夢境結合
了解並體會靈界所傳達的訊息
同時會得到一些小小的基礎法術
這些小法術沒有什麼時空的限制
只要是有靈魂的地方都可以使用
就這樣又過了15年

就在去年年底的某一日清晨
一個身穿菩薩冠束的神仙來到我的面前
雖然沒有龐大崇高的寶石佛冠
但閃亮的簡約金冠也還算高級
即便穿著簡單的天衣也無法小看它
因為祂所穿的天衣是金絲線所織造
雍容的姿態就像是文藝復興的塑像般自在
他端坐雲頂四週佈滿祥和的光華

耳邊傳來傳旨官所宣旨意：「今日文魁菩薩來此，授予你行善世界之權，堅韌負重、莫忘初心。」

就這樣我拿到開業執照了？！
原來就這樣過了30年終於得到神仙的鼓勵？！

未完待續⋯⋯",
87,2022/05/07 15:51:50,【鬼扣應篇】,"【鬼扣應篇】
#椅子下的鬼魂 第4話
#靈體病
#鬼丈夫
#美工刀
#殺豬刀
#謊言
#解除詛咒

識時務者為俊傑
即便是惡鬼也會看風向

儀式結束後的第二週某夜
身穿古早花布的女鬼來到了我家
今晚祂要告訴我
同學母親身上靈體病的成因

同時他帶了兩個男鬼來到我家
女鬼說：「我有兩個鬼丈夫，一個比較斯文⋯⋯」
此時一位屈著身、穿著淺藍色襯衫，手裡拿一把美工刀的男鬼默默的浮現在我家客廳的角落靜靜的把玩著祂手上的美工刀

女鬼接著說道：「第二個丈夫就粗魯多了⋯⋯」
忽然間從我家客廳的另一道牆中
走出了一位皮膚有如黑人般焦黑的肥胖男鬼
他袒胸露乳只穿著一條短褲手上拿著一把殺豬刀傻乎乎的站在我面前
女鬼又說：「祂倆每晚都輪流拿手上的刀，一刀刀的劃下你同學母親的靈肉⋯⋯」

第二個出現的黑胖鬼聽到女鬼這麼說時急忙解釋道：「不不不，我才沒有做這些事，我是覺得自己胖，拿著刀割下自己的肉減肥的，不信我拿給你看，我割下來的肉⋯⋯」
話一說完祂馬上轉過身去消失在虛空之中

不到幾秒的時間
黑胖鬼拿著一個能裝得下整個人的黑色大垃圾袋再次出現在我家客廳
我看得出來這個大黑色袋裡已裝了七八成的物體

我順手拿起一本古老的靈界書籍猛的向黑胖鬼的頭打去
這本書大概有兩本中華黃頁這麼厚
我拿著書用力地拍打著黑胖鬼的腦袋，同時告訴祂說：「最好是祢捨得割自己的肥肉，祢的肥肉都黑得發亮了，再騙啊⋯⋯」
就這樣打了大約五下之後
三個鬼同時消失在我家客廳

一週後的某日
同學媽媽興奮又不可置信的告訴我說：「我跟你說，前幾天夜裡，當我躺在床上準備睡覺時，我好清楚的感覺到一股沉重的力量，從我的腳底退出了我的身體，突然間我覺得我的身體變得很輕鬆又很自在舒服。」

就這樣我完成了第一階段的工作
同學媽媽的身體將從此開始轉好

未完待續⋯⋯",
86,2022/04/19 19:30:17,【鬼扣應篇】,"【鬼扣應篇】
#煞到
#屍體煞
#300年大廟
#三級古蹟
#借爐法
#調魂術
#脫靈法
#冒名頂替
#勸退鬼法

看一眼死人會怎麼樣？
拜了大廟能驅走鬼嗎？

某天和台中朋友聊Line 時
朋友突然跟我說：「我前幾天不經意看到正在被收屍的流浪漢，然後這幾天身體莫名的怪，有可能被煞到了嗎？」
我頓時腦後竄入一股寒氣
我回問朋友說：「有欸，你頭有不舒服嗎？」
朋友答道說：「有欸，這兩天都覺得冷，然後頭脹脹的。我不過是上班停車時，剛好看到死在椅子上，大概還有20公尺左右欸。」
我告訴朋友說：「晚上下班到家洗好澡再打給我，騎車小心不要騎太快。」

晚上10:30分左右
朋友Line 我說：「洗好了。我昨天還刻意進去我們市的大廟，但今天還是一樣。」
我很平靜的告訴他說：「不意外啊～」
朋友問我說：「那現在怎麼辦？」
我告訴他說：「燒三炷香，向你家拜的神明說，我要借祂的爐用一下，然後把香插入香爐15分鐘後再打給我。」

15分鐘後
朋友打電話問我說：「時間到了，現在呢？」
我告訴他說：「你站在你家神桌前，看著神桌，閉上眼睛，不准動喔！等我再打給你。」
掛上電話後
我在我家的神桌前點了三炷香
調起朋友遠在200公里外的魂魄
在他的魂魄上劃上清淨神咒再把他的魂魄遣回他的軀體裡

5分鐘後
我打電話告訴朋友：「好了，小事，鬼會走，不過需要時間打包行李，你可以準備去睡了，最好半夜1:00前要睡著。然後等我晚上去你家看一下，記得幫我開門。」
朋友匪夷所思的向我說：「就這樣？」
我很認真的告訴他：「不然你還想怎樣？」
朋友再問到說：「那我怎麼幫你開門？」
我一派輕鬆的告訴朋友說：「用心幫我開門。」

午夜00:16和朋友互道晚安後
早上08:00朋友Line 我說：「身體不適感沒了，復活了！！」

我有點愛睏的跟朋友說：「一共四個，我跟他們吃了一晚的早餐，後來來不及吃我夾的麥芽糖就天亮了。但你還是要注意這兩天身體有沒有又不舒服，因為鬼最喜歡騙人了。」

朋友好奇的問我說：「所以我家拜的神擋不住壞東西？」
我肯定的告訴他說：「對啊。」
不過後來那四個鬼也沒有再回來過了
輕鬆結案",
85,2022/04/17 16:00:15,【神來也篇】,"【神來也篇】
#三月瘋媽祖
#大甲媽
#鎮瀾宮

如果你不太欣賞一個人
而且曾經當面向祂表示
你覺得祂還會理你嗎？

對通靈人而言與靈界來往的方式差不多與常人無異
當然我會喜歡的通常只有「神」
因為祂們總是如此完美強大

又到了三月瘋媽祖的時候
應朋友之邀要來去追神轎了
但朋友這次要接的是傳說中的大甲媽
自小便有大甲媽與黑道牽扯不清的刻板印象存在心中
當然以前也曾經到鎮瀾宮拜拜
但因為我從未在廟中見到媽祖
因此對於祂的所做所為真的是充滿疑問

我很坦白的問朋友說：「你怎麼想接大甲媽？」
朋友說：「以我們這種身份的一般人，能請到大甲媽的片刻停留是多麼感動的一件事。」
當時我內心的想法是如果只是停下一頂空轎子事實上也沒什麼意義
畢竟我從未見到過祂

就這樣我們一行20多人站在鑾轎的畢經之路上等了又等
雖然我不排斥宗教活動也參加過很多遶境
但當我確認該活動沒有神靈護佑時真的會覺得無比空虛
因為沒有神靈的護持這活動就好像俗話所說的：「做戲欸空，看戲的傻。」

就這樣我們從白天開始看著隨香人流緩慢的路過我們壇前
到傍晚我們也開始在壇前提供些許吃喝給予需要的香客
這段時間裡我們無刻不緊盯著鑾轎的位置
真的是有種等到天荒地老的感覺

隨著時間一分一秒的流逝
我們終於等到鑾轎前的神將團飛車路過
然後迎來了第一個令人心動的畫面
「頭香的繡旗行禮」
就是會有旗子在壇前拜幾下的儀式
而整場接駕活動也自此發生了變化

當我們送走了最後的贊香隊伍後
開始有靈界的傳聲來到我的耳裡
內容是說：「等一下媽祖來你要跟祂好好交朋友⋯」
就這樣這句話在接下來的2個小時裡
大約每半個小時會再傳來提醒我一次
而我原本真的沒有打算能見到媽祖
所以也一直抱著半信半疑的態度聽著一次次的靈界傳聲

時過午夜就在媽祖的鑾轎離我們約100公尺遠的地方時
媽祖的靈界儀仗已緩緩的踏過我們所準備的紅壇
我驚喜的看著徐徐而來的輦轎
媽祖本人竟然真的坐在轎上

不同於其他的媽祖
大甲媽的靈界儀仗充盈著歡喜瑞氣同時賜福予在場的信眾
而我也被這股強大的神力所感動
真的會讓人心裡充滿幸福的悸動
沒想到我與大甲媽的第一次見面竟是這麼的驚喜意外
當然我也馬上照著靈界傳聲的交代
乖乖的向媽祖祈求庇佑

如同佛家所說：「沒有對錯，只有因果。」",
84,2022/04/13 16:30:17,【鬼扣應篇】,"【鬼扣應篇】
#椅子下的鬼魂 第3話
#緣分
#善意
#遣送時程

當緣分來到
即便是無情的鬼魂也會釋出善意

選定了好日子以後
我們便一大早就來到同學家準備為他母親處理
在儀式開始前我總要親自巡視全場
從大門開始往房子的深處走去
因為有好幾層樓
頂樓自然算是最深遠的地方

再次來到頂樓的佛堂看到已經頃「邪」的神桌
我好奇的問師傅說：「這不用一起處理嗎？」
師傅從容的告訴我說：「先解同學媽媽的靈體病。」

順著房子
我打開了每一扇門窗讓惡氣有所宣洩
點亮了每一盞燈讓房子迎來光明未來
巡遍了頂樓、二樓再回到一樓
就在我路過餐桌時
一個身穿古早花布的女鬼戴著毛帽和同學的媽媽對坐著而背向著我
一眨眼間椅子被靠回餐桌同時女鬼也消失了

不同於一般的見鬼狀態
這是今日惡鬼善意的回應方式
祂已準備好待儀式開始接受我新的安排

身為無體的人類
鬼魂們的智慧與知覺更是超過我們的理解
而當神佛回應人們的祈求時惡鬼們也會收到通知
而鬼魂表達善意的方式大約有三個時段
第一也是最良善的惡鬼會在儀式開始前一晚聚集在我家門口
熙熙攘攘的期待度化的紙錢上有寫到祂們的名字
第二則是在當天儀式開始前會默默的出現在距離壇口附近的地方
但這種鬼魂通常都帶有一定的煞氣但不一定看起來很凶惡
第三也是最後最難處理的鬼魂則是在儀式後等著被神佛們壓著上路

而剛剛坐在餐桌上的女鬼就算是第二種
當第二種鬼魂出現時
我也能很肯定的知道這個案子一定會圓滿落幕

未完待續⋯⋯",
83,2022/03/28 17:15:04,【神知鬼識】,"【神知鬼識】
#父母
#孩子
#遺產
#繼承人
#黃泉見母

各位會擔心死後再見到父母時被罵嗎？
就像小時候做錯事時被父母罵一樣

最近在幫客戶規劃財產也就是未來的遺產
雖然絕對站在當事人角度著想
但因為和當事人的孩子也很熟
所以無意間聊到兩代人對家產的規劃有著顯著的不同

孩子認真的告訴我說：「誰理他！死了也是下去才要面對。」
我誠實的告訴他：「只要有辦好後事，根本不會遇到啊！哈哈哈。」
那孩子恍然大悟的跟我說：「哈哈哈，我笑了，可惡！」

說真的鬼魂根本不在意遺產後來怎麼了
重點是祂能否得到安息
如果照生者所言
葬禮是撫慰生者的儀式
那誰來撫慰亡者呢？

鬼魂們真的更在意自己的未來是否回到輪迴之中
次之更關心自己是否靈體健康、靈生富足
再多的遺產也帶不走、花不了
否則我也就沒有存在的價值了

多行善為自己的未來鋪路
少執著該走的時間到就走",
82,2022/03/25 10:29:48,【鬼扣應篇】,"【鬼扣應篇】
#椅子下的鬼魂 第2話
#醫生
#盜汗
#減重
#相信

如果你覺得自己生病了
但醫生一直告訴你沒病
你會相信自己？相信醫生？還是相信自己撞鬼了？

就在我告訴同學說：「你媽媽確定遇見鬼了，最好要找人幫忙處理。」
很快我們便敲定時間到同學家去和他媽媽見面

這是一個複合式的社區
有一整棟大樓和數棟有年紀的重疊別墅
同學家是日曬均勻的上層別墅
即便有完整的日曬也不能保證能趨陰保陽
天生萬物無有偏私
只有凡人才會相信陽光可以治鬼

進入房子後先大致瀏覽一下
同學媽媽的房間裡站滿了日不避退的鬼魂
同學哥哥所住位在頂樓房間裡有個住滿惡鬼的為了放置加壓馬達而裝成的壁櫃
頂樓正廳的佛堂裡拜的不是桌上的神佛
三層樓的別墅雖受日光照拂但白日裡卻如山洞般陰寒
鬼魂們甚至引來陰水淹覆所有房室
不論在房子的哪個角落都像泡在寒冷的泳池中削弱居者陽氣

同學的媽媽告訴我說：「這半年來，我每晚睡著就冒冷汗，直到濕溽整件衣衫。神奇的是我這半年來體重掉了10公斤，但我沒有胃口不好，也沒有任何節食計畫，去看醫生，醫生說我很健康，沒問題。我覺得我遇上髒東西了，但我跟我孩子說，他們都不相信，說我想太多了。你覺得我有遇見髒東西嗎？」

幾乎所有撞鬼的人都一樣
無法確知自己到底發生了什麼事
畢竟大部分的人都沒有相關經驗
只能到處拜拜好一天算一天

在向同學媽媽解說完她家的情況後
就等著良辰吉時為她擺脫靈界的干擾

未完待續⋯⋯",
81,2022/02/16 14:00:39,【鬼扣應篇】,"【鬼扣應篇】
#佛牌 最終話
#答案
#惡鬼
#財神一脈
#貔貅
#熱氣

如果可以提早知道考題的答案
是否算是很幸福的一件事？

早在接到朋友他堂姐電話的隔天
師傅就跟我說：「把那個東西拿回來，然後就⋯⋯」
我當下的第一個反應是向師傅說：「對方還沒有要委託我，再看看吧！」
但不論如何我還是胸有成竹的出發了
畢竟浩瀚的靈界中還有很多我所未知的事物
所以我才會向堂姐的男友說：「雖然我有個方向⋯⋯」

因應佛牌中惡鬼的不耐之心
我開始為祂開立通關文諜好讓祂提早上路
為什麼我沒有在拿到佛牌的第一時間就送走惡鬼？
因為我一直在思考淨化後的佛牌該放什麼東西進去
畢竟師傅說過：「在法術的世界裡，想得到才有可能做得到。」

當一切準備就緒
首先拿起被惡鬼佔據的佛牌
將佛牌上惡鬼的法術卸除同時把惡鬼請出來站在神桌旁
接著指定惡鬼收受通關文諜後就等惡鬼去靈界報到了
此時惡鬼竟然向我說：「我要等著看你怎麼善後這個空了的佛牌。」
我心想傻鬼祢三天後就消失了怎麼看我善後？

事實上送走這鬼並不是什麼難事
難的是這個醜醜的佛牌該怎麼處理
堂姐的男友當然是為了求取財運才會奉請佛牌回去
自然是要想辦法為他謀求更好的福報
但我誠懇的問了財神三天
財神只無奈的告訴我說：「這佛牌如此不祥和醜陋，沒有仙友願長住於此。」
第一次我的案子卡關了找不到神明願意幫忙
只好放著它期待另外的機緣

大約又過了一個星期
某日師傅突然向我說：「請隻貔貅給他吧。」
我頓時恍然大悟
原來貔貅可以接受住佛牌
就這樣挑了個好日子將貔貅的神靈安奉進佛牌之中

或許有些人會小看貔貅的能力
但我卻深知貔貅的能為
因為大約10年前師傅也請了一隻貔貅給我
當時的我也不知道這貔貅能對我有什麼用途

不過此時的我已完全明瞭貔貅的能力
傳說中招財的貔貅
不僅有神獸守護人類的功能
重點是祂和財神體系的神明們都很合拍
可以為主家牽上財神一脈的緣分
基本上與祀奉財神有異曲同工之妙

就這樣我輕鬆的結案了
即便醜陋的佛牌在外觀上沒有任何的改變
但路遙知馬力我相信貔貅會好好工作的

幾週後朋友的堂姐向我說：「自從貔貅來了以後，我去我男友那邊，都感覺得到安放佛牌的那邊有一股熱氣，可以也請一個神明給我嗎？」
各位覺得我該幫堂姐請嗎？",
80,2021/07/20 12:00:15,【鬼扣應篇】,"【鬼扣應篇】
#佛牌 第1話
#彈
#鬼牌
#失眠
#風水小物
#粉紅肉墊
#高中生白襯衫

各位相信佛牌這種信仰物嗎？
那你覺得裡面有佛嗎？

幾天前朋友介紹了他堂姊給我
他堂姊跟我說：「我男友買了一塊佛牌，但我去我男友家住時，感覺遇到鬼了，有人半夜彈我的腰，我嚇到完全睡不著……」
我擔心的向她說：「你要有心理準備，因為我還沒見過有佛的佛牌，大多是鬼牌……」
就這樣我們約好了時間
來看看她男友的佛牌究竟是佛還是鬼？

來到她男友居住的雅房
小小的房間裡放滿了各種招財的物品
開門見喜的彌勒佛像
窗口屋頂旁的水晶球
正對巷冲的祈福繩結
進門斜對角的小財位
財位上的深綠色盆栽
看得出來屋主對於美好未來的渴望

但房內除了陣陣陰風外
還有一個惡鬼虎視眈眈的站在另一個角落
她男友告訴我說：「佛牌是在網路上買的，賣家說是經過大師加持的六眼佛牌。」
我詢問她男友說：「那你買了佛牌後，財運有變好嗎？」
但她男友卻沒有回答我這個問題
我接著問：「佛牌旁邊黑黑的東西是什麼？」
她男友告訴我說：「在網路上看到說要用木炭供奉這款佛牌。」
真是驚為天人的一個概念
想不到佛牌吃的比鬼還要差

我善意的提醒她男友：「你的佛牌裡只有鬼，建議你還是把佛牌交給我看要怎麼處理得好。」
她男友擔心的問我：「處理會很貴嗎？」
我只能坦白的跟他說：「雖然我有個方向，但我需要帶走佛牌才能確定該怎麼處理，然後才能報價。但你放心，如果你付不起費用，我也會把佛牌還你。」
就這樣她男友用紅包袋把佛牌包起來讓我帶回家了

因為工作突然變的忙碌
所以自從帶佛牌回我家後
我就把它放在神桌上等待處理
就這樣一天…兩天…一個星期過去了

就在某天早上
每天準時起床要吃早餐的寵物貓一如往常的跳上我的床
但就在牠走到我面前準備用粉紅肉墊叫醒我時
我微微地睜開眼睛
看見穿著類似高中生白色襯衫的佛牌鬼就站在床邊的窗戶旁靜靜的看著窗外
一眨眼後佛牌鬼便已消失不見
看起來我好像該先送祂離開了

未完待續……",
79,2021/07/12 15:00:22,【鬼扣應篇】,"【鬼扣應篇】
#平均耗時
#前屋主 最終話
#陰魂水滴
#靈界手卷
#鳩佔鵲巢
#四方鎮宅符

各位覺得送走一個鬼需要多少時間呢？
原則上送鬼的時間好像都差不了多少
不論是親人歸天還是遊魂歸位
大多需要一至三個月

或許會有人覺得這個時間很久
但事實就是這麼現實
做任何事都需要時間的搭配
就像活人要搬家也得先找好去處
隨便找個新的落腳處總需要一些時間
但若是要流浪當然另當別論

算算時間前屋主的超渡儀式已經完成大約一個月了
是該去看看祂走了沒
隨便找了個空閒的日子就和朋友去看他的那間二手屋

打開房門後⋯⋯
前屋主竟還好端端的在屋裡遊蕩
廁所洗手台下也還滴著象徵陰魂徘徊的水滴

如果你也住在一間莫名其妙會滴水的房子裡
當然要先找水電工來維修
確認修不好後
非常建議可以找通靈人看看
因為大約有1～2成的鬼魂喜歡「滴水」的氣氛

我馬上翻閱起靈界手卷查看上次渡靈儀式的紀錄
紀錄上依然只顯示著「完成」的記事
並沒有任何「不足」或是「缺點」的顯示
我就只好淡淡的跟前屋主說：「安排好了，祢記得上路，我下次再來看⋯房子。」

關上門後我又等了兩個月
常常ㄧ忙起來就很難再排上複查的時間
還好朋友很有耐心
這次應該沒問題了吧⋯⋯

當我再次打開門後
象徵陰魂徘徊的水滴現象已經消失了
朋友完全沒有找水電工來修過
這房子只是單純的放了三個月
但誇張的是⋯房子裡多了6個鬼

一個是樓梯間的女鬼
一個是陽台外的跳樓鬼
一個是隔壁牆上畫框裡的男鬼
一個是出面接見我的中年男鬼
還有兩個只現出黑影的鬼魂
負責接見我的男鬼笑瞇瞇的向我表示說：「這房子我們佔下了。」
祂們或許天真的以為我會免費送祂們各歸本位

殊不知我早在進行基督教渡靈儀式的當下
就同時安下四方鎮宅符
所有投機惡鬼都會在符咒啟動的瞬間
被請離房屋內部送出去當遊民
至此完結前屋主ㄧ案",
78,2021/07/05 16:55:14,【鬼扣應篇】,"【鬼扣應篇】
#凶宅
#前屋主 第1話
#基督教

各位覺得凶宅的定義是什麼？
有人在房裡自殺？
有人在房裡被殺？
如果有人在房裡自然死亡呢？

朋友最近購入了一間多年無人居住的房子
聽說年老的前屋主就是在房裡瀕死送醫不治的
這麽算起來是自然死亡嗎？
答案我想是見仁見智的
總之我又被請去看房子了

依照往例看房子前要先看大格局
嗯⋯不用懷疑
整個社區有一堆鬼正在睡午覺
但真正需要關心的只有我朋友的那一間

來到朋友買下的二手屋
我們推開了一扇老舊的大門
客廳長椅上遺落著一件舊外套
廚房洗手台上還有來不及清洗的碗筷
床上捲著一張單薄的被褥
櫥櫃裡還有不知道放了多久的旺旺仙貝
看起來前屋主應該在此平靜的居住了一段時間吧？

但就在我們進門關起那扇老舊大門的同時
前屋主的鬼魂便已站在大門口惡狠狠的看著我們
看起來前屋主並不能理解房子已經易主的事實
身為一個貼心的通靈者
我只淡淡的跟朋友說了一句：「這房子要處理喔！」
朋友很細心的告訴我說：「但是聽說前屋主是信基督教的，你能處理嗎？」
我很誠實的告訴他：「當然！」

在選了個好日子後
我們帶著金銀財寶和水果餅乾準備來渡前屋主了
朋友滿頭問號的表示說：「你這樣哪有像要請耶穌來渡他？」
我認真的問他：「耶穌來了，你看得到嗎？」
難道要請耶穌就要帶聖經嗎？
就我的理解不是這樣的
不論亡魂需要的是什麼
都是以現世物品做個兌換而已
只要請到對應的神靈
供品事實上只是餞別宴上的菜色

我一樣拿起了香唸起了千篇一律的台詞
關鍵的是我啟動了耶穌指令
鬼都是一樣的如同人一般
只要能送他去他想去的地方
過程或許完全不重要
就這樣完成了基督教渡靈儀式

未完待續⋯⋯",
77,2021/06/10 16:18:45,【神知鬼識】,"【神知鬼識】
#疫情
#距離問題
#道人

今日新聞報導疫情似乎有點好轉的跡象
當然希望可以繼續好下去
雖然對我是沒有太大的影響

由於疫情的關係
各行各業可能多多少少受到了一些影響
但在我手上的案子，還是繼續在處理中

前兩天在和因為疫情而變得空閒的朋友聊天時
他開玩笑地說到：「辦事有欠司機嗎？讓我來。」
我很爽快的告訴他：「不需要出門ㄟ，在家處理就好了。」
朋友只好無奈地結束了這個話題

各位覺得法術有空間距離的限制嗎？
回想小時候看過的童話故事與經典電影中的詮釋
在我的感覺中，法術應該是沒有空間和距離的限制
但真的是這樣嗎？

這讓我想起了自己好久以前的經歷
那時我正在外地的大學讀書
某天晚上八點左右
媽媽突然打電話跟我說：「我現在重感冒好不舒服，你可以請菩薩幫幫我嗎？」
身為一個還算孝順的兒子
即便當時的我只學會過火一招
但還是奮不顧身地，啟動了自己幻想的法術

當年的我，在距離媽媽40公里外的宿舍中
自作主張的為媽媽進行了過火儀式

當晚師傅就遣了一位頂著明朝男子髮束、身穿道袍、右手順著自己長長的黑髯、骨瘦如柴的道人來到我的床邊
道人輕聲說道：「隨我來。」
我的魂魄便從床上坐起
下了床後走到了這位道人身邊

只見祂輕輕揮動了自己的左手
長長的袖子劃過了我的眼前
我們便一同來到雲霧飄渺的幻境之中
然後道人伸出了他的右手指向前方
同時告訴我說：「去把那顆球拿過來。」

幻境中
雖然雲霧繚繞看不見任何一條道路或一塊土壤
但我還是聽話的直直走了過去
撿起了那顆球再回到道人的身旁
此時祂又再次揮動左手
當長長的袖子落下後
我們的面前出現了一個小小的池塘
道人再次吩咐我說：「將球放到池塘裡。」

我便自然而然的將手放開
讓球直直的落入池塘之中
就在這顆球觸碰到池水的瞬間
竟然化作了一朵盛開的花朵
道人最後告訴我說：「這樣懂了嗎？」
自此一切幻境隨即消失
我又回到了我的床上
睜開眼時已是早上7時許

各位能理解道人的暗示嗎？

當時的我大概想了幾天，才理解祂的意思
首先幻境即代表著法術的世界
撿球與放球，對我而言，是輕鬆容易的事情
但因為有祂的吩咐，球才能在池塘化作花
從此我便不再自作主張的驅動任何法術

但當然師傅已經教過的除外
從當面過火開始
學到現在的遠距過火
從現場渡鬼開始
學到現在的遠距渡鬼
我確認了法術應該沒有空間和距離的限制

但目前仍有一題是我無法遠距操作的
那就是「遠距開光」
各位覺得有可能可以遠距開光嗎？
也就是說，我在家就可以幫客人家的神像
重請入一位新的神靈
希望有一天能學會這個理想中的法術",
76,2021/06/09 16:00:25,【神來也篇】,"【神來也篇】
#財神發威 第3話
#路沖煞
#攝魂鈴
#陰轉陽之陣

各位覺得供奉在神桌上的神像會移動嗎？
你相信祂能自由控制自己的金身嗎？

某天朋友突然LINE我說：「我記得當初安座時，財神是坐在神桌的正中間，但祂今天怎麼偏了一邊？」
我很淡定的回覆朋友說：「先把財神移回去，下次再過去看看。」
就這樣過了一個星期後……

朋友打了電話對我說：「財神又移動了，跟上次一樣的方向，而且我上次把財神移回原位時，我覺得祂很沉，怎麼這麼容易又移動了？就算工廠的機器會震動，也從來沒有這樣過。」
我非常傻眼的得知
正有一整群的惡鬼站在朋友那端的電話旁
聽著我們講電話
我便一派輕鬆的回覆朋友說：「找一天去你工廠看看財神，順便看一下你說的新廠房。」
掛了電話後
我內心充滿了疑惑
財神和新來的菩薩應該不可能有狀況才對

幾天後到了朋友的工廠
看著神桌上的財神和菩薩
祂倆都很正常的在桌上坐著
也沒什麼特別的事要交待
但是財神的金身確實很明顯的偏了一邊
工廠內也沒有任何妖魔鬼怪
我便先將財神的金身安頓好
接著去看看那個準備新租的廠房

在走去新廠房的路上
朋友很開心的跟我說：「我覺得財神超靈驗的，去年才向祂說，我可能需要更大的空間來使用，不久隔壁的工廠就說租到農曆年前就要遷廠，而且就在我隔壁，只是我覺得那工廠好像有些髒東西，你在幫我好好看看。」

來到新工廠後
整間工廠有8成的空間站滿了鬼魂
前租客留下的木造隔間和木造閣樓裡
更是鬼滿為患
而且廠房後門有路沖煞
看完了新廠房的狀況
我大概有8成的把握
這就是財神為什麼一直移動自己金身的原因
財神先以金身移動的方向
來暗示新廠房後門的路沖煞
再調眾鬼來一起打電話給我
真是很特別的指示方法
但解法還是要回去跟師傅確認才可以

最終確定，除了把新工廠的鬼魂們送走外
在後門的路沖煞安上一個陰轉陽的陣法
讓陰地轉出的陰氣與路沖煞的陰氣合二為一
類似「負負得正」的概念

在為鬼魂辦理送機作業時，還發生了一件趣事
通常在送鬼前後都要巡視全場
就在鬼鬼們都領好機票後
我便一如往常的到處走走看看
就在我靠近木造閣樓時
竟然有鬼叫我上樓
我心想，我本來就會上樓，不知道是在催什麼？
上樓後，那鬼竟然跟我說祂不走了
我整個白眼到月球

面對頑劣的笨鬼，當然會有特別的服務招待
師傅指示我去樓下拿起攝魂鈴送祂一程
大概有10年沒有敲響它了吧
就在鈴聲響起的3分鐘後
頑劣的笨鬼也被迫收起利爪，安全上路了

經過第二次的複查
確認鬼魂們全數離境
但陰轉陽的陣法中
陰地轉出陰氣的部分，卻還沒完成
只好再次喚醒它，並將它託付給財神和菩薩
希望它能快點動起來

最後在第三次的複查後
確認完成了陰轉陽的陣法
雖然是負負得正的概念
但實際上，只能做到負負相消化整歸零
畢竟讓路沖煞消彌於無形
才是此陣的重點",
75,2021/06/07 16:00:49,【神來也篇】,"【神來也篇】
#財神發威 第2話
#進香謁祖
#大神降臨

家中有供奉神明的朋友們～
你們會帶神尊回娘家嗎？

朋友家的財神就要過生日了
但他今年很慎重地
希望我陪他一同，奉請財神回祖廟過聖誕

各位覺得回祖廟需要準備些什麼呢？
一般來說看到的都是紅包、供品和紙錢
當然更虔誠的人可能會聘請神轎班來幫忙
那可能比較限於發了大財的信徒吧
那普通人還在追求發財的路上，該怎麼辦呢？

今天來跟大家分享一下
在我眼裡，回祖廟謁祖一定要帶的東西
事實上，這也是我家財神教我的

由於師傅是佛教的神仙
基本上，祂真的算是清心寡慾的代表了
但我還是要老實地跟各位說一件事
人世的典籍內，總教人要學清心之道
但人世就是一個有貨幣的世界
認真賺錢養活自己
只要取之有道，是不會違背靈界的規定
然而靈界是修為的世界
當然比的不是金錢，而是修為
所以所謂的大神、大道和大佛
沒有一位是破衣爛衫的
只是世界不同，自然追求不同

依照家中財神的指示
回祖廟謁祖一定需要準備的東西就是「紙錢」
想必有很多人會傻眼吧……
可能很多人會說，都什麼年代了！還這麼不環保！
但我只能說現實是殘酷的
燒得剛剛好就好

因為師傅有送我一支「靈筆」
所以我可以用少少的紙錢，發揮大大的效用
當天我準備了兩種紙錢
一種是專門為了恭祝祖廟大財神的紙錢
另一種則是要請祖廟大財神交予朋友的財神
回工廠賜福用的
所以有一封要在祖廟燒
另一封要在祖廟拜好，帶回工廠燒

話說朋友家的財神可是出自名山靈秀
即便出門前，受師傅應允以靈筆書寫好所有的賀詞章表與賜福庫錢
但還是有一點小小的耽心
即便是通靈人也是會耽心大財神不買單的
畢竟我從小就去過這間財神廟
但從未與該大財神有過來往
雖然我已跟著師傅學習法術多年
但還是難免有些忐忑不安
就這樣拎著紙錢和朋友踏上了謁祖之路

朋友所供奉的財神好像真的蠻喜歡我的樣子
一路上祂都和我們一同搭著車往祖廟而去
就在我們抵達祖廟山腳下時
財神一眨眼便進了大殿
剩下我們兩個俗夫抱著金身
一步步的走上大殿

簡單的奉香恭祝大財神千秋聖誕後
望著眼前的大殿
我只看見大財神遣的侍從仙官前來觀看
我所準備的賀詞章表和賜福庫錢
感覺起來我還是沒有大財神的緣分(難過)

還是乖乖的等燒紙錢吧
不幸的是，因為聖誕信士眾多
因此祖廟決定金爐停止現場燒化服務
改成統一集中後由廟方燒化
即便是用靈筆加持過的紙錢
也得在預約的日子燒化
因此只能將紙錢帶回工廠自己燒了

就這樣我們回到了工廠
為財神安座後，擺上了供品
接著要開始按序燒化紙錢
神奇的是，就在燒化賀詞章表的紙錢時
祖廟大財神竟然降臨在朋友工廠的神桌之上
原來祖廟大財神降駕是如此地威風
朋友工廠周遭10里內的靈界都停止了活動
眾靈都讚嘆著大財神的威德
就這樣大財神與朋友的財神在神桌上聊了約一刻鐘的時間
隨駕仙官、童子和兵將把小小的神明廳擠得水洩不通
托朋友財神的福氣
一睹大財神尊容
真是今日最大的收穫了",
74,2021/06/04 19:00:24,【神知鬼識】,"【神知鬼識】
#法術 第1招
#菩薩指
#過火

感謝 Sammy Shen 的發問
我所說的過火，究竟是什麼呢？

在向師傅拜師學藝後
事實上，我並沒有立刻地實質進展
但我還是每天乖乖的臨摹學習

由於師傅是神仙
所以都是在夢中向我傳授課程
但一開始並沒有學到什麼可用的法術
直到拜師後的第二年的某個晚上
我作了一個非常真實的夢……

夢中有一位靈界的法師
因為仇恨，對整棟房子的人立下死咒
眾人隨著時刻一到
一個個的倒下身亡

此時師傅在夢中扶著我的手
教導我手捻菩薩指
當空奉請菩薩賜予我神聖靈力
在受咒之人的身上寫下師傅的名字
原本膚色大變瀕死的人們
瞬間即恢復正常
就這樣我在夢裡連續操作了三次

但當年我的法術根基很淺
才解了幾個人的詛咒就已精疲力盡
因為在為他人過火時
菩薩會將祂的神力注入我的手中
再由我的手傳導至受術者身上
而我也第一次體驗到什麼叫「靈媒」的概念
這就是師傅教我的第一招法術

人類若是受到鬼魂的干擾
身上必定會留下鬼魂的陰氣
但因為人有肉體的保護
因此可受日月星辰等自然之力運行的保障
若是不嚴重的陰氣，是可以慢慢的自然排除
就像是疲勞一樣，可以透過休息解除

但今日若遇上道行高深的鬼魂或是惡鬼
祂所加諸在人類身上的陰氣就未必可以自然排除
而此時若是能幫這個人過火
這個人將因為神聖之力的介入
而退去鬼魂的陰氣

同時原本施術的鬼魂會得知有外力介入
因為鬼魂都很聰明
通常不會自討沒趣
當祂認為糾纏這個人太麻煩時
就有可能選擇放棄
這時，我就開心可以收工了",
73,2021/06/04 16:00:22,【神來也篇】,"【神來也篇】
#財神發威 第1話
#工廠二代
#租賃契約

各位相信神明也是有專長之分的嗎？
雖然某些大神大道
可能是以全能的形象存在人們的心中
但印證起來，似乎還是有各司其職的感覺

朋友家中，自父母一輩起便經營著工廠
算是個二代的概念
為祈求事業昌盛
便從財神廟迎請財神回廠供奉
據他所說自請回財神後
工廠業績已明顯蒸蒸日上

但工廠還是偶爾有小小的怪事發生
身為朋友的我
當然有跟他說過一些工廠的靈界問題
但他還沒想處理
而我也不會催他
畢竟是自己要承受的

某日他似乎感覺到了什麼
專程請我到他工廠去好好瞧瞧

原本存在的靈界問題依舊
倒是在看完他工廠的神桌後
我認真的向他說道：「財神克盡本份的和你一同打拼，但是神桌上的財神身後，觀音聯裡的觀音菩薩卻沒在工作。導致財神不能專心地為你謀畫未來，需要分心協調廠裡的其他靈界問題。」

就在我看完神桌，準備離開工廠時，原本安奉在觀音聯裡的觀音菩薩，突然偕同20位仙聖浩蕩的駕臨工廠。

但我也只向觀音菩薩稟告：「祢若是早這麼做，怎麼會有今天的狀況？」

事實上，我覺得朋友工廠裡的觀音菩薩
並不是能力不足
而是心態與邏輯的問題
在明眼人前才孜孜矻矻
是不是有點不太好？

就這樣，朋友想請我幫他排除工廠的這些靈界問題
我也老實的向他說：「我會請我師傅幫你請一位新的菩薩，好好的與財神一起為你工廠招財納祥。至於工廠裡的鬼魂們，我可能需要再跟師傅討論看看該怎麼辦。」

以往以屋主的身分向靈界提出申請當然沒有問題
但因為朋友的工廠是租的
這還是第一次以承租方的角度出發

在獲得師傅的首肯後
我將朋友工廠的租約謄作靈界告示
張貼於工廠四周
同時為他請來一位全心全意地菩薩坐鎮工廠
朋友後來告訴我
自從請了新的菩薩並送走工廠的鬼魂後
工廠的業績竟然翻了一倍
可惜我不是做抽成的
但還是很慶幸能幫上他的忙",
72,2021/06/02 16:50:48,【鬼扣應篇】,"【鬼扣應篇】
#勸退鬼法 最終話
#騙人
#電梯

昨晚算是被鬼女兒下了逐客令
真是卑微的人生(茶)
但因為鬼魂很常騙人
所以不管祂說什麼我都不會輕易相信

今晚我準備再度啟程前往同學家
當然一樣是以脫靈的方式進行
我天真的同學
竟誤以為我會再次光臨她家
雖然便當很好吃
但大家都是忙碌的上班族
時間寶貴
有效最重要！

經過我的探查後
自第二晚起
鬼書局就撤除了連接在同學家電腦房的陰界之門
雖然急迫的陰界之門已經消失
但我還是懷疑同學是否招惹到了鬼母女

因此我詢問了同學，最近是否有什麼奇怪的際遇？
而她真也果真想起了一件奇怪的事

她說：「某天，我要搭電梯要到三樓公婆家，同行往上的電梯裡有著一對母女，這對母女也要搭電梯往上。

當電梯門一打開，我直接走出電梯要去公婆家，卻發現大門跟鑰匙都不對，原來我走錯樓層了，只好再搭電梯往下，一恍神，電梯直接到了一樓。

怪的是當電梯到達一樓時，我又看到剛剛跟我一起搭電梯上樓的母女正站在一樓，準備要搭電梯上樓。

她們剛剛才跟我一起上樓，怎麼現在搭電梯回到一樓時，她們又在一樓，要和我一起上樓呢？

而且這一次她們也是要去三樓，我很確定是同一對母女，因為第二次又在電梯遇到時，我有跟她們聊天。

那對母女表示她們也嚇到，她們想說我們不是剛搭過同一台電梯，而且我明明比她們早出電梯。怎麼現在我們卻是要去同一層樓？」

聽完同學的遭遇
原來這對鬼母女就是在電梯裡遇到同學的
只是同學說，之後就沒再遇見過這對母女了
各位覺得是哪一對母女有問題呢？

同時同學竟然打電話跟我說：「我看到你寫的臉書了，所以我家有問題嗎？」
頓時覺得很開心，妳變的如此勇敢
我想告訴妳說：「妳家沒問題，我們講了這麼些時間的電話，妳家一切平安，而且我才又幫妳和孩子過火，放心吧！」",
71,2021/06/01 16:30:07,【鬼扣應篇】,"【鬼扣應篇】
#勸退鬼法 第2話
#打鐵趁熱
#鬼書局

依照這10多年來的經驗
鬼魂們通常不相信有「人」會這麼直接找上祂們
因為祂們大多認為只有「虛」擾「實」
而沒有「實」擾「虛」的可能

晚上從同學家忙完
回到自己家都已經將近午夜11點了
但我知道就是今晚
我需要再到同學家一趟

避免過了今晚，時間一久
導致游移在她家附近的鬼魂們
發現了我今晚的舉措
對我提起防備

由於房子是她老公買的
因此再三叮囑她老公睡前
要以主人之名為我開啟他家的靈界之門
有點像是飛機起飛的概念
由同學家那一頭先準備好讓我著陸

一如往常的在睡前點燃了三柱清香
祈請菩薩保佑我馬到成功
闔上眼準備脫靈去找鬼

等我再次張開眼時
我來到了一間鬼書局
占地約20坪左右的一樓店舖
每一條走道的左右兩旁都放了一個人高的置物架
架上滿滿的文具和文書用品
真的跟陽間的書局一模一樣
只可惜店裡一個「客人」都沒有

我隨手拿起了架上的一支藍色原子筆看了看
這款式好像有點舊
大概是唸國中時就見過的產品
然後順著走道繼續往裡面走
我看見一個年約27~28歲的女人坐在一個單人的OA屏風式辦公桌後
祂留著烏黑秀麗的長髮
清瘦蒼白的瓜子臉
穿著簡單的合身T恤和直筒褲

師傅用留聲機告訴我說：『這是在你同學家開設鬼門的鬼魂的女兒，這間鬼書局是這一帶數一數二的鬼店，生意不錯，主事的老女鬼目前大多負責店裡的會計項目。』
聽完師傅的介紹，我想應該不會錯了
我坦白地向鬼女兒說：「可以請祢們別再找我同學和她兒子的麻煩嗎？」
鬼女兒依然無動於衷的坐在椅子上
頭也不抬地向我說道：『我媽很兇，你再不走，等祂回來，你就死定了！』
當場白眼翻到月球去
又是一個開口就要人死的臭屁鬼

說時遲那時快，不到2秒鐘的時間
整間鬼書店像是遇到強烈地震般劇烈的搖晃
爾後鬼書店隨即消失在了虛空之中
我的靈識也回到了我舒服的床上

未完待續……",
70,2021/05/31 17:00:39,【鬼扣應篇】,"【鬼扣應篇】
#新手媽媽
#到府服務
#即刻救援
#勸退鬼法 第1話

有人說婚姻是愛情的墳墓
但是否也是友誼的終點？

高中好同學某日下午突然LINE給我一個：「嗨（的貼圖）！」
自從她婚禮後，我們就再也沒聯絡過
我差點連她的LINE名稱都忘了

當我點開對話視窗後
簡單聊了幾句，我就確定她遇上鬼了
但因為我也不清楚，她是來純問的？
還是有其他想法？
所以我就中規中矩的告訴她：「要找人處理，早期發現早期治療。」

直到她告訴我一句讓我白眼翻到月球的話
她是這麼跟我說的……

她最近擔心自己兒子是否遇見鬼的顧慮？
是源自於她娘家的一位鄰居阿姨
當初這位鄰居阿姨告訴她：「你兒子被女鬼跟上，把淨符拿回家洗就會好。」
然後她兒子安穩的睡了幾個星期
突然昨晚她帶兒子要上床睡覺時
她兒子忽然衝向她一臉驚恐的要她抱抱
她也詢問了鄰居阿姨
鄰居阿姨竟然跟她說：「因為她（媽媽）體質招陰，所以少抱兒子比較好。」
我好想問：「鄰居阿姨你有事嗎？」

就這樣我們約好下班後，到同學家拜訪
只可惜不是入宅Party，而是鬼鬼Party
同時從出發前5小時開始師傅就一直在我耳邊向我說：「要幫她過火…要幫她過火…要幫她過火…」
第一次覺得師傅好聒噪

晚上抵達她家後
先在社區大門等著同學老公來接我上樓
看著偌大的社區默默的想著說：「又是一大棟鬼屋……」

上樓後認真的看完案發現場
因為知道同學本人很膽小
所以很難直接了當的告訴她發生了什麼事
但還好她說過不敢看我臉書分享
所以我可以放心的寫我的文章

她家是間挑高的夾層屋
鬼魂們在閣樓電腦房的櫥櫃開了一個通往陰界的門供鬼魂們自由出入
由於這個門開的比較高
所以雖然客廳有挑高，但挑高的部分全是髒東西
好在目前只有房子出現問題
照師傅交待的幫同學一家人過完火後
再告訴同學晚上怎麼開門，讓我進社區找鬼談談後就可以回家了

不得不說一個很尷尬的點
當天我去同學家場勘和過火
同學親媽竟然帶著她自己當天從廟裡求來的護身符和祭改過的衣服要給同學穿戴
真不好意思當面跟同學親媽說：「阿姨，別再去求了，沒有用的。」
就這樣同學親媽滿臉問號的，看著我幫同學一家人過火

未完待續……",
69,2019/12/08 15:41:15,【鬼扣應篇】,"【鬼扣應篇】
#鬼纏身
#無神論
#椅子下的鬼魂 第1話

如果有一天你被鬼纏身了
你敢告訴別人嗎？

最近因為興趣接著參加了一個短期課程
課程中以10個人為一組
且某些時候會開放各組成員在課堂上討論

某天老師給了我們10分鐘討論題目
不知怎麼的大夥都相當沉默
就在討論時間即將結束時
某位上一屆就認識的同學竟然大聲的向我問道：「我媽說她被鬼纏身ㄟ，你覺得有嗎？」

這個與課程毫無關係的奇怪問題引來了全組同學的注意
同時
一個鬼魂冷冷地坐在我的椅子下靜靜的看著那位說話的同學
環顧四周同學們的表情後
我很平靜的告訴他：「沒有，你媽哪有被鬼纏身。」

雖然沒有以通靈為業
但違背現實說出可能誤導人類的話
實在不是我的初心
因此便默默的下定決心
如果下星期那位同學又跟我問同一件事的時候
一定要如實告知

果不其然
下週上課時才剛進教室
那位同學便默默地私底下跟我說：「我媽一直說她被鬼纏身，你覺得有嗎？」
如此揭開了我與同學媽媽身後鬼魂的奇妙際遇

未完待續⋯⋯",
68,2019/12/08 15:41:06,【鬼扣應篇】,"【鬼扣應篇】
#鬼纏身
#無神論
#椅子下的鬼魂

如果有一天你被鬼纏身了
你敢告訴別人嗎？

最近因為興趣接著參加了一個短期課程
課程中以10個人為一組
且某些時候會開放各組成員在課堂上討論

某天老師給了我們10分鐘討論題目
不知怎麼的大夥都相當沉默
就在討論時間即將結束時
某位上一屆就認識的同學竟然大聲的向我問道：「我媽說她被鬼纏身ㄟ，你覺得有嗎？」

這個與課程毫無關係的奇怪問題引來了全組同學的注意
同時
一個鬼魂冷冷地坐在我的椅子下靜靜的看著那位說話的同學
環顧四周同學們的表情後
我很平靜的告訴他：「沒有，你媽哪有被鬼纏身。」

雖然沒有以通靈為業
但違背現實說出可能誤導人類的話
實在不是我的初心
因此便默默的下定決心
如果下星期那位同學又跟我問同一件事的時候
一定要如實告知

果不其然
下週上課時才剛進教室
那位同學便默默地私底下跟我說：「我媽一直說她被鬼纏身，你覺得有嗎？」
如此揭開了我與同學媽媽身後鬼魂的奇妙際遇",
67,2019/12/02 04:20:35,【神來也篇】,"【神來也篇】
#偏殿
#觀世音菩薩
#朋友

假設去廟中參拜
各位會認真的拜完整間廟？或是拜完大殿就離開？
通常我的選擇是只拜大殿
因為若大殿的主神不理我
通常偏殿的神佛也不會有人理我

某日晚上與好友聊LINE
不知怎麼的提到了一間遠在300公里外的古廟
聽說廟中偏殿所祀奉的觀世音菩薩頗具盛名
由於師父也是觀音體系中人
因此我便上網Google了照片

說也奇怪
自我看見圖片中的法像開始
竟有仙佛之氣從虛空之中注入我的身體
這現象大概持續了20分鐘左右
雖然祂沒有留下任何訊息
但我已對祂充滿了好奇
若有機會應該親自去見祂一面

後來與朋友約好時間
我們便往那古剎而去

走入廟埕進了大殿
嗯……主祀的神尊完全不理我
就認真的欣賞一下百年工藝吧
這古廟蓋的好不工整
只好一個接著一個的偏殿走找尋我要找的人

終於來到圖片裡的觀音殿
殿中的觀世音菩薩也來與我相見
祂竟然說：『我們好久不見……』
這是第一位在廟中和我以朋友相稱的神明
而且祂還蠻有名的

離開時祂送我走到廟埕
大殿上的主神依然沒有理我
其他偏殿裡的神明也沒半個關注我
這是第一間我只需要來拜偏殿的廟

爾後只要經過觀音殿
上次同行的那位朋友都會說：「快來見你朋友。」
事實上每間廟的觀音都不一樣
我完全不懂他怎麼會以為每個都是我朋友",
66,2019/12/02 04:20:27,【神來也篇】,"【神來也篇】
#偏殿
#觀世音菩薩
#朋友

假設去廟中參拜
各位會認真的拜完整間廟？或是拜完大殿就離開？
通常我的選擇是只拜大殿
因為若大殿的主神不理我
通常偏殿的神佛也不會有人理我

某日晚上與好友聊LINE
不知怎麼的提到了一間遠在300公里外的古廟
聽說廟中偏殿所祀奉的觀世音菩薩頗具盛名
由於師父也是觀音體系中人
因此我便上網Google了照片

說也奇怪
自我看見圖片中的法像開始
竟有仙佛之氣從虛空之中注入我的身體
這現象大概持續了20分鐘左右
雖然祂沒有留下任何訊息
但我已對祂充滿了好奇
若有機會應該親自去見祂一面

後來與朋友約好時間
我們便往那古剎而去

走入廟埕進了大殿
嗯……主祀的神尊完全不理我
就認真的欣賞一下百年工藝吧
這古廟蓋的好不工整
只好一個接著一個的偏殿走找尋我要找的人

終於來到圖片裡的觀音殿
殿中的觀世音菩薩也來與我相見
祂竟然說：『我們好久不見……』
這是第一位在廟中和我以朋友相稱的神明
而且祂還蠻有名的

離開時祂送我走到廟埕
大殿上的主神依然沒有理我
其他偏殿裡的神明也沒半個關注我
這是第一間我只需要來拜偏殿的廟

爾後只要經過觀音殿
上次同行的那位朋友都會說：「快來見你朋友。」
事實上每間廟的觀音都不一樣
我完全不懂他怎麼會以為每個都是我朋友",
65,2019/11/24 15:09:52,【神來也篇】,"【神來也篇】
#音樂
#軒社
#託夢

俗話說：「學音樂的孩子不會變壞。」
各位有多久沒有培養自己的興趣了呢？

由於剛結束一段漫長的課程
所以想給自己一個新的目標

求學時曾加入過管樂社學習西樂
上網瞭解了一些社會人士可以參加的社團後
總覺得自己不太適合便就此打消這個念頭

也不知道怎麼想的
只記得小時候聽父執輩們說過
爺爺曾是北管樂團裡的靈魂人物
這次就來接受國樂的薰陶好了

但是該去哪學習國樂呢？
因為有學習樂器的經驗
所以知道想要小有所得不是一天兩天的事
一開始最好是可以降低學習成本
先試試看自己是否真的有興趣

思來想去只知道廟會時會聽到北管
所以就上網找了廟會與北管的相關資料
這才發現原來有一種叫作「軒社」的組織
他們專職在廟會活動時擔當現場演出的工作
我想這就是我要找的社團了

從網路上的資訊得知
軒社大多聚集在城市發展較早的區域
以目前的社會風氣來說也算是一類式微的傳統文化
有些軒社甚至只剩下一群長者在運作
令我不勝唏噓

突然間我在網頁上看到一張軒社的電子海報
上頭還清楚註明了招生公告
查了一整晚的資料終於讓我找到一個方向
看看時間已經凌晨兩點
趕緊休息明天還要上班

正當我躺上床即將入睡前
在漆黑的房間裡
我的靈魂看見床頭櫃上出現了一尊面容被燻的烏黑的小神像
祂一開口便問我說：『你叫什麼名字？你想學北管？……』
就這樣開始了與祂的促膝長談

但我就聽懂了前面這兩句
接著只依稀聽見祂使用我不能理解的語言繼續跟我的靈魂對談
就這樣似睡非睡的一直聽到破曉時分
我看見我的靈魂抬起頭來望向窗外看了一眼
祂對小神像說：『天要亮了。』
然後小神像就消失了

再睡沒多久早上起床感覺好像整夜沒睡一樣
但這間軒社好像蠻特別的？！",
64,2019/11/24 15:09:10,【神來也篇】,"【神來也篇】
#音樂
#軒社
#託夢

俗話說：「學音樂的孩子不會變壞。」
各位有多久沒有培養自己的興趣了呢？

由於剛結束一段漫長的課程
所以想給自己一個新的目標

求學時曾加入過管樂社學習西樂
上網瞭解了一些社會人士可以參加的社團後
總覺得自己不太適合便就此打消這個念頭

也不知道怎麼想的
只記得小時候聽父執輩們說過
爺爺曾是北管樂團裡的靈魂人物
這次就來接受國樂的薰陶好了

但是該去哪學習國樂呢？
因為有學習樂器的經驗
所以知道想要小有所得不是一天兩天的事
一開始最好是可以降低學習成本
先試試看自己是否真的有興趣

思來想去只知道廟會時會聽到北管
所以就上網找了廟會與北管的相關資料
這才發現原來有一種叫作「軒社」的組織
他們專職在廟會活動時擔當現場演出的工作
我想這就是我要找的社團了

從網路上的資訊得知
軒社大多聚集在城市發展較早的區域
以目前的社會風氣來說也算是一類式微的傳統文化
有些軒社甚至只剩下一群長者在運作
令我不勝唏噓

突然間我在網頁上看到一張軒社的電子海報
上頭還清楚註明了招生公告
查了一整晚的資料終於讓我找到一個方向
看看時間已經凌晨兩點
趕緊休息明天還要上班

正當我躺上床即將入睡前
在漆黑的房間裡
我的靈魂看見床頭櫃上出現了一尊面容被燻的烏黑的小神像
祂一開口便問我說：『你叫什麼名字？你想學北管？……』
就這樣開始了與祂的促膝長談

但我就聽懂了前面這兩句
接著只依稀聽見祂使用我不能理解的語言繼續跟我的靈魂對談
就這樣似睡非睡的一直聽到破曉時分
我看見我的靈魂抬起頭來望向窗外看了一眼
祂對小神像說：『天要亮了。』
然後小神像就消失了

再睡沒多久早上起床感覺好像整夜沒睡一樣
但這間軒社好像蠻特別的？！",
63,2018/06/20 14:47:26,【神來也篇】,"【神來也篇】
各位有去過信奉密教的場所嗎？
之前有一次和朋友一起去聽講
我記得曾在供桌上看見幾張喇嘛的照片
身為一個通靈人還蠻難理解要拜「人」的意義
但現在我可以瞭解他們的想法了

今早上班前一如往常的來到佛堂準備上香
但神桌的左右各站了一位來自靈界的侍者
站在左手邊的侍者伸手擋住了我的步伐並告訴我說：『現在不能拜拜。』
我疑惑的問祂說：「為什麼？」
祂向我說：『你沒看見神桌下的人嗎？』

我低下身從神桌的細縫裡看見一位繃著臉感覺很嚴肅的靈界長者
祂穿著紅色和黃色的雙色喇嘛裝盤腿而坐在神桌的正下方

我不是很開心的向站在神桌旁的侍者說：「這是在做什麼？」
此時原本坐在神桌下的長者突然間浮現到了神桌前如山岳般聳立著
這位靈界長者的身材壯碩大約有200公分高120公分寬

才等到祂離開神桌的我一股不悅隨即湧上心頭
應該要給這位靈界長者一點教訓免得日後一堆莫名其妙的人都跑來我家打坐
就在我心念一動的瞬間
長者的左右侍者似乎通察了我的想法
祂們隨即舉起手臂要阻擋我接近長者

此時我毫無懼色的一股腦衝撞了過去
當我再次張開雙眼時我已越過侍者們的雙臂來到長者面前
不由分說我隨即給長者送上一頓拳打腳踢
但不管我怎麼用力踢打長者的身驅
祂皆面不改色的看著我

我的拳腳就像和風般吹拂著祂的臉龐
幾秒鐘後長者說話了
祂向我說：『你現在是把我當作孤魂野鬼在打嗎？』

話語畢
長者念頭一轉
一把手抓住了我胡亂揮舞的拳頭
猶疑間長者帶我來到祂所修習的境界

豔陽高照之下卻感受不出一絲炎熱
萬里無雲的晴空之中沒有半隻飛禽
滿世界的花花草草無不如盛夏綻放
祥和自在的感覺好比人云極樂世界

在此吉祥之境的中央
豎立著一座寶塔是長者的修靈之所
撐起寶塔的四柱之上雕刻著巨大且裝飾繁複的守護神
三男一女的宏偉神像會在必要時化作守衛長者的護法

伴隨長者來到我家的左右侍者為四柱其二
唯一的一位女性神像也在我們抵達該境時
自塔柱上由石塊化作活仙女前來迎接我們

身為神人的喇嘛是我認識的一位新朋友",
62,2018/06/03 14:56:22,【鬼扣應篇】,"【鬼扣應篇】
一直以來都聽過一種說法
就是當人類被鬼魂纏上時要和鬼談條件
但到底是該怎麼跟鬼談呢？

前幾天好友突然跟我說：「我老公最近突然怪怪的，變的很負面而且還時不時說要去跳海，你能幫我問一下菩薩看家裡是不是出了什麼問題嗎？」
我很認真的向她說：「真的假的？！我再找時間幫你問問。」

幾天後我請示了菩薩
竟然得到了『沒錯』的回覆
我就選了一天向菩薩稟報說：「請菩薩今晚帶我的靈魂去我朋友家，看看她家究竟是怎麼了。」
然後我就睡覺去了

清晨時分
我的靈魂來到了朋友家
我看見一個鬼魂站在她家的走道上
另外有四條魂魄在屋子裡亂竄
最特別的是有一條冤魂一半待在她家一半待在屋外的水溝裡
我問走道上的鬼說：「祢們在搞什麼？」
祂直白的回答我說：『沒幹嘛啊。』
然後我就回家了

幾天後當我再見到朋友時
我向她說：「真的有那種東西在妳家欸。」
她很認真的問我：「有幾個？」
我遲疑了一下向她說：「我是想問你能給我請祂們離開的權力嗎？」
她立刻告訴我：「當然好！請你讓祂們離開我家。」

當天晚上
我又奉香稟報菩薩說：「今晚讓我的靈魂帶著我朋友的意思去請祂們離開吧！若是不從，看該怎麼辦就怎麼辦。」
接著我就又去睡了

清晨時分我再次來到朋友家
我點了點名
一個、兩個、三個、四個⋯⋯
鬼魂們在下樓的樓梯上排成一行小隊伍
站在最後一個的鬼魂向我說：『明天走。』
是怎樣？
難道走還要挑日子？
然後我便醒了過來

隔天中午
朋友問我說：「祂們走了嗎？」
我誠實的向她說：「祂們說今天走。」
朋友疑惑的表示：「蛤？！」
我向她說：「放心，我已經想好了，只要祂們遵守承諾⋯⋯」

就這樣
那晚我又再稟報菩薩說：「請菩薩今晚帶我去我朋友家看看，看祂們是不是真的走了？」
我就又去睡了

清晨時分
我在朋友家看了日出
和煦的陽光灑落在她家的客廳裡
空氣裡留了一句給我的話說：『沒人了。』
就這樣我又醒了

雖然看起來祂們已經離開
但為了慎重起見
我又請示了菩薩一次說：「那些鬼魂真的都走了嗎？」
菩薩告訴我說：『是的。』
依照承諾我拿了幾張壽金
請菩薩和太歲在壽金上寫下通關咒和治癒咒準備送給守信的鬼魂們
並向菩薩稟報說：「我將在朋友家安下反噬之陣後的一刻鐘，將雙咒化予眾魂，請祂們記得來拿。」

然後我立刻打了電話給朋友
請她排個時間讓我到她家一趟

隔天傍晚我來到了朋友家
我大致的看了看她家
便在她家客廳開始啟動反噬之陣
然後我就和朋友聊開了
時間一分一秒的經過早已超過約定的一刻鐘
就在我準備燒化雙咒時
空氣中傳來了一張紙條上頭寫著說：『騙子。』
頓時臉上三條直線

大約五分鐘後
我燒完了紙錢回到朋友家
一進門我看見她老公自在的神情
同時空氣裡又傳來了一張紙條上頭寫道：『謝謝。』

這件事告訴我
即便鬼很容易食言
但我就是不可以食言",
61,2018/05/25 15:04:13,【神來也篇】,"【神來也篇】
前幾天很熱血的參加了一下
萬人響應的「白沙屯媽祖徒步進香」活動
會參加這個活動當然是有原因的

不知道各位是否喜歡看廟會或是繞境的表演
身為一個平凡人的我原本也很喜歡
但就在越來越瞭解一些事情後開始不再這麼感興趣了

這次會前去參加的主因當然是想看媽祖娘娘大展神威啦！
從許多的報導中得知白沙屯媽祖以神力驅使鑾轎
而神轎的路徑皆由娘娘直接掌控
光是這一點就讓我佩服不已

事實上許多的繞境活動
神靈並沒有陪同繞境
坐在轎子上的有時只是個軀殼
神靈只會在需要祂出面時
現身於轎子之上
因此大多數的繞境對我已無吸引力

就這樣我一個人搭著夜車前往中部媽祖娘娘駐駕的地方
我和朋友大約是清晨4：30分左右抵達駐駕地點的附近
樸實的小鎮街上萬人空巷真是難得一見的奇景
熙攘的街道好像大夥都不用睡覺一般

因為從未親眼見過神轎
便順著人群準備前去膜拜一下
大約在離駐駕地點約200至300公尺的地方開始
滿滿的妖魔鬼怪魑魅魍魎也如同活人般虔誠的禮拜著媽祖
難以想像媽祖娘娘的威神力能有如此大的展現
即便祂只是靜靜地聽著眾生的心願

清晨五點左右起駕的炮聲響起
隨著黎明破曉眾魔物也才消散無蹤
接下來就是人們要上工的時候了

大夥眾志成城跟隨著頭旗一路向前邁進
正當隊伍來到第一個路口時
所有人都停了下來
因為神轎將照著媽祖之指引前進

此時我大約站在神轎前方100公尺左右的地方
遠遠的看著神轎
突然間神轎開始劇烈的左右搖晃
記得報導上說過只要需要選擇時
媽祖的鑾轎便會劇烈的左右搖晃直到對的方向再繼續前進

但此時我已經嚇傻了眼完全沒有心思顧慮媽祖究竟會選擇哪個方向
因為就在神轎劇烈搖晃的同時
從轎裡散出了無與倫比的神力衝向四周
這種強大的力量足以讓惡魔臣服
我心中不由讚嘆白沙屯媽祖的神力真是不同凡響
這是我此生見過神力最強大的鑾轎了

即便徒步進香非常辛苦
但仍是ㄧ趟不虛此行的美好回憶",
60,2018/05/20 16:27:53,【鬼扣應篇】,"【鬼扣應篇】
大家有聽過下符咒或下蠱的故事嗎？
我算是見識到了

星期天清晨我便睡眼惺忪的去運動了一下
大約8:00多回家
小睡片刻之後和朋友約好9:30去打球
果不其然睡過頭了
10:00多抵達球場時已是人山人海

好不容易找到位子後開始基本練習
因為太晚到了
我排到的位子很差視野也不好
炎熱的天氣在正午時分感受特別明顯
內心思考著是不是應該換個時間練球

因為和朋友約好12:30一起午餐
所以就在11:45左右離開了球場
此時心中只有ㄧ絲紊亂但也說不上為什麼

來到餐廳樓下
假日的百貨公司停車場早已大排長龍
我的前面一共有五台汽車
我跟朋友說：「請他們先開動。」

就這樣我等了將近40分鐘才進入停車場
這40分鐘裡我開始感覺到一些不舒服
有種很像要發燒的感覺
但約好了一起吃飯
還是硬著頭皮吃完了它

一個人開車回家的路上
我一直告訴自己千萬不能睡著
清醒！清醒！
平安到家後
我難受的跟媽媽說：「我的骨頭好像要散了，我要去睡一下。」
就這樣開始了漫長的睡眠修復時間

因為一點胃口也沒有
所以晚餐只吃了幾口然後就繼續睡了
隔天早上起來後
我覺得我的頭好暈
我想我可能無法安全的騎車或是開車去上班
因此便請了一天假在家休息

傍晚時
爸爸打了通電話給我說：「身體好多了嗎？」
我回爸爸說：「好多了，但頭還有點痛。」
爸爸接著跟我說：「族老今天上午打來說山上的墳墓好像有問題。他家的香已經搖了好幾天，請示他家神明的結果是山上的墳墓有狀況的樣子。如果你有比較好，要不要也請示一下我們家的菩薩？」
我很樂觀的向爸說：「沒問題，我晚點問。」

結果
菩薩指示說：『沒錯！』
我驚訝的向爸爸回報：「菩薩說真的欸，墓地出事了。」
爸爸回問我說：「那怎麼辦？」
我認真的告訴爸爸說：「晚上請菩薩帶我去看看好了。」

就這樣
我帶著期待上床睡了
那天夜裡下起了這幾週來最大的暴雨
連我這種睡得很沉的人都被吵醒了
起床關好會潑雨的窗戶後
我看了看時間……2:30了！！
頭還在痛而且再不出門今晚可能來不及上山去了
我躺在床上認真的告訴自己：「快跟上菩薩，我們要到山上看看。」

想不到山上的靈界也下著大雨
我搭了台靈界的Uber 準備到墓地上去看看
司機是個穿著全身黑色西裝的男性
以活人的角度來看祂的穿著比較像是西餐廳的服務生
就這樣我給祂看了我的靈界GPS請他帶我到墓地那去
但就在離墓地只有現世距離50公尺左右的路口
祂停下了車且不願意再向前開去

我不是很開心的向祂說：「轉個彎過去就到了，怎麼不走？」
祂很平靜的回應我：『沒辦法，我沒辦法送你到那去。』
就這樣祂將我送回山下我上車的地方

我很生氣的在靈界Uber 的評價上給了祂負評
首先祂回應我的留言說：『這是地點的問題，不是我服務不好。』
我回覆他說：「出發前就跟祢說過地點，差一步不載還有理由哦？！」
司機的太太一位靈界的小姐跳出來幫祂緩頰說：『這真的不是祂的問題，你這樣給祂負評，要怎麼再接生意下去？』
就這樣我不再對這對夫婦給予任何回應
因為我的重點不在祂們身上

眨眼間
我似乎來到了山上的墓穴之中
靈界的墓穴裡比墳場還要有人氣
明亮的洞穴之中
站著很多長的很像家人們的靈魂
我發現一位長得很像族老的靈魂就站在離墓穴門口最近的位置

我簡單的向各個靈魂問好
並確認墓穴之中一切平安

就在此時
感覺到有人來到了墓穴門口
我趕緊向前去瞧瞧是什麼人
是一位我認不出來但看來很正常的男性魂魄
祂正站在門邊和長得很像族老的靈魂講話
但祂們在講什麼我真的完全聽不懂

突然間
我看見這位男性魂魄的身後
出現了一位會道法的白袍女子
祂穿著純白的古老服飾頭上頂著一頭蒼白的長髮卻又有著一張年輕的面孔
祂浮地而起轉眼間已消失無蹤

同時這位來聊天的男性魂魄開始發生了變化
祂漸漸的變綠好像在身上長滿了石頭上的青苔
接著所有的青苔化作瘀青
原本沒有反應的男性魂魄瞬間大驚失色
但為時已晚祂漸漸的倒下僵化成了塊朽木

同時間
我們大家的身上開始出現像那男性魂魄身上一樣的青苔
而且我們的行動也開始變的緩慢
我大聲的向長得像族老的靈魂說：「祂是活蠱，快叫大家注意！」
長得像族老的靈魂聽完我的話時已雙腳固化倒趴在地上
就在祂要僵固前
祂拿出了一把槍射向墓穴中心的銅鐘

鐘聲響起
所有的靈魂們瞬間甦醒
我大聲的告訴祂們：「快拿罐子裡的續命丹！」
我確定在我僵化闔眼前
我從口袋裡的古老銅罐中拿出了一顆像是「臭藥丸仔」的小丹藥吞下了它

幾個時辰的靈界時間過去了
我清醒了過來
墓穴中的景色依舊大夥也都平安的度過了這個劫難
我們一起來到墓穴門口
之前化作朽木的男性魂魄已經不在

起床後
我的頭不痛了！！
感覺像是好久沒這麼清醒般
我問菩薩說：「墓地還好嗎？」
祂笑著和我點了點頭",
59,2018/05/07 13:14:35,【鬼扣應篇】,"【鬼扣應篇】
昨天朋友分享了他的奇妙際遇給我
讓我想起了好久以前遇見的「祂」

在一個清風明月的午夜裡
喧鬧的城市也安靜了下來
平時晚睡的鄰居早早就寢
打情罵俏的野貓也已入睡

突然間有人開啟了大樓的鐵門
一道人影伴著青光走了進來
不尋常的靈界氣息一股腦的灌進我的意識之中
祂叫醒了我

我趕上門去靜悄悄的看著祂一步步走了上來
帶著堅定意志的祂
用輕柔的腳步三階當一步走的來到了我面前

祂穿著一件式的薄紗蕾絲女性洋裝
長長的頭髮像是剛洗完頭髮還沒吹乾的樣子
清秀的臉龐伴著青光摻著二分凝重與一分焦慮
祂問我說：『你爸爸在嗎？』
我問祂說：「祢找他做什麼？」
祂告訴我說：『我是陳○麗，舞廳的小姐，有人害死了我，將我丟進了溪水裡，我要請你爸爸幫我……』
我騙祂說：「但他還沒回家。」

不知道祂是發現了我說謊還是臨時想起了什麼
突然間祂轉身離去
這次移動的速度比來時要快上許多
祂五步當作一步走的下樓去了

也不知道哪來的好奇心
我竟然跟了上去
就在祂踏出大樓鐵門之後
祂在門外化作一股氣遁入了地板之中

隨著祂的氣息我來到了450公尺外的超級市場
空無一人的超級市場中
卻有無數的東西正在挑東西
混亂的貨架間我已跟丟了祂

我再次回到了大樓的鐵門處
將手掌放在祂最後消失的地板上
漸漸的從地板裡浮出了一具完整的人類骨骸
泛黃的骨骸沒有告訴我任何話語

一陣來自靈界的風
將骨骸吹成微塵般消失的無影無蹤",
58,2018/04/23 15:21:08,【鬼扣應篇】,"【鬼扣應篇】
清晨時分自窗外射入了一道幽光
靈界的光線總是能輕易的吸引我的神識

睡眼惺忪間我走向窗邊想看看究竟來了什麼東西
很意外的竟然是一個帶著白光的女鬼
祂的裝扮不像一般電視影集中的白袍長髮倒是穿著很有特色的綠色絨質布衣
讓我想起了許久前遇見的某界精靈

該女鬼不僅蓬頭垢面還失去了左邊的眼珠
同時左手手腕斷裂從傷口上看來像是被硬生生折斷的樣子
破損又乾燥的皮膚好似已經曝曬已久的乾屍

祂一看見我便用尖銳的女聲不斷的向我說：『鬼磕頭，快醫好我的左眼與左手……』
祂應該是我遇過聲音最宏亮的鬼了而且國語還很標準
我不悅的先打斷祂的右手並跟祂說：「我不會幫祢的，祢快走吧！這麼大聲，是想叫誰聽到。」

祂抬起斷掉的雙掌用前臂指向窗外的另一邊
我頓時心頭一冷
因為近100具猶如屍體般的魂魄已豎立在我面前
每個鬼魂都有著發黑的面容、黑青的皮膚和灰暗的壽衣

我認真的向這群亡靈說：「快走吧！否則，我將送給祢們簍蟻般的生活！」
原本排成一直線的屍體亡魂立刻群聚成一個圓
這個動作在我看來似乎沒有什麼意義

眼看祂們沒有要離開的意思
我便一躍而起踏入亡靈群中
不幸被踩中的亡魂立刻被壓成了一片像黑膠唱片的黑影

群聚的亡靈見狀
立刻以三至五個靈魂融為一體仿效我的姿勢準備一腳踏扁我
也不知道是哪來的想法
我站在原地腳踩馬布用力的撐大了我的嘴

眨眼間
飛踢而來的亡魂在跳進我的口中後消失無蹤
原本還在觀望的亡靈們瞬間一哄而散
再次站起身的我環顧四周
所有靈都走光了
就連擁有尖銳女聲的女鬼也不見了",
57,2018/03/19 16:11:43,【神知鬼識】,"【神知鬼識】
有朋友認為我是台靈魂偵測器
因此就來向大家介紹一下這台機器的製作〈養成〉過程

通靈人依據本身的天賦有各種與靈界接觸的方式
最好懂的就是靈五通了
也就是憑藉五官的功能與靈界溝通

但我從小就是很妙的「靈」通
也就是藉著自己的靈魂與靈界溝通

仔細想想記憶中最早見到的鬼大約是在我4歲時遇到的
而當我30歲再次經過祂所居住的街道時
祂依然待在同一間房子裡

就在我12歲左右
我開始在無數夢中與居住地附近的靈魂溝通
同時我開始意識到什麼是「鬼」
只要是我住過夠久的地方
我的靈魂便會在晚上睡覺時帶我回到過去、當下甚至未來
而那時也是我最單純的時候
因為我認識了很多靈界朋友
祂們會告訴我祂的生活、家人還有過往

接著在我19歲時遇見了我現在的師傅
因為師傅的關係我與靈界的接觸便不在局限於「靈」通
只要在固定區域生活一陣子後
附近的靈就很容易發現我的存在
而祂們會用各種不同的方法讓我發現祂知道我

像是……
半夜三點半敲我房間的窗戶直到叫醒我的白痴鬼
下午四點站在行道樹旁露出一隻蒼白的手給我看的無聊鬼
傍晚六點爛在對向小貨車車頂的毀容鬼
跟著進香團一起扶轎的熱情招呼鬼
等等

退伍後的某一天
我看著電視台重播的民俗節目
我發現我竟然看見攝影機錄到的鬼
從此我不用親身經歷
只要透過訊息的傳遞就能與其中的靈界接觸

例如……
從電視裡講鬼故事的人口中聽見鬼
從youtube上看見視頻裡的鬼
從朋友打來的LINE中看見鬼
從電影情節中看到真實的鬼故事
等等

就這樣在生活中隨時都可能與靈界接觸
而上個月在朋友家聊天時
我突然發現19歲遇見的惡鬼正完整的站在我們的身後
而且我還將祂寒冷的怨念傳遞給在場的朋友
這是個不錯的新體會
類似一般所說的招喚靈魂

講了這麼多事實上靈魂偵測器的原理很簡單
還是藉由靈魂與靈界接觸
只是輸入或輸出方式變得更多元
但我真的不喜歡告訴人們身旁有沒有什麼？",
56,2018/03/04 14:45:41,【神來也篇】,"【神來也篇】
大家新年快樂！！
元宵節後同時代表著新年的開始
事物也都該回到正軌

許久沒有更新
因為六年前表示要來我家的神仙終於來了
而這陣子便是在準備迎接祂

六年前我家菩薩再次回座後的某一天清晨
我看見菩薩身旁坐著一位佛教的神仙
祂帶著類似拉丁闊邊帽的奇怪帽子靜靜的坐在菩薩的龍邊
生性好奇的我還調皮地拿起祂的帽子再幫祂戴上帽子
但祂一句話也沒有說

再看看因為祂而改坐在菩薩虎邊的土地公
土地公第一次在我面前顯露出無力感
祂頹喪的表情像在告訴我說：『祂們倆如此多才，那我能做些什麼呢！？』
我心中即刻出現了一絲憂愁
畢竟土地公是我第一個認識的神仙

晃眼間六年過去了
土地公也自前年起開始默默地準備迎接祂的到來
不同的是現在土地公的臉上只有喜悅
而我也很榮幸有機會能跟祢們過一輩子",
55,2017/10/15 15:29:40,【神知鬼識】,"【神知鬼識】
今天聽見有人在討論「家神是否會阻擋鬼進門？」
而被評為最佳解答的是「家神不夠力」

關於這個問題
我想還是要看祂來此的原因
而非關注在實力

某天我和靈界高中的同班同學A一起放學了
因為今天比較早下課在回師傅家前
同學A說：『我帶你去逛逛吧。』
我不感興趣的跟祂說：「冥府一片灰暗有什麼好看的。」
同學A堅定地向我說：『快啦！記得穿上制服。』

這是件令我感到非常怪異的事
我們在學校裡都不穿制服
為什麼出校門還要穿制服呢？
但因為我比同學A菜所以只好聽話照做了

當我們來到街上
以活人的觀點來說這不太像是街道
灰暗的空間裡沒有半點人跡
許多截斷的空間相互交錯著真不知道這路的盡頭會通往哪裡

突然間遠遠的我們看見了一絲如同燭火的光芒
同學A說：『我們去那看看吧。』
就在我們一步步靠近光源時
我看見一位穿著白色高中制服的男學生鬼靜靜地守著那點光芒
黑色的短髮蓋住了祂大半張蒼白的臉

同學A告訴我說：『祂是甲班的，跟我們同學校，你們可以認識一下。』
我向同學A說：「祂穿得好像在人間流連的鬼學生。」
同學A尷尬地回應我說：『你沒看見你自己也穿這樣嗎？』
我猛然低頭一看
原來我也可以這麼像鬼

後來同學A一直在跟甲班的鬼學生意識交談
完全插不上話的我就先回師傅家了

相對於冥界街道的灰暗與凝重的氛圍
神仙住的地方不僅自在舒適更給人一種祥和的感覺
因為我是閒人的身分所以該做的也就是東晃西晃

就在我亂晃的時候
牆上瞬間劃出了一片艷紅的空間之門
並自其中走出了一位穿著火電莽緊身衣的妖怪
頭頂與四肢皆是長長的觸角沒有耳朵只有臉上的雙眼、鼻子和嘴巴像人
行走在懸空約30公分的高度

祂悠哉的往我的方向走來並給了我一個眼神
我驚訝的問祂說：「祢是剛才甲班的同學！？」
祂伸出右邊的觸角擺在嘴巴前表示『噓』的意思
我心想：「祢怎麼會到這來？」
祂竟用意識回應我說：『看你是不是菩薩的徒弟。』
隨後祂便轉過身去走回那艷紅的空間之門裡離開了",
54,2017/10/08 15:17:07,【神知鬼識】,"【神知鬼識】
靈魂具有永恆不滅的特性
但祂依然如實的反應著肉體的變化

我的靈界高中是一所位在冥府的學校
終年不見天日的校園在月光之下透著絲絲詭譎的氛圍
空曠的校園僅有甲、乙兩班
甲班專收冥界子弟而乙班只有我和兩位來路不明的同學

靈界高中裡沒有老師只有學生
不論今天學的是什麼同學都只能靠自己領會
完成作業的人便可直接離開教室進行下一堂課
至於尚未完成的人將在下次上課重複演練直到學會

其中一堂課的內容是要我們學習游泳
沒錯！！靈界的水是可以游的
學校有游泳池同樣要換泳褲下水
但池水沒有溫度也沒有氯的味道

身為旱鴨子的我本就不黯水性
自然姿勢也不是很標準
但還好在靈界游泳並不需要換氣
因為我們都不是活人

就在游泳課中
某天我在現世染了個亞麻色的頭髮
深夜時分
我便從游泳池底浮上了水面

同學A開心的跟我說：『祢來啦，祢染了新頭髮喔！？』
我驚訝的問祂說：「祢看的到喔？？」
同學A自然的跟我說：『廢話！祢看我去穿了耳洞。』
讚嘆同學A但不感恩同學A",
53,2017/10/01 14:13:18,【神來也篇】,"【神來也篇】
「預知未來」是科幻片中不時出現的一種能力
而相信「神」的人可能也認為祂們具有這種本事

就在我剛拜入師傅門下學習時
我被安排在某所靈界高中上課
放學後只要還有時間便會被接到師傅家遊玩

某天我一如往常的晃進了師傅家
但祂今天卻很主動的叫住了我
在師傅的面前我如同人間的蟑螂般苗小
祂輕輕地擺動手指我就被放在華座的右扶手上了
師傅向我說：『看。』

頓時一道聲音自空中而出就像歌劇院中的廣播系統
同時數十位仙人在師傅的座前現身

這股聲音接著說道：『關於某案，不知各位認為如何？』
話語畢眾仙面前瞬間光芒萬丈
祂們各自拿著自己獨有的法寶推算著未來
不同於電視上的「掐指一算」
我看到連骰子、秤都是祂們拿來預知的法器

不一會兒光芒漸漸消散後
自空中而來的聲音說話了：『依據各位的見解，得到如此結果。』
剎那間空氣中的水氣凝成雲朵化作眾仙的結論呈現在半空之中
『5：67』最後依據票數決定採用方案B

想不到靈界也用多數決
真是很特別的際遇",
52,2017/09/24 14:27:47,【鬼扣應篇】,"【鬼扣應篇】
「性愛成癮」一個我也不是完全理解的詞彙
如同人類一樣其中可能沒有愛

活人做愛可以解釋成滿足生理需求所以很正常
那亡魂做愛呢？

某日我在家中的空間裂縫旁看見了一個意圖不軌的女鬼
『空間裂縫』是一種能穿越多種空間的靈界裂縫
裂縫兩端的人或靈並不一定能看見對方

裂縫中婀娜多姿的祂穿著撩人的短褲站在空間邊緣不時搔首弄姿
雖然不想物化女性
但我真的覺得祂是個很會勾引鬼的狐狸精

我很雞婆的將手伸進了裂縫之中
一把將祂拉進了我家客廳
現世空間的磁場削去了祂完美的易容術
一個胖女鬼活脫脫的站在我面前
第六感告訴我需要跟祂說說話

我向祂說：「雖苦也不該以這種方法獲取快樂，希望祢好自為之。」
祂略顯不悅的融回了空間裂縫

幾天後的清晨
空間裂縫再次在同樣的位置開啟
我看見同一個祂使出渾身解數正誘惑著一個男鬼
男鬼的眼神漸漸迷惘一步步踏上了祂設置的溫柔鄉

俗話說得好「採陰補陽」
但在陰陽顛倒的靈界可沒有一定的規則

床褥之上男鬼猙獰的面孔完全看不出歡愉
原來女鬼以其陰術形成男性的陽具正猛力的向男鬼做功
同樣猙獰的面孔卻得到不同的結果
女鬼一絲絲吸走了男鬼的靈力
受制於假象的男鬼也逐漸喪失了反抗的能力

我又雞婆了
再次一把手將女鬼拉到了現世
我嚴肅的告訴祂：「既然祢執迷不悟，就到水裡去反省吧！」
我將祂收進了八分滿的水杯裡並用硬幣鎖住了出口

我覺得我好像該做個「18禁」的告示牌了",
51,2017/09/10 14:55:37,【神來也篇】,"【神來也篇】
法夫子一位精通各種法術的神仙更通曉現世的種種實體法
每次與祂相處都令我受益良多

某日上午九點多
祂突然來到了我公司

因為事前完全沒有通知
就在打開門看見祂的那一霎那
我真的嚇傻了

我說：「現在是上班時間ㄟ，祢怎麼會來？！」
法夫子不急不徐的說：『跟我來。』

祂走到窗邊指著樓下的老樹說：『你看到了嗎？』
我狐疑的回答祂說：「什麼？！」

法夫子拿出了些袖珍模型
兩組精緻的野台戲棚和四套明式客桌椅
我完全不懂祂要做什麼

首先祂將戲台與客桌椅放在正對老樹的桌上並伸手劃向天空
原本豔陽高照的上午頓時被隔絕在桌外
桌上的袖珍模型正處在一個恬靜無月的夜裡

清涼的野台戲棚旁站著桌椅等著未到的人
戲台上緩緩的走出了兩位武老生
祂們時快時慢的步伐搭配靈巧的手勢與電視上的國劇幾乎完全一樣
唯一不同的是沒有任何音樂相襯更沒有半句聲唱

一齣最乾的戲曲就在我眼前上演
我轉頭瞧了一眼依然乏人問津的客桌椅
不知道這場明眼人的鬧劇會走向何方

就在兩位武生拿著長槍打的難分難解時
突然間槍頭一轉
兩柄長槍同時刺向空蕩蕩的觀眾席

豔陽隨著刀光劃破暗夜
晴朗的午前時分亦然靜謐的老樹下
悄悄的豎立著90條身戴枷鎖的魂魄

祂們一個跟著一個接受著長槍的指揮
一位一位的被分類個別送往未知的靈界

這就是法夫子今天前來找我的目的

幾天後在我拜會師傅時
師傅告訴我說：『上面說靈太少了，其他人正協助遣返任務。』",
50,2017/09/03 15:15:12,【鬼扣應篇】,"【鬼扣應篇】
很多人都有在七月半普渡拜拜的習慣
那你會拜祖先嗎？

幾年前才得知有「七月半祭祖」的習俗
但也還沒因此成為習慣

就在去年七月半的清晨
我路過一所鬼國中
因為陰陽顛倒所以正是鬼學生們下課回家的時間
事實上鬼的部分行為還是很像人的

這所鬼國中在校門內設有攤位
每當放學時分
便會有餐飲師傅現場烹調食物給「有錢」的同學享用
今天準備的是類似法式吐司的炸物
很特別的是看似滾燙的油鍋卻沒有半點熱氣
所以好像也不會有「燙傷」的狀況

但買的起點心的鬼學生只有4位
剩下的鬼學生單純是來欣賞的
因為這款類法式吐司完全沒有香味

離開鬼國中後我來到附近的一個巷口
看似寧靜的巷口飄著好幾位鬼爺爺和鬼奶奶
祂們看似無意識的駐留於此又好像在等著什麼

突然間有一位鬼奶奶說話了：『車要來了，快準備錢！』
所有的鬼長輩和許多未現身的魂魄都動了起來
大夥同時往路口的某個方向聚集而去
原來是一種排隊的概念

我站在鬼奶奶身旁好奇的問她說：「妳要去哪？」
鬼奶奶幸福的回答我說：『我要回家。』
我又問她說：「搭車要多少錢？」
鬼奶奶打開她手中緊握的兩張紙鈔告訴我說：『2億星幣。』
我驚訝的問她說：「妳家多遠？」
攤開地圖鬼奶奶指出了她家的位置

將鬼地圖上的距離換算成人世間的距離後
算起來大約只有9公里的現世路程
好昂貴的車資！！
但鬼界的星幣看起來好有質感
一張1億元的紙鈔大約有半張B5的大小
紙鈔上印滿了密密麻麻的紫灰色圖騰
這是我第一次看見鬼鈔票

不一會兒便自虛空中開來了一輛墨紫色的大車
這就是鬼魂們所等待的那部車
大小約莫是人世間四輛轎車以矩陣方式排列的大小
高度只有人世間兩台轎車相疊這麼高

聽鬼界的介紹說此車可搭載3000靈體
搭上車的靈享有必定抵達目的地的保證
墨紫色的車身可以避免一切靈界的法術
不幸被本車撞上的靈將受魂飛魄散之苦

今年的7月半又是要上班的平日
但我應該會先在家拜個祖先再出門",
49,2017/08/29 15:00:31,【鬼扣應篇】,"【鬼扣應篇】
俗話說：「死人直。」
真的非常的貼切

昨天下午在百貨公司二樓女裝散步時
突然自身旁竄出了一位穿著黃色洋裝的小姐
灰濛濛無法辨識的面容與特殊的磁場讓我更加確定她的身份

忍不住的我開口關心祂說：「妳這樣不好吧，會嚇到人。」
祂沉默不語並像沒事般在心裡唸叨：『又沒人看得見……』

剛好我們正對著一面鏡子
我指著鏡子跟祂說：「裡面沒有妳……」

祂不服氣的回應我說：『你再看一次。』
我再次看了鏡子並確定祂現在出現在鏡子裡了
可無奈的我向祂說：「但這裡〈鏡子外〉沒有祢！！」

某些鬼的邏輯真的是有夠天真
而這位小姐也沒再從鏡子裡出來了",
48,2017/08/27 17:21:11,【神來也篇】,"【神來也篇】
「天空之城」知名動漫中的高科技城市
剛好我也去過一個類似的地方

就在收到我的就學禮物後
某天清晨我接到了靈界大學的「註冊通知」
我要去校本部報到了！！
但是⋯學校在哪呢？？

須臾間晴朗的天空裡便浮出了一座龐然山城
約莫50層樓高的岩盤載著房舍緩緩漫步雲端
山城上有自己的太陽卻無半朵雲彩
片片屋瓦清晰可見祥和之氣迴盪其中

突然間我的身旁來了一位引路使者
使者告訴我說：『我們快往入口去，晚了就趕不上了。』

靈界大學所在的浮空岩盤漸漸降至離地約五層樓高的半空並自其上奔騰而下兩道瀑布
湍急的水流溢滿了30米寬的馬路
使者說：『這水流能阻擋所有意圖闖入的靈。』
我們乘著類似檜木桶的缽來到瀑布下方
一道金光化作泡泡將我們帶上了學校

接著一位胖的像蛋糕的妖怪小姐來為我辦理手續
兩顆明亮的雙眼是她全身上下最閃耀的部位
報上大名後她便開始審閱我的基本資料
不一會兒她驚訝的問我說：『你身上帶著那種病？！』
我自然的回答她說：「是啊，只是基因而已。」
她嚴肅的說：『怎麼會帶上這種人類的病呢#%^*+¥&⋯⋯跟我來。』

我們穿越了數棟大樓來到一座潔白純淨的大樓內
妖怪小姐說：『本校共有兩萬一般生及一萬醫學生，這是我們的附屬醫院。你待在這裏，時間到了再來接你。』
我究竟要待在這裏做什麼呢？

電影裡演的高科技在另一個世界真實存在
我看見另一個我躺在儲滿液體的玻璃櫃裡沈睡著
不知道過了多久
妖怪小姐來接我了
她問說：『指導教授知道你身體的狀況嗎？』
我回答她說：「沒特別提過。」
她又立刻帶著我前往教授所住的深山

我不是很喜歡學校的交通車
因為它動起來像隻活著的怪獸坐起來一點也不舒服完全沒有避震
但優點是不受地形的拘束
妖怪小姐告知司機教授家的位置後
司機二話不說直接將車攀上了山壁撞進教授家

從沒想過另一個世界會如此重視現世的健康狀況
而那個儲滿液體的玻璃櫃是目前我遇過最強大的恢復型法寶
躺一次能提供現世時間三天充沛不絕的靈力
好想再躺一次",
47,2017/08/22 10:52:56,【鬼扣應篇】,"【鬼扣應篇】
「安娜貝爾」一個當紅的鬼娃娃
怎麼好像住在娃娃裡的鬼都很有故事

大約三、四個月前的某個下午二點左右
我正準備出門去辦事情
因為大門是鍛造門花款式的所以遠遠的就能看見門外的狀況

就在我帶著午後外出走走的小確幸走到門前時
一個穿著白袍的鬼正倚躺在門外的牆上用祂那躲藏在黑嚕嚕長髮下的鬼眼瞄了我一眼
冷冽的寒氣隨著祂的目光傳遍我全身
下一秒祂便閃過牆去到了電梯口

我很自然的走出門按下了下樓的按鈕
就在等待電梯的片刻裡
我轉過頭去向祂說：「祢別再來了，這沒有祢要找的人。」
鬼魂之氣瞬間充斥整個梯廳就像我站在祂的肚子裡等電梯般陰寒無比
隨後電梯的門打開了我也外出辦事去了
當我回來時祂已消失無蹤

昨日傍晚我要到管理室拿信時
我又在門內看見一條黑色的邪蟲盤據在門外的牆上
就在我繼續走向大門的同時
邪蟲化做一隻右腿穿著黑色的高跟靴子走向電梯口

等電梯的時候
我知道祂正站在我的右手邊
但我什麼也不想跟祂說因為我等一下上樓又要見到祂

果不其然回來時祂強烈的表示正在等我
甚至從門口走進房子三公尺的距離只為表達祂的存在
經過三個小時的糾纏
我要開始聽祂說故事了

二十年前大樓興建之初
祂原是深埋在基地裡的魂魄
當時正在進行地下室的開挖工程
大約就差1.5公尺的深度
祂的遺骸便能重見天日離開這塊土地

大樓建成後
祂順著水泥牆面穿梭在各家各戶
看著人們的生活有時也介入一下

人世間的情愛是另一件祂所感興趣的事
不論是男女間的愛恨或是同性間的糾葛
就這樣演了一個半小時的愛恨情仇而且演員都長得不優

實在是太拖時間了
我疲憊的向祂說：「祢再不出來，我要走了。」
此時從牆裡浮出了一個手掌大的白色布偶娃娃
祂說：『我的魂魄寄生在娃娃裡。』
我拿著娃娃來到神桌前並將祂放在供桌之上
我跟祂說：「有什麼話，向菩薩說吧。」",
46,2017/07/01 16:44:37,【鬼扣應篇】,"【鬼扣應篇】
電影裡常有一種老掉牙的情節
就是幽靈在與驅魔人對抗時
便會以爆氣的姿態成為惡靈

對於幽靈可以爆氣這檔事
一直以來我都認為是無稽之談
但就在昨天…好吧
幽靈真的有可能會爆氣喔！！

前陣子認識了一位也算是具有通靈體質的婦人
為什麼說是「也算是」呢？

聽她自述
以前她曾在夢中得見佛祖
偶爾會有得以預見未來的預知能力
但好景不常
隨著年事增長她也漸漸出現了受靈界干擾的現象
像是超脫現實的虛無感導致她有時無法正常工作

因為是透過朋友介紹
所以我們也不過是簡單的分享一下各自的靈界經驗

爾後某日拜訪婦人家時
婦人突然脫口說出：「我原為神佛座下弟子，當初再返輪迴時，神佛曾賜予我此護身玉匣，但經歷人世多年的消磨，玉匣已傷痕累累。你能幫我修復它嗎？」
同時婦人取出了放在她體內的護身玉匣
玉匣上繁複的雕工顯示了它的華麗與尊貴
但由於其已失去神力導致玉匣亦黯然無光

我則很老實的告訴婦人：「能讓我思考一下嗎？」
我獨自走向婦人家中的一面鏡子
我問鏡中的自己：「我該幫她嗎？」
鏡中的自己則反問我：『你會修玉匣嗎？』
好吧⋯我知道我該怎麼做了

當我和自己談話的同時
我自鏡中看見數名惡邪鬼鬼祟祟的在婦人家來回穿梭
反正也不是我家就當作沒看到吧～

委婉的推掉修復玉匣的請託後
我便與婦人告辭了

就在昨晚
婦人突然來電表示：「鬼磕頭我能去找你一趟嗎？」
因為也好多個月不見了
所以我也完全沒有多想

不一會兒婦人便來到了我家
她拖著孱弱的身軀緩緩地坐在椅子上
婦人說：「我好不舒服，你能幫我看看嗎？」
話才說完婦人就累的昏了過去

我故意與婦人保持著ㄧ點距離
仔細的看了看她
竟然有一個靈完全貼著她的背
就在我想向祂說話時

惡靈突然將祂的頭塞進昏厥的婦人頭裡
祂抬起了婦人的頭惡狠狠地向我說：『你少管閒事。』
我不發一語的走到了祂面前
憑手稟天以腳劃界準備直接請惡靈退離婦人的肉體

惡靈似乎察覺了我的心意
祂立馬深沉的大喝了一聲將婦人的面貌扭曲成自己的相貌
原來祂是一個臉上滿佈青筋方型臉的男鬼
同時發出冷冽的邪氣向我迎面襲來

一時疏忽的我被祂的邪氣震離了好幾步
我知道祂想一次完全侵入婦人的肉體
控制婦人離開我家

從來沒看過幽靈爆氣的我傻住了
我心想如果祂在我向祂祭出驅除令前完全掌控了婦人的肉身
我是不是會有即可的危險？！

正當我遲疑之際
自虛空中降下了一位仙界的白銀力士
祂龐大的身軀璀璨的耀著星光
只見祂毫不猶豫的走向爆氣中的惡靈
以祂那孔武有力的雙臂止住了惡靈的邪念

此刻白銀力士的仙氣與惡靈的邪氣交織出一幅我從未見過的景像
即便邪氣依然旺盛但還是有種祥和感

大約兩秒
久久不見我動作的白銀力士回過頭來看了我一眼
我趕緊的走向惡鬼面前輕鬆的用驅除令送走了惡鬼
同時白銀力士也隨之消失無蹤

清醒後的婦人喜悅的向我說：「鬼磕頭，那我下半輩子就靠你了。」
我盤算著我還是早點遇到會修玉匣的神仙比較好",
45,2017/06/06 13:45:19,【鬼扣應篇】,"【鬼扣應篇】
前幾天聽說朋友的家人外出時不幸發生車禍逝世了
因為不是很熟悉的人所以連致電關心的動作都省了
但亡者卻好像不是這麼想的

就在亡者出殯後的某個夜裡
熟睡的我隱約感覺到有股壓力壓著我的肚子
這算鬼壓床嗎？
總覺得跟聽到的好像不太一樣

睡眼惺忪的我疲憊的睜開眼睛
居然有個穿著黑色T恤和牛仔褲的年輕男鬼背對著我坐在我的肚子上
我不悅的一手把祂推下床去
繼續熟睡

但沒一會兒那股壓力又出現了
再次張開眼睛時只見一縷魂魄幽幽的飄離我房間
身為有起床氣的善良人類
我決定跟祂去看看看祂玩什麼把戲

來到客廳就看著祂一直左擺右搖的四處打轉
深感無趣的我決定抓住祂將祂送走
只是祂的魂魄像營火蟲般飄忽不定
即便捉住了祂靈魂的一角又像流水般溜了出去

氣急敗壞的我決定請菩薩來處理一下
就在我準備撥打靈界電話時
有位長者說話了：『年輕人，你沒看見我嗎？』
往聲音的來源望去
我看見一位只剩半截上身穿著黃色夾克的男性面無表情的豎立在桌子旁

長者接著說道：『我想見我的家人。』
我傻傻的回祂說：「哪位？」
長者告訴我：『就是XXX。』
我突然想起了一個問題：「那剛才穿黑色T恤的男鬼呢？」
長者哀怨的表示：『祂與我同受靈界詛咒，成了形影不離的雙面魂。』
此時我感受到了年輕男鬼的氣息

祂就在窗外
我打開窗戶
祂正坐在窗台上台灣欒樹的盆栽上不耐煩的唸叨：『這老傢伙還要多久啊？』
我一把將祂拉了進來共同等待長者的家人

就在我們等待的時候
祂們忽然同時開口說：『該回去了，王來了！！』

瞬間
我們一同到了一個粉橘色的世界
小橋流水式的中國建築和望不見盡頭的城墎
一行六百婢女的儀仗緩緩而來
我想這就是祂們口中的『王』吧！？

『王』是個高約200公分頭戴帝冒身著玄服臉頰上長著50公分獠牙銀眼青面的巨人
『王』向我說：『你認識這兩個奴隸？那你們就一起坐吧。』
話語畢『王』便離開了

爾時長者所期盼的家人也就是我朋友的靈魂也來到了
一張破舊的木製四方桌
男鬼、長者、朋友與我相視而坐
桌上放的是像是人間敗壞的雜糧
一看就令人倒胃口
但看看四周不著邊際的鬼魂們都吃著一樣的東西

只見朋友和藹又親切的侍候著長者
即便桌上的東西根本算不上菜餚
朋友還是細心的呵護著長者
原來祂就是我朋友意外身亡的家人
這是我見過我朋友最溫柔的時刻了

若我們也有深愛的家人
記得在還能言語時多愛他們一次",
44,2017/04/17 12:41:34,【神來也篇】,"【神來也篇】
許多男生考上大學後的第一個願望便是能擁有一部自己的機車
那女生們考上大學後的第一個願望通常是什麼呢？

就在我們各自被分派給指導教授後
我們六位同屆的靈界大學生竟約好到我家聚會
沒錯！！是在我人間的家
即便不會給家人帶來什麼困擾
但我還是比較喜歡低調的人生

靈界大學生的聚會有什麼特別的嗎！？
事實上我覺得不是很有趣
因為跟一般仙人們的聚會沒什麼兩樣
大致上就是大家同聚在一個地方而已

因為每個人都有自己的能力、工作和嗜好
除了必要的交談外原則上像是沒什麼互動
有的人因為工作還沒做完
到我家後就自己變出了桌子和文件沉浸在自己的世界裡
有的人則真的是來放鬆的
自備啤酒、小菜還有朋友也就自己玩了起來

就在我和大家打過招呼後便一個人站在陽台上看著黑夜發呆
突然間從黑夜裡冒出了一隻仙犬
祂樣貌似狼、血盆大口、全身長滿耀著藍光的潔白毛髮
頭上的毛髮如冠般有型、身軀如同犀牛般碩大
即便沒有翅膀仍然具有飛行的能力

祂緩緩自半空降下一步步走向了我
看著祂銳利的牙齒和龐大的身軀令我不由的害怕了起來
如果祂要咬我 我制伏得了祂嗎？
若是要跑我逃得掉嗎？

就在我遲疑的時候 祂已徐徐來到我的跟前
祂低下了祂巨大的頭 像是要我撫摸祂的頭頂
但為了安全起見 我還是一動也不動的站著
突然間祂抬起頭 將我的右手前臂含入口中

看似血盆大口的獸嘴裏沒有ㄧ滴口水
因為是靈獸自然也沒有ㄧ絲生物的氣息
隨後祂便叫了聲：「主人！！」
哇～ 我只養過貓欸

仙犬表示：「臨行前，仙人囑咐『此地右手前臂與汝嘴相合者，為汝主。』」
這是我看過最妙的相認方法了

隨後遠在美國的最後一位同學來到了我家
同學ㄧ照面便問我說：「化妝室在哪？」
我說：「往那直走就會看見了。」
同學說：「但那坐了隻靈獸，我有點害怕。」

我循著同學所說的方向望去
只見仙犬平靜的坐在地板上
除了長的比較兇跟大以外與一般的寵物狗毫無差異
我向同學說：「不會啦～祂很乖的。」
但同學還是選擇繞路過去化妝室

此時我想到一個問題
仙犬這麼大隻我不就要幫祂準備很多食物
曾聽過飼養哈士奇的朋友說過：「非常會吃！！」
我突然覺得頭好痛

就在同學從化妝室出來之後
我們在客廳裡看見一位新客人
祂身著藍白黑三色相間的華服英姿勃發的站著
白皙的皮膚配上炯炯有神的雙眼但沒有嘴巴

祂表示：「我是仙犬，仙人有賜我一寶座，所以主人不用費心照料。」
好貼心的仙人還有仙犬
原來仙犬也能自由的幻化人形
而且穿著看起來頗有原住民的感覺

這是我見過第二個會幻化人形的動物靈了
而祂們唯一的共同之處就是沒有嘴巴",
43,2017/03/13 17:00:23,【神來也篇】,"【神來也篇】
前幾天和朋友出外玩樂
因為時間已晚便打算在朋友家過夜
誰知這一夜如此充實

夜歸的我們回到朋友家打開電燈後
我便覺得這屋裡的燈光怎麼有點奇怪
就在我東瞧西看的時候
朋友A說：「我有時真覺得我家怪怪的。」
我問A說：「怎麼個怪法？」
A的老婆B小小聲地說：「這似乎鬧鬼……」
我說：「真的假的？！讓我好好看看。」

話語畢
A和我又繼續緩緩的在房裡四處張望
正當我走到客廳專注的望向前方時
有人自我身後用食指和中指併成劍指輕輕的在我右側頭骨的鱗部拍了兩下
我狠狠的嚇了一大跳並打了個冷顫

回神後我隨即轉身
伸出右手快速的在虛空中用力的來回收掌握拳希望能抓出作怪的惡鬼
就在我確認抓住惡鬼的氣息準備將祂拉出虛空時
狡猾的惡鬼竟使用金蟬脫殼之術自斷左手再次消失在虛空裡

失去惡鬼靈氣滋養的惡鬼左手如同落石般墜落地面
就在惡鬼左手要消散前
我撿起了它並毫不猶豫的吃了它
可惜並沒有自惡鬼左手裡得到什麼收獲

此時從臥房裡傳來了B的尖叫聲
B大叫說：「有鬼啊！！」
我即刻走入臥房並認真的探索惡鬼的蹤跡

突然間我又聽到B在門口大叫：「有鬼啊！！」
真不知道B怎麼這麼愛亂跑跟大叫
來到門口後
我發現A家的大門幾乎已經沒有任何防護的作用

現實中的大門雖然完好
但自大門所構築的結界已岌岌可危
結界鎖早已被惡鬼掏空
結界的強度也僅剩下兩支迴紋針相扣的效果
難怪惡鬼來去自如

慌張的B告訴我說：「我剛看到有個影子在樓梯口那。」
我便往樓梯那頭深深望去
看起來惡鬼像是已經離開的樣子
就在我轉過頭準備回到屋裡去時

我看見屋外坐著六位灰頭土臉的神仙
一時間我的火氣整個上了起來心想：「祢們這些傢伙，怎麼不幫點忙？」
就在我準備開口罵祂們時
念頭一轉我便稍稍消了點氣告訴祂們：「祢們還是自求多福吧！別賴到我身上。」
折騰了一夜惡鬼既已走
我們便簡單的收拾睡覺去了

不知怎麼搞的
還沒8點我便睜開了眼睛
醒了一陣子後也不見A和B要起床的樣子
我便準備去打個招呼回家去

就在我叫醒他們時
B伸了個大大的懶腰很有朝氣的向我問早
原本還在想說這傻大姐睡飽了就忘了昨晚的事了的樣子
就在B伸完懶腰掀開棉被的瞬間
除了睡在B身旁的A同時出現了另一個A正讓B躺著
這兩個A所有的舉動與狀態都像鏡子般映射著

我立刻爬上了床
假意用雙手分別掐著兩個A的脖子
兩個A也都很鎮定的跟我說對方才是假的

身為人類的我想都不用想也知道被B躺著的A就是惡鬼假冒的
被拆穿的惡鬼還裝著A的樣子跟我辯解說：「不是啦！我真的是真的！」
我則很不客氣的回應祂說：「祢是太久沒當人了吧！忘了人怎麼活的。」

為了解除惡鬼的易容術
我用指甲在假冒的A的右額上敕下了菩薩令
菩薩令隨即在惡鬼蒼白的肌膚上留下了深深的烙印
易容術雖破但我決定同時解除惡鬼所有的武裝
一掌將菩薩令的熱能注入惡鬼全身使其靈力盡失
失去法術的惡鬼如同失去了重力的太空人般輕盈
我便一腳將祂踢下了床去

原本還打算親自吃了惡鬼的我
就在菩薩令的牽引下
虛空中走出了一位身穿灰袍胸戴藤甲的道士
道士親切的跟我說：「接下來交給我吧！」

只見道士自衣袖中抽出了一把寶劍
這把劍不但是金屬做的劍刃還有7、8公分這麼寬
失去法術的惡鬼就像在跳波浪舞般閃避著劍鋒
約莫不到1分鐘
道士便將寶劍整支刺進了惡鬼的杜子裡
惡鬼也化作一道煙被收進了道士的劍匣之中

我開心的與道士擊掌說：「耶！祂終於結束了。」
道士也準備自虛空中離去
就在祂啟程前
道士突然撿起地上一塊惡鬼的指節並說：「好像是剛削掉的，忘了順便收起來。」
我竟然很天真的說：「那就交給我吧。」
我又一口把惡鬼的指節給吃了

這是我吃過最臭的鬼魂肉了
不僅僵化的難以咀嚼還帶著腐敗的氣味外加一點很不自然的塑膠味
有點噁心！",
42,2017/02/28 15:43:02,【神來也篇】,"【神來也篇】
前幾天和朋友去吃咖哩飯
身為飯桶的我很精準的看到了「免費加飯」的標語
結果非常認真的加了三次飯
朋友翻著白眼問說：「你是大學生哦？！也太會吃了吧！！」
我很滿足的回應他說：「是啊！前天我剛入學。」
朋友接著問說：「你在說什麼啊？？」

就在前天夜裡我接到了靈界的派令
派令官是個身材苗條的先生
祂穿著西式的卡其色吊帶褲騎著靈界的協力車
此次要入學的學生們連同我共有六位

這是我看過能載最多人的協力車了
派令官一個人坐在最後面像是船長般決定著行駛的方向
而我們新生則以併排的方式在前頭幫忙出點力
某些時候很是羨慕靈界的方便
因為我們並沒有花多大的力氣協力車便以時速60公里的速度前進著
而且不論上坡或是下坡皆不受地心引力的影響

在我上車前派令官已經送走了三位新生
這所靈界大學的制度和人間的大學不太一樣
新生們將依所學專長先被送到指導教授那登錄成為學生
我是最後一個上車的人卻是第四個被送到教授家的學生

我的指導教授是位深山隱士
黑漆漆的山谷裡只看得見一絲幽光
我們連人帶車的撞進幽光之後的山壁抵達了教授的家

派令官取出派令交給指導教授審閱
長長的捲軸中寫滿了密密麻麻的火星文
其中有幾個字閃耀著菊金色的光芒
上頭寫著「OOXX(鬼磕頭）」
第一次看見我在靈界的名字只可惜我是文盲不會唸

隨後派令官便要送另外的兩位新生去報到了
說實在的我有點羨慕後面的兩位同學
因為派令裡記載著後面的兩位教授分別住在美國的華盛頓州和俄勒岡州附近
地圖上更顯示在我的指導教授所住的隔壁山頭上有著直接通往美國的銀白色靈界隧道
我也好想認識美國靈哦～

朋友又問說：「那你有參加入學考試嗎？」
我想了想告訴他：「沒有啊！整個就是特權的概念。」",
41,2017/02/19 14:02:15,【神來也篇】,"【神來也篇】
各位有什麼樣的嗜好嗎？
我相信即便是不起眼的小習慣也可能連結上特殊的緣份

在大學即將畢業時開始培養花花草草的興趣
久而久之越養越多根本就是花奴才
因此天天澆花也成了生活裡的例行公事

就在某天早上澆花時
我看見我的蘆薈長了一片有色差的葉子
看起來不像是嫩葉的鮮綠
因為它的長度已經很長了

原本不以為意的我
就在澆完一輪花再次路過蘆薈時
剛才那片淡綠色的葉子不見了
我緩緩的轉動花盆想找出那片葉子

結果在蘆薈盆裡看見了一隻帶著那片葉子色的蜥蜴
牠一動也不動的靜止著但我肯定我看見了牠的黑色眼珠子
就在我ㄧ眨眼後
那隻蜥蜴變成了一隻深咖啡色的竹節蟲
為什麼我說牠是同一隻？！
因為牠的黑色眼珠子完全沒變

我好奇地問祂：「你是什麼東西？你不知道你變什麼都有點不像嗎？」
祂尷尬的流下一滴冷汗

陪伴我的靈界嚮導突然冒出頭來說：「祂是仙靈王的孩子，因貪玩逃出了仙界，祂的家人已發布通緝多時。」
就在嚮導說明的同時竹節蟲漸漸開始結凍
最終成了隻結冰的竹節蟲

我很傻眼的問嚮導：「那接下來要怎麼辦？」
靈界嚮導說：「你吹口氣就行了。」
我難以置信的說：「蛤？！（呼～」
ㄧ個泡泡瞬間包住了結冰的竹節蟲向天空飛去消失了
而我也一起到了竹節蟲的家

首先我來到一處宮殿
大殿上坐著一位五層樓高的王后
祂身穿紅綢金絲的王袍頭戴鑲滿鑽石的金冠
雍容華貴的向我說：「謝謝你送回我的孩子。」
而剛剛結冰的竹節蟲已化作ㄧ團雲氣躲在王后的座下

隨後我被帶到宮殿外的高臺之上
臺中的案上放著五張如意形的宣紙
臺前的侍衛忽然一聲大吼：「恭迎仙靈王！」

一陣風狹著祥光來到案前
只見案上瞬間發出無數紫、黃、金、白色的光芒
像是在紙上繕寫著什麼
我想祂是我見過寫字最快的男人了

我並沒有看見仙靈王的容貌
就在光芒消散之後
侍衛跟我說：「此五符是仙靈王贈你的謝禮。」
一眨眼我便回到了家裡的窗台邊
我想這是我種植盆栽以來最特別的際遇了",
40,2017/01/08 15:01:21,【鬼扣應篇】,"【鬼扣應篇】
某些人喝醉後很盧
就連醉死鬼也一樣

即便是假日
晚餐前的公車上依然站滿了人
沒有搶到位子的我只好傻傻的站著發呆

但公車開沒幾站
我聽見公車底板裡傳來了奇怪的聲音
『碰、碰、碰、碰……』
一種像是不安用腳大力踩踏地板的聲音
我認真的看著發出怪聲的地板
就在我腳掌前的5公分處
裏頭有一個醉了的男鬼不悅地鬧著脾氣

祂踩踏地板的聲響引起了旁人的關注
有一位小姐跟我說：「你可以安靜一點嗎？別一直發出聲音。」
我跟她說：「不是我在踩，這有個醉死鬼在作怪。」
小姐接著說：「這兒哪有人啊？」
我拉著她的袖子伸向發出怪聲的地板上方說：「就在這，妳可能覺得沒摸著東西，但事實上妳正碰著祂的肩膀。」

小姐懷疑的說：「真的假的？？」
就在此時
小姐講話的聲音突然變成了男人的聲音說：『你們幹嘛推我。』
我跟祂說：「祢踩的太大聲了，小姐在問呢，祢別鬧了。」
醉死鬼附著小姐的身說：『我當初和朋友吃宵夜喝酒，誰知道醉的不省人事，就在回家的路上，我心肌梗塞倒了下去。』
話語畢
小姐的身體整個癱軟倒向我來就像醉死鬼的死狀
就在我搬開沉重的小姐身體時

車門口出現了一個全身穿著黑衣黑褲的男人
我知道
祂就是剛才說話的醉死鬼
想不到祂這麼年輕就心肌梗塞的走了
祂的樣子看起來還不到40歲

祂站在車門邊說：『到站了，這麼多年我總算等上了這班車，我要回家去了。』
臨走前祂示現了祂的過往
當年祂心肌梗塞倒下後
祂的朋友趕緊上前攙扶祂並幫祂叫了救護車
只是祂的魂從沒離開過那裡
如今祂終於等到了回家的機會

祂微笑著消失在我的眼前",
39,2017/01/02 17:30:00,【鬼扣應篇】,"【鬼扣應篇】
你有遇過壞鄰居的經驗嗎？
即便在靈界慎選鄰居也是很重要的

那天我到了靈界的寄宿家庭過夜
Home媽因爲遠行不在家
所以家裡就只剩下Home爸和我

就在與Home爸一同晚餐時
我依稀聽見房裡傳來孩子的嬉鬧聲
因為Home爸和Home媽並無子嗣
好奇的我便緩緩的走向發出怪聲的房間

進了房間後才發現原來房間的燈已經被打亮
我靜靜地等著
等著那個孩子的聲音

突然間孩童的嬉鬧聲再次迴盪在房間裡
一個約莫二到三歲的小男孩的身影
一會兒現身在床邊不一會兒又不見了
一會兒出現在房裡的書桌旁好奇地摸著桌上的物品不一會兒又不見了
最後祂的身影出現在房裡的某一面牆然後漸漸地沒入牆中

我馬上走近牆邊仔細的觀察
隱約可以看見牆上的結界咒文
這堵牆應該連接著另一個空間

就在我輕輕地觸摸牆上咒文的瞬間
我被吸進了牆裡的世界

ㄧ個偌大的房子印入眼簾
而剛才的小男孩正自在的悠遊其中
這戶鬼人家的宅第怎麼會連著Home爸的房間呢？
我立馬大聲地吼著說：「Home爸！有人侵佔我們的房子！」
只見Home爸緩緩走來並面有難色地說：「怎⋯怎⋯麼了嗎？」

我的吵鬧聲同時引來這戶鬼人家的男女主人和小男孩的兩個哥哥的關注
這戶鬼人家做的是傢俱和家飾的買賣
在當地算是成功的商鬼
特別的是祂們家裡還侍奉著「闇·武財神」和「闇·彌勒佛」

這戶鬼人家的男主人首先發難：「我們八樓本來就是開放型的商場，我沒有故意要侵入Home爸的房子，只是隔間過於簡陋。」
我則很老實的向祂說：「這是祢的說詞，依據靈界律法，祢們無權遊走Home爸的房舍。」
鬼人家的女主人見我沒有要退讓的樣子便說：「真是不好意思，我們以後會多注意，這些小東西送給Home爸，希望大家能和和氣氣。」
我則再次重申立場說：「我希望能消除牆上的結界，雙方互不干涉。」

此時小男孩的鬼大哥拿出了鬼大樓的設計圖說並表示：「這真的是原始設計，那結界不是我們設的，是原本八樓商場的規劃，導致我們有些許的模糊地帶。」
我仔細的端詳著鬼大哥拿來的設計圖說
就在我凝視圖說之時
我看見圖說上「八樓」的文字稍稍抖動著
原來在「八樓」的文字下方壓著「四樓」的文字
看來這是鬼大哥指鹿為馬的伎倆
就在我的堅持之下
Home爸的房子總算與這戶鬼人家的宅第劃清了界線
無奈的是Home爸的臉上卻無ㄧ絲笑容

回到Home爸家後
我嘗試了第一次在靈界的洗澡體驗
浴室裡不僅乾濕分離還有著大片的觀景玻璃
窗外的滿山綠意突然讓我覺得Home爸的鬼生活好不愜意
但最特別的還是從蓮蓬頭流出的熱水完全沒有熱度卻有著熱呼呼貌的水蒸氣
超酷的！！

就在我洗澡時
窗外突然出現了奇怪的身影
是竄改設計圖說的鬼大哥
祂全身覆著黑色羽毛長著翅膀振翅飛翔於窗邊
第一次我不悅地瞪著祂並目送祂離開
不一會兒祂又飛了回來
我知道祂看見窗裡光溜溜的我並知道祂對於我的多管閒事頗有微詞
因為在人洗澡時打擾真的太沒禮貌了我索性對祂指出了大大的中指
祂眉頭一皺憤怒的拿出了一把黑色鐮刀向窗裡的我砍了過來
好在有厚實的玻璃擋著要不這一刀下來我看我可能要躺上一陣子
但是我似乎激怒了鬼大哥
不一會兒祂再次飛回窗邊奮力的劈砍觀景玻璃

伴隨著清脆的碎裂聲
玻璃破了！！

我腦中閃過的第一個念頭是：「死了！這貧瘠的靈界，我是要去哪找修玻璃的來還Home爸啊。」
就在我苦惱地當下
從窗外吹進了陣陣的冷冽陣風
如颱風般的強風持續灌進破了窗的浴室裡
只見鬼大哥一派輕鬆地看著被狂風吹襲的我

就在我無計可施之際
從窗外跳進了一隻來自冰寒地獄的冰邪鋼虫
只見祂迅速的鑽進破了洞的浴室牆裡並瞬間增生10倍穩穩地附在牆上
我曾聽地獄來的人說過：『當冰邪鋼虫完全吞噬建築物時，建築物將如冰寒地獄般冷冽的摧殘著其中的一切，是種常態性的折磨。』

我的第二個苦惱瞬間佔據了我的大腦：「我有認識會抓冰邪鋼虫的人嗎？沒有！！」
此時我理智斷線大吼著說：「白癡鬼大哥！祢會害得大家都沒得住，祢知道嗎！？」
鬼大哥眼見情勢不妙收起翅膀自破裂的窗戶走了進來
此時冰邪鋼虫已經長成L型的小矮牆並持續吸吐準備繼續吞噬整棟房子
事情比鬼大哥想像的還要嚴重
祂收起鐮刀並回家去找救兵了

這爛攤子該怎麼收拾？
我也不知道
此時回人間的時間到了
一道白光吸走了我

Home爸對不起！
希望祢能找到新房子",
38,2016/12/13 17:09:24,【鬼扣應篇】,"【鬼扣應篇】
入住旅館或飯店時你會有什麼動作嗎？
又為什麼你會採信這種說法呢？

前陣子和朋友一同去了趟相約已久的旅遊
因為時間約的太早了
出發前臨時又插了個約會
導致當天三分之二的行程都缺席了

雖然該玩的都跟不上
還是風塵僕僕的開著車踏上原本美好的旅程

因為錯估行車時間
所以也沒來的及上餐廳吃Buffet
還好仁慈的餐廳和貼心的友人為我打包了滿桌的美味

山頂上的小木屋是城市人喜歡的風格
除了衛浴設備頗為老舊外沒有什麼大毛病

一陣酒足飯飽後
大夥開始聊起了最近的際遇……

雖然我住的樓下的房間
但因為樓上的衛浴稍稍新穎了些
所以我總是特地不辭辛勞的爬上樓去借用別人的廁所

忽然間
某A問說：「樓上洗手間裡洗臉台上的內褲是誰的啊？」
某B回說：「是我的。」
某A說：「某B你內褲亂放，我剛洗澡時，不知道有沒有濺濕它，你還是收起來吧。」
某B說：「你不懂，那內褲是有含意的……你沒經驗不知道。」
我跟著附和說：「原來那內褲是你的！不會是穿過的吧？到處放真的有點誇張。」
某B說：「你們不知道廁所常是旅館最……〈ㄧㄣ〉的地方嗎？！放著好~」

因為進門後我便四處走動
早已確認這小木屋裡並沒有什麼具體的靈徘徊
所以我很安心的問某B說：「誰教你的啊？有意義嗎？」
突然間某C向我說：「你不知道這兒的事，聽說以前這走山過。」
我很認真的追問某C說：「你怎麼知道？」
某C接著說：「我家在隔壁縣，當年大災難時，聽說整個村子都不見了！」

此刻
大過這個渡假村一兩倍範圍的地層裡
瞬間衝出無以倫比深沉又哀怨的陰氣緊貼著我
我知道某C的『聽說』應該確有其事
這是我第二次感受到生靈塗炭的冰寒怨氣

我繼續問某C說：「這真的走山過？那怎麼又蓋起渡假村了？」
某C說：「之前都有聽長輩們在說啊，就像你們外地人，根本就不會知道。」

大自然固然引人入勝
但睡在積怨已深的墳地上算是奇特的經驗
總之平安回家就好",
37,2016/09/27 16:34:17,【神知鬼識】,"【神知鬼識】
明天還是颱風假！！
因為天然災害導致連放兩天假的機率似乎不高
還請大家多注意自身安全

記得大約是在奶奶過世4至5年後
我才搬進現在的住居
因為自小就跟奶奶非常親近
所以縱然奶奶已經辭世
我們還是固定每半年會見上一面

或許有人會認為這對具有通靈能力的人來說應該很容易吧？！
實則不然

在浩瀚的靈界之中
當一個靈已經踏上「輪迴」的軌道後
身在現世的人原則上是難以深入遙遠的靈界尋覓祂的蹤跡
而祂也會因為本身的問題無法隨心所欲的往返人間

「輪迴」對我而言並不像平常所聽到的
因為老實說做個快樂的靈也未必有什麼不好
我所言的「輪迴」確切的涵義是指「這個靈正確地進入祂的靈界系統」
我並不知道如何稱呼這個靈界的系統所以只好以「輪迴」代之

這個系統當然也有著所謂的主宰者
然而這種系統有多少個呢？？
我想答案是無法以人類的數字所計算的數量

當靈進入祂原生或歸屬的靈界系統後
祂會在那過著如現世般人類的生活
而系統也會為祂安排接下來的人生

以往幾年間
每當奶奶在靈界搬進新的房子或是轉換生活空間我便會去探視祂
而祂仍記得我曾是祂孫子是我們最開心的一件事

當年搬家後
我曾懷疑過入宅時來為我家安神的老師是否有處理好
因為當天那位老師所引動的靈力應該很難傳達至無垠無涯的靈界
雖然當初的我還不是很瞭解如何操作法術
但仍然在我心中留下了一絲不安的陰影

經過了約莫半年的時間
奶奶一直沒有來到新家探視我

或許有人會認為我怎麼這麼執著於死去的奶奶
事實上真正掛念你的靈
若祂能力允許
祂也定在另一個世界關心你
若祂交通允許
祂真的會為你再來一次人間
僅為看看現在的你

在確定奶奶的靈魂並不知道我們搬去哪後
我們又請了另一位老師來家中處理

記得那時的天氣是多雨的秋冬
不時暴雨傾瀉而下
路上漂泊的遊魂們因為同處人間界
難免受到自然界的規範

大雨時
人們可以撐傘
沒帶傘的人
雨水打在身上頂多生病感冒了

但沒有肉體保護的遊魂
大雨若是打在祂們的靈體上
有時感受就像我們被瀑布衝擊般的猛烈
某些弱小的遊魂還可能因此需要休養生息
因此除非祂有帶傘
否則大部分的鬼魂不會傻傻的站在大雨之下

就在重安神位後的某個晚上
奶奶回來家裡敲門了
一開門奶奶全身的衣服都濕透了
我趕緊請媽媽拿條毛巾幫奶奶擦乾
只是後來奶奶很老實地跟我說：『我不想搬來這。』
頓時臉上三條線

為了避免奶奶之後在回家的路上受到傷害
我買了紙傘請菩薩送去給奶奶
自此奶奶再也沒有溼答答的回家過了
但我也沒有看過祂拿雨傘

在另一個世界
許多東西不一定要顯現出來
但它仍然可以擁有同樣的效果

今天是個風大雨大的日子
讓我想起了奶奶的雨傘
傍晚時看見許多遊魂都跑進房子裡躲雨
而房子裡的人們當然什麼都沒發現",
36,2016/09/21 17:27:11,【神兵鬼器】,"【神兵鬼器】
不論是小說或是電影
所有的魔法世界裡一定都少不了各式各樣的道具
這些道具不僅有強弱之分有時更有迥異的特殊能力甚至擁有意識
然而在真實的靈界之中它們又是什麼樣的呢？

以人類的角度來說
施法者在儀式的過程中所使用的道具常被通稱為「法器」
而法器的態樣也因應不同的風土民情產生了許多的變化
然而在通靈人的世界裡
法器的外觀就如同一切的物質般未必具有實質的意義
依附在物質上的「靈」或「能力」才是關鍵

因為師父本身沒有使用法器的習慣
所以我一直以來對於法器也沒有太大的興趣
直到有一天當我在通靈老師家時……

當初大約有七、八位具備通靈能力的人常在通靈老師家出入
因為都是通靈人所以更容易發生相互「比較」的心理
所以我原則上盡量降低與其他人談論靈的機會

直到某天夜裡
因為隔天放假所以東摸摸西摸摸的到了晚上11點30分還沒回家
突然間通靈人A跟我說：「你知道嗎？上次通靈人B拿了通靈老師的那串佛珠，結果頭暈到頻頻作嘔。」
我問通靈人A說：「真的假的？！是哪一串啊？那你有拿過嗎？」
通靈人A接著說：「就是通靈老師房間裡，掛在牆上的那串小佛珠〈指〉。我拿了全身無力，馬上就放回去了。你有拿過嗎？要不要試試？」
我回答通靈人A說：「這樣好嗎？通靈老師會同意嗎？」
通靈人A帶我進了房間向通靈老師說：「通靈老師給鬼磕頭拿看看那串佛珠好不好？」

就在通靈老師答應並將佛珠交給我時
第一次這麼近的看這串佛珠
泛黃淡白的珠身上有著年代已久的硃砂印記
而且這串佛珠沒有一顆是一樣大小的
長度也與一般常見的佛珠相距甚遠

而當我用右手握住佛珠時
瞬間
兩股寒氣從我的左右手前臂竄出
以螺旋形向上飛昇沿著肚臍往胸部直衝而來
在到達我的脖子時
這股寒氣分化為三
兩條寒氣沿著下巴進入鼻孔直達前額
另一股寒氣從喉嚨鑽進脊椎延腦幹而上後腦杓

這是什麼感覺？
大家看過「Airways口香糖」的廣告嗎？
神清氣爽是我唯一可以用來形容此狀況的詞彙
原本稍稍疲憊的我頓時精神百倍
雖然沒有嗑藥的經驗
但如果這是這串佛珠的能力我也想要一條

正當我沉靜在舒適的感覺時
一個穿著紅袈裟的和尚仙人出現在我身旁說：『嗯〈祂瞧了我一眼〉……你竟然吸走了這寒氣。』
接著我將佛珠交還給通靈老師並問他說：「這佛珠究竟是什麼做的啊？」
通靈老師告訴我說：「人的骨頭。」
我馬上回應他說：「怎麼會有人做這種東西？！」
通靈老師告訴我說：「世界上奇怪的事還很多呢！」

當天晚上12點30分左右
我騎著車要回家了
就在我駛離通靈老師家的第一個路口時
剛才那位穿著紅袈裟的和尚仙人默默的坐上我的機車後座

那是個特別的夜晚
我像一般人樣地騎著車回家
椅墊後坐著我的靈魂和那位和尚仙人
依稀可以聽見我的靈魂正用著我聽不懂的語言在與和尚仙人說話
這樣算是三貼嗎？
還好沒有警察

和尚仙人感嘆地告訴我說：『現在的世界長成這個樣子了啊？！』
我沒有特別回應祂什麼只淡淡地說了一聲：「嗯。」

凌晨1點15分左右我回到了我家樓下並停好機車
就在我打開一樓大門前
和尚仙人向我說：『你家就在樓上那戶啊〈示意了一下我家的位置〉。』
我回答祂說：「是啊。」
和尚仙人接著說：『那我要回去了。』
半個轉身……
和尚仙人便消失在我的面前

精神奕奕的那個夜晚
不知道和尚仙人現在在幹嘛？",
35,2016/09/20 07:55:46,【鬼扣應篇】,"【鬼扣應篇】
眼睛是靈魂之窗也是認識世界最直接的方式
若是憑藉肉眼便能看見靈體則被通稱為陰陽眼

然而與靈界的接觸方式當然不僅限於這些有特殊能力的人
在西方國家
某些通靈人也有搭配電子儀器輔助偵查靈界活動的習慣
科學辦案應該是讓一般人相信自己撞鬼的好方法

昨晚開車回家
大約在10點30分左右進入地下一樓停車場
我們社區住戶本就大多早睡再加上今天要上班
理所當然的又是個空無一人的停車場
具有良好駕駛習慣的我還是緩緩地執行倒車入庫

正當我轉進三分之一車長時
突然間「電眼」發出連續的警告聲通知我要撞到牆了
原本注視倒車螢幕的我下意識的抬頭看了看後視鏡
沒人！！
倒車螢幕沒有瞎
後視鏡沒有瞎
我也沒有瞎
但電眼還是很有事的在叫
心裡的結論當然是電眼瞎了

很自然的繼續倒車完美的停入車格
但突然間我發現不對勁了

我倚靠的駕駛座椅上好像有著奇怪的東西
是鬼魂的靈體
祂淡淡的寒氣慢慢地從我背後的毛孔滲入我的脊椎
敵方已在身後單兵該如何處置
正當我還在思索時
祂伸手包覆住我的頭、脖子和肩膀
一種類似「蓋布袋」的概念
祂以猛烈的寒氣快速的注入我的頭、脖子和肩膀並穿透肉體麻痺我的靈魂
同時祂說：『知道我站在這裡，你還開過來！』
我用心回應祂：「你又撞不死！」

熄火、下車並關上車門
站在車外的我看著還站在駕駛座的祂
此時祂的手還放在我頭上
我無奈地向祂表示：「我要回家了。」

科技始終來自於人性
就算不是人了還是喜歡當人啊！",
34,2016/09/08 16:54:19,【神來也篇】,"【神來也篇】
奇妙的「意外死亡」狀況
能回家才是最好的結果

今天早上在市場旁的路口遇到了兩位神明
祂們是面貌完全ㄧ樣的兄弟王爺
聽祂們說已經在市場口的小廟受人供奉30年的時間

而今祂們有了新的方向
祂們跟我說：「請你帶我們上山。」
靈的好處就是可以收放自如且毫無負擔
我便將兩位王爺放進了我的背包裡
背著有意識的空氣的感覺真的很新鮮

走著走著我開始體會為什麼會等到我來背祂們了
因為祂們竟然要我用走的
從市場走向郊區再爬上山去

經歷了一番辛勞
我們漸漸的走進山區
一縷魂魄悄悄地出現在我附近
是位全身穿著專業合身登山裝的女鬼
祂一個人默默的出現在與我同向的山路上
幾秒鐘後祂便消失在我眼前
霎時很羨慕走的很快的鬼
而我當然要繼續我的艱辛之路

最後我終於抵達了兄弟王爺想去的地方
在接近山峰的一側有著華麗的西式洋樓宮殿
雪白的牆面搭配著鍍金的各種裝飾
站在窗外就可以眺望白藹的雪山景致
算是很洋派的兩位中國神吧！

此時窗外突然傳來奇怪的巨大聲響
原來是山頂上發生了雪崩一大片的雪像水流般向下滑落
在雪裡我看見了熟悉的面孔
是祂？！
剛才上山時遇見的那個女鬼
祂的四肢反折如同死亡的蜘蛛一動也不動的躺在雪裡
原本純淨的白雪沾滿了祂的怨氣
兄弟王爺靜靜的告訴我說：「祂就是這麼死的。」",
33,2016/09/05 15:34:12,【神來也篇】,"【神來也篇】
拜師學藝好像是只有小說或電影才會看到的劇情
對於活在21世紀的我而言是種難以想像的事情

當年還在唸大學的我雖然收到了夢中之人的徵詢
但畢竟是第一次見面所以我也沒有留下任何承諾
清醒後也沒什麼特別的想法日子便這麼一天天的過去了

某天放假回家
爸爸突然問我說：「上次的通靈老師說你有天賦，要不要去跟他學習？」
記得當時的我只問了爸爸一個問題：「那個通靈老師拜的是什麼神？」
爸爸告訴我說：「南無彩衣觀世音菩薩。」
彩衣這個詞彙讓我想起了夢中那尊在黑暗中發出七彩光芒的菩薩
我便跟爸爸說：「我要去學。」

因為還在上課的關係結果又拖了好幾個月
最後隨意地約了個假日我就要去拜師了
到了通靈老師家後他先讓我寫了誓詞
然後拿著三炷香唸了一遍給菩薩拜拜後就完成了
整個讓我覺得非常的簡單
這樣就成了別人的徒弟了啊？！

離開前通靈老師給了我一本書並跟我說：「有空就練，常來走走。」
再次覺得這也太簡單了吧！！
回家後稍微看了看那本書也不知道怎麼練是對的
反正祂說過會教我的就隨興地開始了

很快的一個星期過去了
就在第二個星期的第四天晚上
一位身高只有100公分左右整張臉皺的快看不見眼睛的老先生穿著學士袍來到了我的床前
祂帶著黑板用著很普通的白色粉筆認真地告訴我說：「妖、魔、鬼、怪、精……祂們的身體結構是有所不同的……」
自此開始了我的學藝之路

好多年後我曾經問通靈老師說：「當初你怎麼會跟爸爸說問我要不要來學習啊？」
通靈老師說：「從你宿舍回來後，菩薩就說你可以學啊。」",
32,2016/08/21 16:46:57,【神來也篇】,"【神來也篇】
各位有被搭訕過的經驗嗎？
什麼樣的狀況會讓你相信他是善意的呢？

學齡前的我常常去親戚家玩
當時A和B兩位親戚住在同一個社區的前棟和後棟
兩間房子位在同一層大約只有100公分的棟距
雖然不太記得小時候在玩什麼
但卻很清楚如過要過夜一定要住B親戚家
因為只要住A親戚家我幾乎都會在半夜驚醒而嚎啕大哭

A親戚也在住了幾年後
家中漸漸開始不時發生爭吵的情形
記得當年奶奶還在世時
有一次我和奶奶一起住在A親戚家中時
某日晚上伯母準備好飯菜我們便開動了
不一會兒伯父也回來了
記得剛開始一切都很平靜
突然間伯父似乎不滿意伯母所烹煮的飯菜
伯父放下筷子走去向已經吃飽的伯母理論
奶奶見狀也趕緊上前勸伯父
但這件事已經搞得家裡烏煙瘴氣令人難以下嚥

當我仍住在那間鬧鬼的宿舍時的某個夜晚
我夢見小時候住在A親戚家的情景
晚飯時間到了
我們一家子人開開心心的坐在餐桌上用餐
突然間從走廊裡走出了一個女鬼
祂緩緩的走向伯父的身邊窸窸窣窣的像是在跟伯父說什麼
突然間伯父勃然大怒拿著盤子走向伯母一副要打人的樣子
奶奶見狀趕緊上前要讓伯父伯母兩個人先靜一靜
大夥吵了起來同時房子裡的燈也滅了

此時送給我令旗的通靈老師捧著一尊晶瑩剔透的觀世音菩薩神像來到了A親戚家
那尊晶瑩剔透的觀世音菩薩神像自神像中發出七彩的光芒
在漆黑的房子裡看起來是特別的耀眼
隨後房子裡的燈再度亮了起來
伯父身旁的女鬼也消失了

接著有人帶著我和奶奶走向剛剛女鬼走來的走廊
開了燈我們轉進了廁所
小小的廁所裡站了我們兩個人
帶我們來廁所的人沒有形象但卻又可以明確地感覺到祂的存在
突然間一隻穿著古代長袍的手在浴缸旁的牆壁上揮了一下
牆上的兩排磁磚消失了
剛剛的那個女鬼表情尷尬的站在窄窄的牆壁裡
那個人問我說：「你要不要學抓鬼？以後你就不用怕鬼了。」
話語畢我便又睡著了",
31,2016/07/30 07:42:35,【神來也篇】,"【神來也篇】
曾經在電視上看見有人非常的排斥通靈人
老實說這未必是個正確的選擇
因為就算在你還是人的時候
如果有位善良的通靈人朋友相信他對你的人生多少都能有所貢獻

在確認無法與宿舍的鬼魂和平共處後
我選擇向其他的通靈人尋求幫助

這位通靈人是父親的一位朋友介紹所認識的
即使我有見鬼的機會但並沒有因此踏上走宮廟或是靈修的想法
因為通靈人能力的關係
假設A通靈人的能力不如B通靈人
當A通靈人在B通靈人面前原則上與常人無異
弱小的通靈人通常不具有辨識強大通靈人的能力
因此很容易有被大欺小的狀況發生
所以我也從未想過要開發自己的通靈能力

但誰知道會住進這間鬧鬼的宿舍
休假結束回到宿舍後的某個晚上
爸爸載著通靈老師來到了宿舍

原本敲敲打打的屋頂和牆壁
在爸爸打電話通知我下樓去開鐵捲門時起
一切變得鴉雀無聲靜謐非常

當通靈老師進入我的房間後
伴隨著幾聲打嗝聲一面東瞧瞧西看看的說：「整間都是……」
就在通靈老師掀開門簾看了看廁所後便說：「連廁所也站滿了。」
我說：「那我洗澡的時候？？」
通靈老師說：「看著你洗啊！」
接著通靈老師問我說：「你有在這做什麼？」
我說：「之前唸了大悲咒、般若波羅密多心經還有六字大明咒。」
通靈老師說：「不要再唸了，祂們每天來聽你唸，越聚越多。」

我說：「那要搬走嗎？」
通靈老師說：「這是租的齁，租到什麼時候？」
我說：「租一個學期，還有2個月左右。」
通靈老師說：「下學期不要租了，換別的地方。祂們開始吸你的陽氣了。」
我說：「真的嗎？！我沒什麼地方感覺不舒服。」
通靈老師說：「再吸下去，就不好了，等一下請你爸爸跟我回去拿東西。」
雖然很確定住的是鬼屋
但對於通靈人的說法我還是抱著些許的懷疑

幾個小時後爸爸一個人拿著通靈人的東西回到了宿舍
我說：「怎麼拿到這麼晚？」
爸爸說：「送通靈老師回家後還要處理啊。」
我說：「通靈老師沒跟著來？」
爸爸說：「通靈老師說把它放在書桌上就可以了。」

我小心翼翼的打開紅包袋
裡面放著三支用線香和金紙做成的令旗
聽說這三支旗子裡住著天上的兵將祂們會為我守護房間不受鬼魂侵擾
說也奇怪自從將這三支令旗放在桌上後
我不僅省下每天唸經的時間也沒有在我房間發出鬼打牆的聲響了

但屋子裡的鬼魂並沒有因此離開這間房子
因為兵將們的緣故後來鬼魂們每天都在我房門口10步距離的走廊上的屋頂用力的敲打撞擊著牆壁
想不到這小小的令旗竟有如此顯著的效果

這是第二個直接幫助我的神佛",
30,2016/07/28 15:43:00,【鬼扣應篇】,"【鬼扣應篇】
如同許多鬼片所演的ㄧ樣
當人們確認了「房子鬧鬼」後大部分的鬼也就沒在客氣的呈現攤牌狀

天真的我認為反正也不是第一次見鬼了
所以ㄧ如往常的回到宿舍繼續我的快樂白目大學生活

當時大約離租期屆滿還有三個月
每天晚上7點至8點開始會有零星的敲擊屋頂的聲響然後就斷斷續續地敲到我就寢
但我住的是頂樓而且之前和同學到屋頂烤肉時也確認過樓上沒有其他的住戶
所以很簡單的判斷這算是鬼的陪伴吧？！

然而鬼打牆的時間漸漸地越來越早
ㄧ開始大概是提早到傍晚六點左右
後來最早差不多每天下午四點半就開始了

而鬼打牆的範圍也慢慢的從屋頂擴散至整個房間
原本大多是屋頂那面牆持續發出敲擊聲
最後祂大概是以鬼跑牆的模式以順時鐘的方向持續的跑著房間的四面牆壁

記得某一晚
我大約是接近晚上12點左右剛剛躺平
而我可以很明確的知道祂正用力的踏著之前學長在床頭上貼著符的位置
我也默默的告訴自己說：「這樣下去似乎也不是辦法，是不是該試著溝通一下？」

假日回家後我便去拜訪家中長年習佛的長輩希望能降低我跟宿舍鬼魂們的關聯
長輩告訴我可以用持經咒的方式請佛菩薩渡化這些鬼魂消彌祂們的戾氣

直至大二我雖然已經見鬼八年但還沒有遇過這麼討厭我的鬼過
所以我真的很認真的想跟祂們和平共處
回宿舍後我每天會唸約30分鐘的佛經
首先是大悲咒唸三遍
接著是般若波羅密多心經唸三遍
最後是六字大明咒唸10分鐘
每次唸完還要誦讀回向偈
但就如我之前所說的只有在唸六字大明咒時房內的鬼魂有明顯遠離的趨勢
至於其他的經典嘛則是沒什麼太大的幫助

現在回想起來真的覺得那時的我好虔誠
大二的青春年華竟然每天都花30分鐘在唸經

縱使只要唸完佛經不到30分鐘
所有的鬼魂又都會回到原崗位繼續鬼打牆
但我還是如此堅持了一個月左右
我想這就是所謂的求心安吧？！

直到有一天早上8點20分
還記得那天的第一堂課是早上9點
8點時鬧鐘已經響過
按掉鬧鐘後繼續睡著我的回籠覺記得那時我正在夢中做著自己的夢
突然間夢中的牆壁浮出了一道門
上次那個站在我床邊看著我睡覺的鬼魂衝進了我的夢裡
我的夢立刻被打斷了還一屁股的跌坐在夢中的地板上
我驚恐的看著祂
祂冷冷的問了我一句：『你知道為什麼你唸經這屋子裡的鬼都不怕嗎？』
我一動也不敢動的傻在夢中的地板上心中說道：「我不知道。」
祂轉過身去消失在我的夢裡

早上8點20分我從床上驚醒
看了看時鐘確認還不會遲到
看著窗外的天色就如同剛才夢裡的天色

星期五放假回家
我跟爸媽說：「可以請那個通靈的老師來幫我看看嗎？我宿舍的鬼恐嚇我？！」",
29,2016/07/01 16:32:01,【公告】,現在 Discovery頻道 滿滿的鬼魂意念存在其中⋯,pic\594570290704737.jpg
28,2016/06/23 16:57:17,【鬼扣應篇】,"【鬼扣應篇】
各位對「鬼磕頭」這個名字有什麼看法嗎？
事實上它是有來由的

大約在我向菩薩拜師學藝後的第三年
某天傍晚回家後我一如往常的經過佛堂
原本紅潤的廳堂上竟罩著妖邪的綠光
不論我反覆開關幾次電燈皆無法除去這詭異的幽冥燈火

我開始尋找這不友善的來源
在連續巡視家中所有的物品兩趟後
終於在一棵朋友送的爬藤類青草植物上發現了一個不該存在的傢伙
此爬藤植物是種保健身體的草藥
但當下卻有一縷魂魄穿著舊布鞋以芭蕾舞的大拇指站法直挺挺的站在爬藤上
我趕緊向前準備抓住祂問個明白
誰知祂一陣風似的消失的無影無蹤
我知道祂還沒走只是換個地方站去
我只好繼續我的尋鬼記了

就在我再次爬上樓梯的時候
一個穿著黑色T恤舊布鞋留著黑色馬桶蓋頭瞇瞇眼胖嘟嘟死人臉的祂出現了
原本跟在我背後的祂一把抓住我的手往樓下走去
我說：「祢究竟是誰？」
祂說：『紅衣小女孩。』
我說：「祢穿著黑色T恤好嗎！」
標準的說謊不打草稿

來到客廳我們面對面坐著
我說：「祢為什麼要褻瀆神明，改變佛堂的燈光？」
祂說：『不是我。』
我說：「我的雙目如同佛堂上菩薩的眼睛，祢確定要繼續說謊？」
此時佛堂上的綠光頓時消散祂也隨即承認了
我說：「祢來這幹嘛？」
祂說：『請你送我回歸本位。』
我說：「我又不會。」
祂說：『但你以後會，或是你答應我以後會了送我回去。不然你給我10億。』
我說：「我怎麼會有10億！」

然後我帶著祂來到佛堂
在神桌上放了一瓶不滿3成水的水瓶
我說：「祢就待在水瓶裡吧。」
在祂進入水瓶後我便將水瓶交給了菩薩

爾後便開始有鬼魂一見到我便跪在地上磕著頭
一開始我選擇繞開祂們
接著有鬼魂直接跪在我的道上
我只好踏著祂的頭踩過祂
我知道祂們想要什麼但這不是我一個人能做的",
27,2016/06/12 14:34:14,【鬼扣應篇】,"【鬼扣應篇】
剛學會騎車時好友曾經問過我一個問題
他說：「每個人都知道開(騎)車要小心，大家都很注意，怎麼還這麼多車禍？」
事實上除了人的問題外或許還參雜著其他的因素

我上班的公司旁有一座連通台北市與新北市的大橋
因為公司位在10樓所以可以很輕鬆的俯瞰某段橋面

某日下午傍晚時分
原本坐在位子上整理文件的我聽見一聲巨響
愛看熱鬧的習慣促使我跟媽媽好奇的走向窗邊

一台黑色轎車不清楚是否有超速或是想開下引道
整台車不偏不移的撞上引道口的橋墩
引擎蓋完全炸開像是章魚腳樣的接在擋風玻璃前
而自擋風玻璃後的車體則完整無缺

幾秒鐘後一位身穿黑衣黑褲的男性駕駛打開車門
像失了魂似的緩緩地走下車一個人傻傻地坐在橋邊
此時我跟媽媽說：「哇！好多鬼圍繞著那個男的，像是人們圍繞著營火般凝視著他。」
媽媽接著輕鬆地說：「沒事啦，只是車子壞了而已，還好那個人平安無事！」
我馬上緊張的跟媽媽說：「停止，不要說了！走！我們進去。」

因為就在媽媽說出那句似乎違反鬼魂們心願的話時
原本待在橋上的鬼魂們瞬間出現在我們的窗邊不悅的看著我跟媽媽
我只好趕緊裝著沒事的樣子跟媽媽離開窗邊回到辦公室裡

隔天中午因為我有事來不及過橋去拿飯只好請媽媽幫我去拿
當媽媽回到公司才開始吃飯時便說：「我的頭好暈，好想吐。」
昨天傍晚在橋上的鬼魂們果然還是出手了
隨後我便請師傅為媽媽解除鬼魂們的詛咒

在此奉勸大家經過車禍現場時盡量不要好奇觀望更不要給予任何隻字片語
以免招惹多餘的麻煩",
26,2016/05/31 16:56:22,【神來也篇】,"【神來也篇】
大家認為自己的親人或朋友在逝去生命時
是誰帶走了祂們呢？

牛頭馬面是民間相傳的陰差
身負引領壽終者前往地府的職務
然而祂們或許不像牛也不像馬

摯友的朋友在去年底復發癌症
縱然與摯友提過病氣的影響
但人是情感的動物
因此摯友還是常常去照顧他

從今年起他漸漸地增加許多小狀況
而我也只能選擇持續地支持摯友

五月初的某一天早上
摯友突然來電表示無力下床
在就醫後被醫生告知可能需要復健

前兩天見面時還活跳跳的摯友
怎麼一夜間變得如此嚴重
約了個時間我便前往探視摯友

就在我踏出電梯即將看到摯友家大門時
有人用靈界的槍
一槍將靈界的子彈射入我的右側豎脊肌
呃⋯我的背好不舒服
而摯友則是撐著助行器緩緩地走到客廳與我說說話

回家後我立馬趟平
此時從卡在背上的靈界子彈裡走出了一個人
一個開著蒸汽火車戴著軍帽披著黑色大衣叼著菸拿著獵槍的男人
祂以瀟灑的姿態出現在我面前

有道聲音介紹著讓我們互相認識
我問祂：「怎麼會在這裡？」
祂說：「我在等人。」
接著我參觀了祂的蒸汽火車
之後那道聲音問我：「要不要跟祂照張相留念？」
我說：「難得有這機會當然要照ㄧ下。」
而祂卻尷尬的說：「從來沒有人願意跟我照相的。」
合影後祂舉槍朝我的腦袋再開了一槍便消失了

但背上的痛處並沒有隨著獵槍男的離開而消失
我只好請師傅為我取下那顆靈界的子彈

兩天後我康復了
但獵槍男究竟在等誰呢？！
突然間我想通了
我馬上告訴摯友：「你朋友可能在ㄧ個月裡就要走了，你要有心裏準備。」

兩天後的某個傍晚
摯友傳來訊息說：「我等一下要回家了，他走了。」
從獵槍男找上摯友的那天起到摯友的朋友離開的這天ㄧ共經過了12天

希望每個人都能用心過好每一天
聊無遺憾的離開這個世界",
25,2016/05/22 08:08:08,【鬼扣應篇】,"【鬼扣應篇】
不管你是否相信有另一個世界的存在
只要你當過兵應該都聽過軍營裡流傳的鬼故事

弟弟在年初開心的入伍了
但自從下部隊後便聽他說晚上常有人看到或感覺到不乾淨的東西

某天夜裡弟弟的靈魂突然回到家裡跟我說：「哥，我最近都睡不好。」
隨即我進入了一個亞空間
是一棟感覺像是禮堂或是體育館的房子
屋內充斥著古老的空氣和靈界的訊息
我準備點一把香洗淨這凝重的氣息

就在我點燃線香抬起頭後
剛剛停滯在屋內的妖氛鬼氣已消失無蹤
正當我納悶的看著偌大的空屋時
突然間屋外傳來陣陣腳步聲和萬眾人聲

我走到屋外看見一片鳥無人煙的樹林
我的感覺告訴我：『那群人在樹林裡。』
緩緩的我走進了沒有出路的樹林
其中一棵樹邊有著一口被水泥封死的古井
我踏上井頂想找尋那群人的蹤影

忽然間那群人急促的衝向我所在的古井
而我又融入了這群人的亞空間
原來是群正在逃難的日本難民鬼
人口數約有2萬多至3萬人左右
祂們穿著電影裡日據時期的服裝
人心惶惶的想逃離這個地方

為了避免引起不必要的麻煩順道觀察一下祂們
我花了三炷香的能量裝扮成日據時期的賣冰少年
剩下的香腳變成了無用的冰棒棍
其他的香化作三支令人垂腺欲滴的冰棒全收進我的保冰盒

裡面有男人、女人、軍官、士兵、醫師、小孩整群人亂成一片
也不知道祂們想去哪裡
突然間有人用力拉了我的褲管
我轉身一看是個穿著深藍色長袖上衣的人
祂伸著右手大力的扯著我的褲管並發出『嗯…嗯…嗯…』的聲音像是要跟我買支冰棒吃的樣子
我心想吃了我的冰棒會燒死祢的傻瓜

因為祂死不放手我便想找祂的頭溝通溝通
我沿著祂的手臂向上摸去用力往下一扯
是祂的背！！
祂是個沒有頭沒有左手、左半上身和整個下半身
只有右手和右上半身穿著藍色長袖衣服的男鬼

我放棄溝通並開始準備將祂封印到土地裡
先將祂的肩膀往下壓再用力的將祂的手塞進地板裡
祂死命的抵抗直到我將祂完全放進土裡祂仍不停地拍打著地板
趴在井頂上的我看著祂直到祂停止拍打地板為止
真是個難纏的鬼魂

正當我爬起身準備離開的同時
一個穿著日本軍裝年約27或28歲的日本兵趴在我的背上生氣的問我說：「你對我弟做了什麼？！」
就在我還在向祂解釋時
亞空間離開了
而祂也一起消失了",
24,2016/04/10 15:38:02,【神來也篇】,"【神來也篇】
昨晚和朋友看了電影「功夫熊貓3」
神龍大俠阿波最後在天外靈界接受熊貓們的氣後打敗了非生物的天煞
或許許多人認為卡通是天馬行空的
但我想說卡通的想法還真的可能存在我們的空間

在我剛開始與菩薩學習瞭解靈界的時候
菩薩要我每天練習書寫無數神佛的神令
菩薩告訴我當祂們認同你時
無數神佛將在你的手中留下祂們的印記

之前朋友在入宅前請我去為他鑑定陽宅
是屋齡10多年的新房子
但基地、旁邊的腹地與溝渠皆有無數鬼魂駐足
在與菩薩請得旨意後
選了個良辰吉日便到新宅進行除煞

一如往常的我早早抵達現場準備
就在儀式開始前的5分鐘我才發現我忘了帶御法神令
御法神令雖可通達萬千神佛但全是以靈界文字書寫沒有任何邏輯可以推敲我也沒背在腦中
如果要回家拿來回需要1個小時的車程而菩薩又是不會遲到的
最後我決定今天的儀式皆以菩薩賜下的神令來運行

儀式開始菩薩令雖仍能發揮功用但啟動儀式的能力遠不及御法神令的1/10
儀式持續進行中菩薩令漸漸的否定我的作法而我的心思也越見慌亂
今日的儀式看來要失敗了
此時菩薩跟我說：『用你手中眾神佛所留下的印記吧！』

反正應該沒有比現在更糟的狀況了
我舉手翻掌說道：「請眾神佛…」
隨即自虛空而出80位神佛助我再次啟動儀式且其效果無異於御法神令
除煞儀式順利的完成了

因為我還是背不起來
所以下次一定要記得帶上御法神令",
23,2016/04/05 14:22:30,【鬼扣應篇】,"【鬼扣應篇】
大家是否曾跟朋友「開玩笑」呢？
前陣子介紹了高中同學給大學同學認識
豈料下午他們竟聯手跟我開了個玩笑
也不知道怎麼的我竟然勃然大怒並隨手招了台計程車準備離去

就在我打開車門正想踏進計程車時
我告訴自己：「不對！！這車有問題。」
駕駛先生的腿上佇著一個靈就在我遲疑之際
駕駛先生腿上的靈現出了祂的真身
是ㄧ個看起來不到一歲的嬰靈
就像被父母抱在胸前般的坐在駕駛先生的腿上
祂的膚色蒼白圓圓的大眼睛裡看不見眼白
祂似乎曾經歷頭顱破裂的痛苦因此在頭上留有兩道已經凝固的大遍血漬

嬰靈向我露出了ㄧ個邪惡的微笑隨即我被吸入車內坐在駕駛座上
就像剛才的駕駛先生ㄧ樣然而現在是我抱著嬰靈

祂再次回頭向我示意後便在我的腿上消失了
車門也立刻關上並急駛出發衝往前方的大貨車後車斗
縱然連續急踩數10次煞車但車子仍未有減速的跡象
就在我想要放棄時車子終於在離大貨車不到10公分的距離處緩緩停了下來

我馬上開門跳下車想遠離嬰靈的糾纏
在我滿頭大汗地跑到廁所對著鏡子準備洗把臉時
嬰靈再次出現在我的胸前和我一起看著鏡子
我用力的抓住祂的靈體想將祂推離我的身體
無奈不論什麼角度祂皆不受影響的回到我的身上

此時原本在車上抱著嬰靈的駕駛先生嘴裡喊著：「兒子！你在哪啊～」的走進了廁所
我靈機一動的將嬰靈推往駕駛先生的胸口
而嬰靈也不再回到我的身上並納入駕駛先生的身驅

我立刻拔腿狂奔躲在叉路口的牆角
最後只看見駕駛先生兩眼無神的找尋著我",
22,2016/03/29 06:49:31,【鬼扣應篇】,"【鬼扣應篇】
那晚和朋友在10多年前大地震倒塌的大樓前等紅燈時
看著人事已非的新大樓向朋友提起了大地震的往事

好天真的朋友突然問我說：「你不是看得到祂們嗎？那祂們還在嗎？」
口無遮攔的我竟回答：「要我找祂們出來嗎？」
朋友馬上說：「不用了！」

綠燈後我們緩步的走過震後新大樓的騎樓
一如往常的簡單談話與平靜的氛圍
殊不知我的靈魂正張開厚實的屏障挾帶暖暖的熱能包覆著我們
因為此刻整棟大樓的鬼魂早已站滿ㄧ樓店舖
站不下的魂魄甚至從騎樓屋頂伸下頭來凝視著我們
就在我們走出騎樓再次受月光照拂的同時鬼魂們也一鬨而散消逝無蹤

靜謐的新大樓或許不希望再受到打擾
而我也該多體諒祂們才是",
21,2016/03/20 11:53:28,【鬼扣應篇】,"【鬼扣應篇】
自從上次在網路上被照騙買了個背包後
便習慣與有實體店面的商家進行交易

因為想妝點一下供桌在逛遍各大網路商城後
總算找到了一間價格實惠且有店面的賣家
網頁上的商品也照的乾淨清晰
在與賣家聯繫取得店面地址後便義無反顧的前往了

縱然照片照的很是專業
但店址所在真是個奇妙的地方
第一次到店的我只看見ㄧ個平頭先生坐在小時候國小的木頭桌椅上閱讀著

簡單的問候後便表明此行的目的
沒想到老闆冷冷地說：「現在店裡沒有貨哦～」
這⋯沒有貨怎麼還跟我報地址
因為從沒接觸過直接轉賣的賣家
所以雖然心裏犯著嘀咕還是耐心的跟老闆討論著我想買的商品及其規格
老闆也熱切的招呼著我並確認了到貨日期要⋯ㄧ個月！
因為全台缺貨無奈只能等下一班船期

反正今天也沒什麼事在下訂後便在店裏跟老闆瞎聊
老闆原本在藏傳佛教的團體內上班
但因為看不慣某些事情而離開教團

老闆本身因接觸藏傳佛教已久
所以目前與朋友ㄧ起經營這間小店
販賣許多藏傳佛教神像供具和相關文書
只是店裏的燈光微亮灰暗有種另我不適之感
抬頭一看原來是老闆將藍色的布縵罩於燈源之上

老闆也不知是哪根筋不對勁竟然問我覺得他的店如何
我也有夠誠實的跟他反應：「燈光太昏暗了。」

因為時候也不早了我便起身告辭
但回家後突然覺得身體很是疲倦
仔細的想想今天只去過那藏傳佛教的店舖
難道⋯其中另有玄機？！

ㄧ個禮拜後老闆來電表示：「你的貨到了哦～」
原來老闆幫我調到貨了
所以不用像原本所說的等待ㄧ個月
在歡喜之餘也帶著探險的心思準備去取貨

這次我仔仔細細的把店裏的每樣商品都看了ㄧ遍
就在我走到ㄧ張正對大門的矮桌前時
我有著不好的預感
牆上掛著許多手繪的人像但似乎看不出喜悅
桌上放著許多供品、骷髏和巫蠱娃娃

我皺著眉問老闆說：「這是什麼？」
老闆說：「既然你問了。我在推廣拜鬼。」
哇～真是驚為天人！

老闆說以前他開始接觸藏傳佛教時也是信神的
但就在他求神拜佛皆沒有得到幫助時他的朋友推薦他拜鬼
原本他也有點排斥但嘗試後似乎效果還不錯
而他們所拜的是孤魂野鬼

老闆表示他並無靈通也沒有任何感應的能力
但在他飢寒交迫時是求鬼幫助他度過難關
老闆還很熱心的跟我說：「像我店裏的這些佛像，真的是拜也沒用。」

頓時覺得很無奈
這些神像裡又沒有神這樣拜有用也還蠻奇怪的吧
但老闆店裏倒真是站滿了鬼魂
就在老闆正式的說出他在拜鬼的時候
所有的孤魂野鬼瞬間充斥著小小的店面

我們怎麼也只算是萍水相逢
我便笑著跟老闆說：「如果你看不見，還是別再推廣拜鬼了。」
老闆也笑著回我說：「你不會瞭解的，因為你用不到。」

目前為止那間推廣拜鬼的小店仍然持續營業著",
20,2016/02/21 13:55:56,【鬼扣應篇】,"【鬼扣應篇】
人生總有很多的第一次
而它也往往令人難以忘懷

自從實施垃圾不落地的政策後
都市的人們總在固定的時間外出追趕垃圾車
記得在升六年級的盛夏
某日夜裡我一如往常的出外倒垃圾

家住五樓公寓的我在漆黑的樓梯間
一層層的打亮樓梯的電燈
但就在我走到四樓鄰居門口準備開燈時
一位穿著青綠色螢光長袍的長髮女鬼
正站在通往三樓的樓梯上

藉著祂身上的幽光
我沒開燈便一步步往下接著走了
就在這幾階樓梯的步伐裡
我帶著怒意告訴我自己：「祂是渾蛋。」

自我凝視著祂直到走到祂的身後
祂皆平靜的站在原地
而在我側身繞過祂與祂四目平視時
祂微微的抬起頭露出一顆充斥著血絲的大眼珠瞪著我
我倆的距離不到三公分
我沒喘氣祂也沒呼吸
我用眼神告訴祂：「祢這渾蛋！」
而後我轉身往下接著走

就在我轉頭準備看著樓梯往下走時
祂突然伸起雙手掐住我的脖子並將我推倒在地
我也立刻伸出雙手掐住祂的脖子
但事實上我倆皆沒真正的碰觸到對方

過程中我曾用腳大力的踢踹祂的身體
只可惜祂仍不為所動
就在我們呈現勢均力敵難分難解之勢時
有人打開大門走進一樓梯間
那人好奇地喊說：「你們在樓上幹嘛！？」
我說：「我要掐死祂，可是祂死不了。」
那人接著說：「用力地往祂的頭踩下去！！」

我翻過身將祂壓在地上
選了一個好出腳的位置
用力的一腳踩向祂的頭
就在我的腳要踏到祂的臉時
碰的一聲
祂化作煙塵消失了

氣空力盡的我看了看手錶
時刻是凌晨三點整
頓時冷汗直流如大夢初醒
祂是我第一次交手的鬼魂",
19,2016/01/31 15:15:16,【鬼扣應篇】,"【鬼扣應篇】
今天和朋友到警局洽公
因為不是事主便索性倚在沙發上休息
不久熱心的女警告訴我說：「那有報章雜誌可以看喔！」
但就在我望向書報桌時隱約看到一個靈正坐在那

身為好奇寶寶的我起身慢慢走近書報桌
並且選擇那個靈所坐的位置
就在我坐上那張椅子後那個靈的磁場即刻包覆住我的全身
雖然沒有特別的寒意但卻像是浸在溶劑裡一般與世隔絕

我看見桌上放了一本過期已久的雜誌
同時有個意識告訴我：『打開它！』
就在我翻開雜誌的瞬間一個女鬼的頭浮現在我的左肩上
祂滔滔不絕地跟我說：『那個啊…~!@#$%^&*…』
漸漸的我的意識變得模糊
不僅聽不見外界的聲音視野也縮小到只剩下60度左右

我奮力起身走向剛剛坐過的沙發
女鬼的頭雖然漸漸地消失但祂的話語並沒有停止
即便我坐在5公尺外的沙發上仍可清楚的聽見祂的鬼話
此時我決定回到祂的位置上與祂來個了斷

因為女鬼怪異磁場的束縛使我每一步皆走的辛苦萬分
異界溶劑的包覆更使我步行的速度如鬼魅般的緩慢
就在我回到祂的位置上後
我翻開那本舊雜誌的第一頁準備勅下封咒
但女鬼的鬼話竟讓我想不起封咒的完整畫法

就在我苦惱封咒究竟該怎麼勅時
來自靈界的封鬼筆再次前來幫忙我
封鬼筆借我之手畫出純墨色的封咒
咒令一出女鬼的磁場和異界溶劑頓時消散
但女鬼的鬼話雖逐漸遠離卻沒有要止歇的意思
我立刻翻到舊雜誌的最後一頁
再用封鬼筆勅上另一個封咒

女鬼回書裡去了而我也累壞了
希望不再有人翻閱這本舊雜誌",
18,2016/01/24 16:50:20,【鬼扣應篇】,"【鬼扣應篇】
最近巷口來了一位新鄰居
之所以會對她留下印象
是因為每次下午四、五點經過時
她總是自己一個人站在門口望著遠方

她是個酷酷的女生從不主動跟人談話
白皙的皮膚和一頭烏溜溜的長髮配上一貫的黑色洋裝
就在幾次照面之後我們成了點頭之交
偶爾說上一兩句話時才發現她是個外冷內熱的人
此外浪貓們總是徘徊在她的身邊
感覺起來這樣我就不用獨自背負餵養浪貓的罪名了
整個就是「就甘心~」

某日深夜有事出門的我就在打開大門的霎那
看見她站在對面人家的屋頂之上
她面色凝重不發一語的站著並婉拒月色的照拂
瞧著她詭異的身影於我心中漸漸吐出一絲寒意
她果然不是…

突然間她舉手喚風騰空抓走一隻浪貓
轉頭現出燒的只剩白骨的右側臉龐
祂哀怨又悲憤的向我說：『當年，我一個人在家午睡。隔壁鄰居家遭人縱火，濃煙使我失去逃生的機會，大火無情吞噬了我的身軀，為什麼隔壁鄰居連聲道歉也沒有跟我說？』
話說完祂便消失了

幾天後我又在巷口看見祂獨自望著遠方
原來祂一直望著當年失火的那個方向
祂是在悼念自己悲慘的故事？
還是在等隔壁鄰居回來給祂一聲交代呢？
我向祂說：「有空我再來看祢，我該怎麼稱呼祢？」
祂說：『叫我姐姐吧。』
後來我便沒有在巷口再見過祂的身影了",
17,2016/01/17 14:09:42,【神來也篇】,"【神來也篇】
最近與好朋友餐敘時
才發現原來他對塔羅牌占卜有著一定的興趣
尤其對於感情方面的占卜有很高的準確度

之前曾有長輩跟我說：「何必專做為人處理靈界問題的工作，只要算的準，擺個攤子到處都是你的舞台。」
但因為占卜並非是師傅收我為徒的用意
所以我也一直未積極的走向占卜之路

而今如果好友真有為人占卜的命格何不幫他一把
我便在當下向好友提議：「如果有緣，你會想請我師傅教你占卜嗎？這樣你就可以越算越準了。」
好友帶著一絲絲的疑惑問我說：「那我會看到鬼嗎？」
我非常無奈的告訴他：「你是來學占卜的，不需要看得到鬼的功能。」
好友便答應了並請我回去問師傅是否可以教他占卜

當晚回家時
我的書桌上便放著一封靈界的留聲信
且在我踏入房間三步後留聲信即說道：『鬼谷子。』
話語畢留聲信也隨即消失了
我即心想：「原來如此？！」

偶後我請示師傅說：「若好友有此機緣，菩薩可以傳授好友占卜之法嗎？」
師傅說：『非也，非也。祖師將在此受你好友三拜。』
原來好友真有修習占卜之術的緣分
希望你早日學成謀業也期待有夥伴的日子",
16,2016/01/10 16:29:44,【鬼扣應篇】,"【鬼扣應篇】
各位都在辦公室待到幾點離開呢？
想過自己的辦公室有另一個世界的工作者嗎？

大約在3年前
我在一間地區型的房屋仲介公司上班
當初選擇公司的想法很單純就是招牌和裝潢都不錯
但我們公司不僅是看起來光鮮亮麗
業績也是全台加盟店的前三名
因應公司的長程規劃當時還開了分店

應徵時就跟老闆談過我想在本店工作
原因非常簡單就是想離家近
因為房仲業務的工時可能長達12小時
所以我希望在需要時能花最少的時間回到床上

我們公司主要經營高單價的物件
所以門面也是很重要的指標之一
當時我們大樓大約一坪100萬左右
而一樓的店面當然更是價值不斐
兩大房仲也是我們完全不會交流的鄰居

平順地度過了菜味很重的第一週後
接著開始公司的文化傳承
記得第一天上課大約上到晚上9：00
老闆就等不及的進來會議室趕我們下班
那時真的覺得我們是幸福企業

學長簡單的將課程收尾下課
回到辦公室才發現大家早就都下班了
今天最晚下班的是老闆、學長和我
就在學長要鎖門前我突然想到我的東西忘在會議室
便自己一個人走進黑壓壓的公司

就在我打開會議室大門時
映入眼簾的是一個赤面雙角的鬼先生
祂開著展示燈照著自己叼著菸穿著西裝坐在會議室的主席位上
我立刻裝作沒事一樣轉身離開會議室
並確認將門帶上
到了門口學長問：「東西拿到了嗎？」
我簡單的回應說：「嗯。」

從此我不再自己一個人進入會議室
靈界的朋友曾跟我說：「你可以請祂幫你成交，你再渡祂回家見家人。」
但我還是不想有與鬼打交道的首例因此也沒再跟鬼先生說過話

幾個月後因為人事調整
某天店長突然通知我請我到分店支援
而且請在當天下班前完成
我便放下手邊的工作回公司整理打包

本店與分店雖然只有5分鐘的車程
但卻隔著一個隧道
就在我騎車準備過隧道前往分店時
鬼先生來了並說：「我可以跟你去分店嗎？我沒辦法自己過隧道。」
我回祂說：「我怎麼知道？想過隧道去問菩薩，我不知道。」
鬼先生就在隧道口回去了

自此我沒有再見過鬼先生也希望鬼先生已經不在公司了",
15,2016/01/03 13:35:06,【神來也篇】,"【神來也篇】
外婆的葬禮上來了好幾位師父
而人們對於師父們的作法則是各有好惡
姑且不論是否真的幫助到外婆
但至少撫慰了家屬傷痛的心靈
也就像電影所說的超渡的不一定是亡者
更重要的是帶領活著的人渡過這段悲傷

葬儀社那一共請了三位尼姑為外婆誦經
第一位尼姑臉色黯沉
誦經時東漏一句西少幾個字不打緊
每次還都引來一堆孤魂野鬼
在佛名號之前還加上「台灣」兩字
是令人最感冒的一位師父

第二位尼姑肉肉的很和藹
法器一應俱全給人備受尊榮的感覺
法會做的中規中矩
招惹的孤魂野鬼也是最少的
是一位很稱職的師父

第三位尼姑深受家人喜愛
但她真不是普通的囉嗦
進塔時明明簡單的儀式帶過即可
她偏偏在塔位前瘋狂的嘮叨
吵醒了整區的亡者後
又在那請神佛幫忙引渡
整個沒事找事做的感覺

出殯前一天
親戚找了認識的宮廟來壓庫錢
廟方人員雖然姍姍來遲
但帶了旗幟、神像和神轎一行七、八個人浩浩蕩蕩的來到靈堂

當天還增加一個儀式
說是請神尊做主帶外婆過十殿閻羅投胎去
儀式開始
每到一殿便請家屬擲茭杯詢問外婆是否到殿
廟方人員則會燒一副紙錢聊表謝意
接著往下一殿前進再擲茭杯詢問
每次擲茭以連續三個聖杯為應允之意
若是未連續擲出三個聖杯則必須再擲茭
從人們的眼裡看起來就是一場瘋狂擲茭的闖關儀式
而且該宮廟的神靈直到第四殿才來到靈堂
又在擲茭至第九殿時先離開了
經過十殿的奔波之後
乩童打開滴滿香油的瓷碗說：「碗中的香油記錄著外婆經歷十殿的腳步。」
而香油要在外婆出殯後丟入溪水
真是一個讓人看的一頭霧水聽的莫名其妙的儀式

而我則是請菩薩在金紙上為外婆書寫疏文通達各界
請天地眾靈好好接待外婆切莫怠慢
出殯當天共來了三百位仙佛與其眷屬
偕同觀禮並祝福外婆一路好走
然而親戚卻是一臉不屑的燒化了金錢
這…還能說什麼呢",
14,2015/12/27 13:59:09,【鬼扣應篇】,"【鬼扣應篇】
下午在鄰居家等他回來
不知不覺時間已接近傍晚五點
突然從他家的地板開始散出大片的黑氣
不尋常且令人不舒服的氣氛即將充滿整間房子
我隨即起身回家

到家不過十分鐘
鄰居就在街上打電話給我說：「這東西超難選的，我挑了好久，現在就回去。」
趕緊告訴鄰居我已經回家並請他直接到我家來坐

當鄰居到我家後我裝作沒事的樣子一起喝了好幾壺茶
內心裡掙扎著到底該不該跟他說他家裡的狀況？
那他回家會不會有危險？

因為實在拖太久了
鄰居不耐煩的表示：「沒事的話，我要回樓上了。」
我脫口說出傍晚在他家看到的情況
鄰居激動地表示：「幹嘛跟我說這些，你又看不到！」
我也很大聲的回應他：「我就是看的到，而且祂就是來找你的。」
冷靜了一會兒後
我們開始思考那該怎麼辦？

我提議我先去他家看看狀況
就在我打開大門時
一個綁著包包頭瀏海蓋到鼻子身穿黑色洋裝下擺是彩色點點的女鬼
正坐在樓梯口那戶人家的鞋櫃上像是在等著誰的樣子
我急忙關上門並告訴鄰居從後棟的電梯回家是安全的

就在鄰居靜悄悄地離開之後
門鈴響了
我靜靜的從窺視孔往外看
剛才坐在鞋櫃上的女鬼就站在門口
我轉身回到客廳假裝沒聽見鈴聲

但鈴聲就像裝了定時器般
每隔五至十分鐘就會響一次
我不僅沒再去看窺視孔也不曾應門
大約半個小時後
我看見我家大門開始透出黑氣
而且黑氣流竄的速度似乎越來越快
我走向門邊向著門說：「這是我家，祢不要亂來。」

誰知那女鬼完全不放在心上
祂更大量的散出黑氣並開始解離我家的大門
就在大門被祂崩解了三分之一連在房裡也能直視祂時
我打開門向外準備抓住祂
祂似乎知道我的想法馬上收斂黑氣準備轉身離開

我抓住她的雙手就往我的嘴裡放
並用眼神告訴祂：「我要吃了祢。」
祂起初毫不在意像是在聽笑話般
但就在我將祂的手臂放進嘴裡準備吞進祂的肩膀前
我看見祂原本仇視的眼神中透出一絲的驚恐
我撐大我的嘴巴一個吸氣吞噬了祂的頭

接著是漫長地吞食身軀的過程
從沒吃過這麼大塊東西的我
不斷的撐大脖子緩緩的吸進祂的身體
原來祂穿著雙輕便的包頭鞋
看到腳的我開心地用力一吸
就像是吃麵一樣的吸光麵條閉上嘴巴

跟上次的鬼一樣吃起來並沒有什麼味道
鬼沒了鄰居回家了
剩下我一個人簡單地修理著破損的大門",
13,2015/12/20 16:32:48,【鬼扣應篇】,"【鬼扣應篇】
農曆年離開親戚家前
我再次重新安頓磁場並請神將為我守護家宅
而灶君亦以大歡喜心與我話別
我想祂是我見過最熱血的灶君

無奈世事無常外婆最近辭世了
我隨即趕回家為外婆盡孝
但映入眼簾的確不像是我的家

菩薩與其眷屬離開了
灶君也不復存在
每晚火形蟲與蚊蠅縱橫廳室
鬼魂們不時齊聚臥房門窗
親屬日日夜半進食
人畜無法安睡至天明

親戚曾問我說：「那鬼ㄧ直在這會怎麼樣？」
我無法得知你們約定要付出的代價
但願你們平安

我翻閱神將們留下的紀錄
只見紀錄的最後一頁記載著
新來的神尊俘虜了祂們之後
以無形火將祂們燒成了焦碳
感謝神將們的盡忠職守
我會將祢們的遭遇呈稟上天

我想我可以體會外婆最後想講的話
雖然您奮力的想活下去
但您的肉身已被燒毀
我亦將為您請求解除身上的枷鎖
還您清淨自在的無憂喜樂

而家裡唯一清楚狀況的是隻黑狗
牠無懼陰靈的侵擾更試圖趨趕祂們
雖然陰靈無動於衷
但你忠勇的精神將在此流傳",
12,2015/12/13 13:11:07,【鬼扣應篇】,"【鬼扣應篇】
高中畢業旅行的前一晚
我在家中廚房的窗戶旁遇見了鬼
而當天的情況是這樣的…

因為我總是拖到最後才開始整理行李
所以當晚家人都已經先睡了
而我還在想我到底該帶些什麼

看見櫥櫃裡買了只用過幾次的髮蠟
雖然不是很會抓頭髮
但是畢業旅行應該還是帶著比較保險

髮蠟盒上的貼紙為什麼不能做的好撕一點？
光是把貼紙撕下來盒子上就殘留了一大片的黏膠
索性帶著髮蠟到廚房流理台拿起菜瓜布就開始往死裡刷

因為家附近有兩間地方型醫院
所以偶爾都會聽見救護車的鳴笛聲
就在我專心的擦著髮蠟盒時
救護車的鳴笛聲漸漸由遠而近
原本很正常的響著【歐~伊~歐~伊~】的聲響
但這台救護車怎麼沒有往醫院開去的感覺
同時鳴笛聲也沒有漸行漸遠的樣子
接在鳴笛聲後的聲音是…

【歐~伊~歐~伊~歐~伊~歐~伊~喔~喔~唷~唷~唷~啊~啊~啊~啊~伊~伊~伊~伊~伊~……】
剛不是聽到救護車的鳴笛聲嗎？
怎麼變成人的嘶吼？
這個人喊這麼大聲怎麼都不會累？
為什麼完全沒有換氣的感覺？
悄悄的轉動眼球望向窗戶剛好只能看到窗框
已經喊了兩三分鐘了吧？！
難道在叫的是…
我關起水龍頭轉身直接往爸媽的房間走去

叫醒媽媽陪我走到廚房
我認真的往窗戶外東瞧西看了好一陣子
黑壓壓的一片真的什麼都沒有

此後大約一兩年的時間我常在家中聽見奇怪的叫聲
而且感覺得出來這聲音在旋轉、移動
每次我聽見這種聲音時都會立刻告訴家人
盡力的形容叫聲目前的情狀
但家人總是跟我說：「沒有你說的聲音。」

直到最近我開始經營鬼磕頭的粉絲團後
祂們來找我了

當時我家住在五樓
而祂們兩位在我家隔壁四樓房子的屋頂
兩位都是男生
一位沉默寡言另一位穿著銀白色的拳擊靴
每當夜晚來臨祂們便沿著屋頂逆時針的跑著
而祂們為何這麼做並沒有向我詳述

我只知道在我寫下這篇文章的同時
祢們仍在屋頂上
而我也誠心的謝謝祢們的支持
祝祢們早日找到回家的緣分",
11,2015/12/06 03:29:50,【公告】,"近日告訴朋友們我的際遇後
有的人常問我說：「那你會跟別人說他遇到鬼嗎？」
我想如果沒有立即的危險
我的答案是偏向保守的

記得在我開始跟師父學習不久之後
某日跟朋友去看了房子
那是一間近郊的傳統三合院
附帶約300坪的庭院、門前還有30坪的蓮花池
聽說同一家人已經在此住了上百年
房後有小山為靠、遠山展誥氣象萬千

隔日恰好與通靈的朋友有約
閒聊之中她突然跟我說：「有位老奶奶跟著你，你沒發現嗎？最近去了哪？」
我便跟她敘述昨日所見的三合院
她跟我說：「屋內的老奶奶表示你像她的孫子一般，她很喜歡你，所以跟著你來到了這裡。」
我便順理成章的請問她：「該怎麼辦？」
她說：「請我家娘娘幫你化解，另外這個除穢包帶回家洗淨。」

也不知道是怎麼搞的
從離開朋友家之後就開始有將得重感冒的感覺
全身發熱不打緊傍晚六點左右還一度失去聲音成了啞吧
晚餐後先洗了除穢包再洗個熱呼呼的熱水澡
但完全沒有比較好

雖然師父已經教過我除穢之法
但是對老奶奶我還是猶豫了一下
畢竟眾生皆有靈性若得化解不必強求
直到晚上十點我真的受夠了

隨即以茶為禮以香為憑
懇請菩薩為我除去身上陰靈氣息還我自由之體
三秒後我恢復了
神清氣爽就像什麼也法發生過一樣
倒是花了一個小時等香燒完

當晚那房子裡的老奶奶邀我回到三合院
她招集了全家大小擺了一桌豐盛的佳餚與我話別
雖然老奶奶的經歷讓我很不舒服
但我還是很謝謝她的熱情款待

至於我的通靈朋友究竟是在幫我還是幫倒忙
直到今天我也不能確定而她也已離開人世
每個人都有不同的天賦與際遇
我想更重要的是取得一個適合的平衡點",
10,2015/11/27 18:41:48,【鬼扣應篇】,"【鬼扣應篇】
一年前朋友搬進新的住所
但我卻在隨後夢見朋友正前往鬼潮洶湧的聚落並夜不安寢
農曆年與他相聚還特別關心了一下居住的狀況
他說：「目前還好，沒什麼狀況。」

月初朋友鄰居的男主人驟然病逝後
朋友的家人才說起今年盛夏時的夜晚
曾有人在他熟睡時輕拂他的腰外側又強壓他的足背使他驚醒
頓時感覺到強烈的鬼魂氣息並委婉地告知朋友那房子有問題

就在決定為朋友排除房中的穢氣並送鬼魂離開後
其家人竟在夜裡被鬼拍打肘臂以致痛醒
雖然未在手上留下任何痕跡但這鬼魂真是得寸進尺
還是早早把儀式完成才是解決之道

就在要進行儀式的前一晚
鬼魂再次在深夜打擾朋友的家人
不僅在他熟睡時牽起他的手還向他吐口水
在此奉勸各位鬼魂：「是祢的終究會到來，多餘的動作只會為自己惹來不必要的麻煩。」

儀式進行的當天
吐口水的鬼沒有造次
鬼魂們靜靜地接受菩薩的安排也未有任何不安
就在我為朋友設置大門結界時
停棺在隔壁已故的男主人竟然咳了一聲：「喀！」
我只能無奈地表示：「若沒有祢的份，強求無益。」

儀式完成後
朋友帶著一絲不安問我說：「鬼魂真的不會再進來了嗎？」
我則反問他說：「假設這個110伏特的插座漏電，你的哪一根手指頭願意伸進插座，試一試有沒有漏電？」",
9,2015/11/21 16:39:07,【神來也篇】,"【神來也篇】
前陣子看了馬來西亞拍的鬼片「超渡」
同樣是通靈人的故事所以許多點看起來格外親切
但為了呈現戲劇的張力還是增加了不少人性化的過程
免得像朋友們對我的鬼故事所給的評價說：「好不恐怖。」
但它仍是部具有真實性的電影所以在此推薦給各位

記得其中有個橋段是這樣的⋯
嚴冬：「趕快唸經超渡她。」
阿樂：「你白癡啊！一唸全部都會靠過來，你要載滿整輛車啊？」
事實上阿樂說的完全正確

記得在求學過程中第一次租宿舍就選中鬼屋
當時雖然已經與鬼接觸了好多年
但還沒有拜師學藝只有赤手空拳一招

在親戚朋友的介紹下也走上了自以為唸經超渡的道路
因為我不唸經的所以對經的暸解只有經、咒兩種
當時常會在宿舍唸一種經和兩種咒單純的以為能與附近的鬼魂們和平過日子
誰知整體而言是越唸越糟並沒有好轉的跡象
到最後當師傅來看我時只說了一句：「連廁所都站滿了。」

但其中有一種咒語是有效果的
就是六字大明咒也是唯一我到目前還會使用的人間所相傳的咒語
因為我學的是梵語版因此不確定其他語系的版本是否有同樣的效果

就我對此咒的瞭解
它能引來光明的力量導正失𧗾的磁場重點是能讓鬼魂放棄攻擊的念頭
記得當時只要持此咒房間裡的鬼魂便會退後約10公尺的距離
不過只要停下來鬼魂們就會找機會又飄回來

雖然在此分享了一個對我可行的做法
但不能保證所有的人使用後都能有同樣的效果
因此還是語重心長地跟大家說：「沒事不要亂唸經，一句都不要。」",pic\506689932826107.jpg
8,2015/11/15 08:44:48,【鬼扣應篇】,"【鬼扣應篇】
今天和朋友到國小工作
沒想到在下午四點左右看到身穿紅衣的鬼女孩

祂靜靜地從電梯中浮出來
默默的站在川堂看著經過的小朋友
一眨眼間祂不見了
好奇的我走向電梯

一進電梯我完全看呆了
電梯中的三面鏡子裡都沒有我的樣子
就在我慢慢的轉頭巡視到第三面鏡子的時候
紅衣鬼女孩竟然出現在鏡中
她穿著褪色的紅色套裝戴著帽子妝著死白的臉色
面無表情的在鏡子裡反射我的動作

突然間電梯的門關上了
停在一樓的電梯快速的向下墜落
壓迫的氛圍充斥在電梯裡
而電梯像是墜落地獄般的快速移動著
我扶著電梯的牆面，喃喃說道：「!@#$%^&*……」

就在一團金光罩滿我的身體之後
電梯漸漸地慢了下來停在原本的一樓
門開了
我走出電梯頭也不回的離開",pic\505120029649764.jpg
7,2015/11/15 03:16:18,【鬼扣應篇】,"【鬼扣應篇】
大部分的人是幾歲時知道鬼的呢？
我大概是在五歳左右懂的吧

約莫在民國80年
那時住在記憶裡的第一個家
百業興盛之下每天父母都忙的不可開交
而夜晚房子裡則默默的充斥著什麼

忙碌的工作使得大人們很少有失眠的問題
且規律的生活一直是家長的要求
但對精力充沛的孩子來說就沒這麼好入睡了
每睌10:00左右固定會傳來鄰居的練琴聲
而且練完琴後一定要將房裡的桌椅全部拖過一趟
實在很難理解這樣的邏輯性和必要性
直到幾年後與鄰居ㄧ同烘衣服時才聽說
鄰居：「我兒子跟女兒都寄戶口去唸仁愛國小，每晚21:30ㄧ定準時上床，怎麼可能練琴練這麼晚呢？！」

當父母入睡漸漸地拉長呼吸的頻率
就會聽見有人打開冰箱或是大同電鍋鍋蓋的聲音
因為我就睡在門邊所以常伸出頭往外看
但從未看見冰箱裡的照明燈亮起

早期的電燈常有延遲點亮的狀況
所以我並不喜歡等電燈亮
反而是每次都摸黑從黑壓壓的房間裡
抓住心愛的玩具奮力的奔向明亮的客廳
但起跑前的那句心裡話卻是⋯
我：「如果有鬼就來追我啊。」

長大後當我與祂們聯絡上時
才知道有三個泥淖鬼和我住在同一個房間裡
而目前祂們仍靜靜地站在當年玩具箱旁的那個位置",
6,2015/11/07 15:29:29,【鬼扣應篇】,"【鬼扣應篇】
晚上和師父一起開車出門
誰知道好好的路卻越開越黑
遠遠的那頭雖然透著些許的光線
但還是無法駛離黑暗的籠罩

而師父則是不時的叫我左轉、右轉
一點也不能體會師父的方向感
突然師父把我放進他的眼珠裡
一步步地告訴我這要右轉
再來下個路口左𨍭

最終我們從某公寓的一樓走了出來
看著門外的豔陽高照
再一步我們就要離開

突然有個鬼從我們身後的樓梯裡浮了出來並叫住了我們
鬼說：「剛的黑魔法是我用的，!@#$%^&*……」
不是我不認真聽祂說話
是祂特別選用我聽不到的頻道
開始跟師父大聊特聊
結果師父竟然答應渡祂回本位
師父對鬼說：「54732天後，將有人來此帶祢。」
鬼高興的還是跳不起來
因為身穿白袍的鬼好像沒有「跳」這個動作

師父話說完轉身就想離開
我則認為此鬼不應使用黑魔法引我們至此
我向鬼說：「等一等，既然祢都要回歸本位了，那黑魔法就不需要了吧。」
因為修練已久的黑魔法即將不保
鬼愣了一下但還是接受了
我轉動劍指說道：「頭、手、腳五端封咒。」",
5,2015/10/25 07:56:52,【神來也篇】,"【神來也篇】
下午和朋友走進一條從未走過的巷道
短短的路程就有三間廟宇

第一間廟宇在門口安了八尊神像
像是法師的先生在門口手持清香和一大把葉子正在作法
只是神像無神也只有他自己在壇前作法
第二間廟假日公休一天
第三間廟拜的是媽祖娘娘
特別的是媽祖像和仕女像都是石刻而成
感覺歷史非常悠久
但媽祖娘娘竟然疲憊的轉脖子像是在放鬆筋骨
因為金身是石頭做的因此發出巨大的聲響
我問媽祖說：「媽祖娘娘您累了嗎？」
媽祖娘娘馬上把頭轉正並以沉默回應我的問題

突然我轉頭看見後面有位太太
她帶著一絲絲的竊笑像我這走來
我問她說：「妳也看出來了嗎？」
她微笑著稍稍的點點頭
因為好久沒遇到看得懂的人了
所以真的有種相逢何必曾相識的感覺
我熱情的問她說：「怎麼稱呼您？」
她猶豫了一下回答我說：「仙姑。」
我開心地向她說：「我們認識一下加個LINE吧。」
仙姑表示說：「自從我大難不死後，就開啟我的另一個人生。我來自南部的玉玄，
通常由元帥代替祂執行任務。」

祂是一位身穿道袍騎著像獅子又像狗的老神仙",
4,2015/10/11 09:46:02,【鬼扣應篇】,"【鬼扣應篇】
應該大部分的人都不想遇到鬼
當然也不希望最親的人遇上

所以從小家中的長輩就要我們背咒語
聽長輩說見鬼時只要唸此咒鬼魂便會速速離去
而且此咒還有白天黑夜之分
白天的咒語只有幾句 
黑夜的咒語則有十來句

慢慢懂事後我與鬼的接觸越見頻繁
但卻每次都被嚇的來不及唸出咒語
直到有一次原本一個人走在路上
誰知鬼突然浮現出來還走在我前面
這次我總算順利的唸出了咒語：「!@#$%^&*⋯⋯」
鬼停下腳步緩緩的轉身說道：「別唸了，沒用的。」

年紀還小的我驚恐地站在原地
而祂轉過身去消失了
從此之後我就再也沒對鬼唸過這段咒語了",
3,2015/09/29 07:02:58,【鬼扣應篇】,"【鬼扣應篇】
下午在家裡看電視
雖然有100多個頻道但還是沒轉到吸引我的節目
就在轉到一個民俗採訪節目後

這間廟宇會在農曆七月一日的前一晚
舉行迎接好兄弟們來到人間的開鬼門儀式
因為時值深夜內容又有點陰森
所以廟方特別交代女性、小孩或是八字輕者不得參加
就在時辰將至的時刻
法師身穿道服口唸咒語手持寶劍腳踩步伐開始做法
全場屏息以待依循儀軌而行
我心想說：「法師先生你沒看到嗎？從廟堂到廟埕已經全都是鬼了，等一下門開了鬼還出的來嗎？」
就在即將要開鬼門的時刻
進廣告！

後來就沒有再轉回來看開鬼門了
單純的認為鬼門幾點要開應該不是一般人需要去管的",
2,2015/09/28 14:48:57,【鬼扣應篇】,"【鬼扣應篇】
那天到茶行想買個新茶壺送給爸爸
左挑右選的看了好幾支
但…突然看到…這是…
我：「老闆怎麼有這個？！（指→小棺材）」
老闆：「有這個不會怎麼樣啊。」
不以為意的買了支老闆養過亮晶晶的茶壺
老闆人很親切包裝前還要我再次確認茶壺是完好的

幾天後的假日興奮地打開茶壺
立刻用熱水將茶壺沖洗了一遍
疑？！這壺嘴雖短但應該不至於堵塞不順吧？？
雖然有點困惑但好像也只能先這樣
早上好像太早起了感覺有些愛睏
將茶壺放在桌上後就去睡了

夢裡的我問鬼說：「你們倆是誰？」
祂們面無表情地坐在家裡的餐桌上
看著滿桌的菜餚像是要跟我一起吃飯

夢裡的鬼問我說：「你這拜的是什麼啊？」
夢裡的我告訴祂說：「這是在幫人祈福用的……!@#$%^&*……」
夢境中爸爸接著說：「這茶壺堵塞ㄟ，要好好洗洗。」
從茶壺中洗出了3個臉盆的黑水
每顆汙垢都有米粒這麼大

媽媽煮好飯後叫醒了我
還沒睡醒的我走到客廳坐在椅子上發呆
看到茶壺靜靜的放在午餐的菜餚旁
突然有種不祥的預感
我將茶壺帶至菩薩面前說：「菩薩請祂們離開吧。」
之後茶壺的水流變順暢了
完全沒有堵塞的狀況

第一次遇見躲在茶壺裡跟著我回家的鬼
第一次遇到疑似養小鬼的店家
總之下次應該不會去這間茶行消費了",
1,2015/09/26 01:57:48,【神來也篇】,"【神來也篇】
早上要上課所以匆匆忙忙地騎車出了門
但才到巷口我就傻眼了
怎麼會有人在早上八點繞境
只有兩線的雙向車道頓時熱鬧無比

縱使完全發揮在地人鑽巷弄的實力
但東繞西繞後還是在最後一個紅綠燈相遇了
只好和繞境隊伍一起享受漫長的九十秒日光浴

身旁正好停著一頂神轎
從小小的窗戶中看不出裡面坐的是何方神聖
突然很想知道神轎內的狀況
我問說：「祢在嗎？〈結果確認沒人坐在裏面〉」
此時在遠方的天空上有人正飛快的移動著
大約五秒的時間
祂說：「我到了，有事嗎？」
我回答祂：「嗯…沒事。」

我完全沒有要請祢來的意思
尷尬的氣氛持續到綠燈亮了之後
我不顧一切的飛奔向捷運站",